seed,scenario,defender,quality,leakage,severe,degraded,sla_miss,benchmark,repairs
42,benign,Sentinel,1.0,0.0,0.0,0.0,0.0,1.0,500.0
42,benign,Sentinel-final,1.0,0.0,0.0,0.0,0.0,1.0,500.0
42,benign,PPO-NoShield (Sentinel),1.0,0.0,0.0,0.0,0.0,1.0,0.0
42,benign,ShieldOnly,1.0,0.0,0.0,0.0,0.0,1.0,468.25
42,benign,Static,1.0,0.0,0.0,0.0,0.0,1.0,0.0
42,benign,Adaptive,1.0,0.0,0.0,0.0,0.0,1.0,0.0
42,benign,Random,0.981885906657342,0.0,0.0,0.0,25.750000000000007,0.981885906657342,0.0
42,benign,span,1.0,0.0,0.0,0.0,0.0,1.0,500.0
42,benign,span-final,1.0,0.0,0.0,0.0,0.0,1.0,500.0
42,benign,span_cgrpo,1.0,0.0,0.0,0.0,0.0,1.0,500.0
42,benign,span_cgrpo-final,1.0,0.0,0.0,0.0,0.0,1.0,500.0
42,benign,span_nosafe,1.0,0.0,0.0,0.0,0.0,1.0,500.0
42,benign,span_nosafe-final,1.0,0.0,0.0,0.0,0.0,1.0,500.0
42,benign,span_entropy,1.0,0.0,0.0,0.0,0.0,1.0,500.0
42,benign,span_entropy-final,1.0,0.0,0.0,0.0,0.0,1.0,500.0
42,benign,nscsd,1.0,0.0,0.0,0.0,0.0,1.0,500.0
42,benign,nscsd-final,1.0,0.0,0.0,0.0,0.0,1.0,500.0
42,benign,nscsd-tree,1.0,0.0,0.0,0.0,0.0,1.0,0.0
42,benign,ppo,1.0,0.0,0.0,0.0,0.0,1.0,500.0
42,benign,ppo-final,1.0,0.0,0.0,0.0,0.0,1.0,500.0
42,mild,Sentinel,0.9913612040841188,0.9870270083099756,0.0,0.0,0.0,0.004334195774143,320.25
42,mild,Sentinel-final,0.984337404581502,0.9907302690009306,0.0,0.0,0.0,-0.0063928644194287,320.25
42,mild,PPO-NoShield (Sentinel),0.9904416355996736,0.9858045624865353,0.0,0.0,0.0,0.0046370731131385,0.0
42,mild,ShieldOnly,0.9710962229043096,0.9777716817537392,0.25,16.750000000000004,54.25,-0.0153004588494294,322.0
42,mild,Static,1.0,1.0,0.0,0.0,0.0,0.0,0.0
42,mild,Adaptive,0.9993491233705966,0.9991513011206414,0.0,0.0,1.0,0.0001978222499551,0.0
42,mild,Random,0.9353052972140552,0.9624519142189528,1.25,41.50000000000001,124.0,-0.0491466170048974,0.0
42,mild,span,0.9772017461888528,0.9384641432039622,0.0,0.0,3.0,0.0387376029848907,252.5
42,mild,span-final,0.9778011207881564,0.940339482799256,0.0,0.0,2.25,0.0374616379889003,252.5
42,mild,span_cgrpo,0.9646884757772638,0.9075959212051424,0.0,0.0,22.750000000000004,0.0570925545721214,197.75
42,mild,span_cgrpo-final,0.9646884757772638,0.9075959212051424,0.0,0.0,22.750000000000004,0.0570925545721214,197.75
42,mild,span_nosafe,0.964255077124389,0.91893341410196,0.0,0.0,55.75,0.0453216630224289,297.0
42,mild,span_nosafe-final,0.964255077124389,0.91893341410196,0.0,0.0,55.75,0.0453216630224289,297.0
42,mild,span_entropy,0.9692996933461492,0.9325823646872176,0.0,0.0,39.5,0.0367173286589315,328.75
42,mild,span_entropy-final,0.9692996933461492,0.9325823646872176,0.0,0.0,39.5,0.0367173286589315,328.75
42,mild,nscsd,0.9688349251711278,0.9262554611822984,0.0,0.0,17.0,0.0425794639888295,248.0
42,mild,nscsd-final,0.958097800584978,0.9005346781265662,0.0,0.0,40.25,0.0575631224584118,177.0
42,mild,nscsd-tree,0.9687860081650348,0.9257118821576004,0.0,0.0,17.0,0.0430741260074345,8.75
42,mild,ppo,0.993461845187012,0.987143552576128,0.0,0.0,0.0,0.0063182926108839,350.75
42,mild,ppo-final,0.9979460393433944,0.9963356969182544,0.0,0.0,0.0,0.0016103424251399,350.0
42,strong,Sentinel,0.509438140185709,0.7602069105703861,161.75,500.0,500.0,-0.6625187703846771,5.0
42,strong,Sentinel-final,0.4646974647230503,0.9341607818428826,479.5,500.0,500.0,-1.1989633171198322,5.0
42,strong,PPO-NoShield (Sentinel),0.5089808504696854,0.7586728468408325,164.50000000000003,500.0,500.0,-0.6641919963711471,0.0
42,strong,ShieldOnly,0.4878676549124541,0.8681140733589243,241.00000000000003,500.0,500.0,-0.8712464184464702,79.75
42,strong,Static,0.5222332935382059,0.8716266862566892,61.0,500.0,500.0,-0.6603933927184833,0.0
42,strong,Adaptive,0.5488149463023675,0.9747265670414788,4.000000000000001,500.0,500.0,-0.6799116207391114,0.0
42,strong,Random,0.482456664226112,0.8962931677651499,268.5,500.0,500.0,-0.932336503539038,0.0
42,strong,span,0.5218103805739932,0.8122626563693723,10.25,500.0,500.0,-0.5507022757953791,5.0
42,strong,span-final,0.5224525785714151,0.8134681896804521,10.75,500.0,500.0,-0.551765611109037,5.0
42,strong,span_cgrpo,0.5177624340280012,0.7833373758001098,23.750000000000004,500.0,500.0,-0.5393249417721087,5.0
42,strong,span_cgrpo-final,0.5177624340280012,0.7833373758001098,23.750000000000004,500.0,500.0,-0.5393249417721087,5.0
42,strong,span_nosafe,0.5149146073841359,0.7660831724948695,48.5,500.0,500.0,-0.5496685651107336,5.0
42,strong,span_nosafe-final,0.5149146073841359,0.7660831724948695,48.5,500.0,500.0,-0.5496685651107336,5.0
42,strong,span_entropy,0.5113820957623392,0.7410814364639451,83.49999999999999,500.0,500.0,-0.5631993407016059,5.0
42,strong,span_entropy-final,0.5113820957623392,0.7410814364639451,83.49999999999999,500.0,500.0,-0.5631993407016059,5.0
42,strong,nscsd,0.5030383876682184,0.7251093009928116,207.75000000000003,500.0,500.0,-0.6798209133245932,5.25
42,strong,nscsd-final,0.4974710369409471,0.6979316189985744,250.5,500.0,500.0,-0.7009605820576272,7.5
42,strong,nscsd-tree,0.5029991932487117,0.7252076790008939,208.00000000000003,500.0,500.0,-0.6802084857521822,0.25
42,strong,ppo,0.5185551542838198,0.8357364102109569,36.75000000000001,500.0,500.0,-0.603931255927137,174.75
42,strong,ppo-final,0.5133467529812437,0.8122577590158286,115.25,500.0,500.0,-0.664161006034585,174.75
42,chaos,Sentinel,0.837427326907928,0.8663044372645057,19.250000000000004,166.0,228.25,-0.1311271103565777,194.25
42,chaos,Sentinel-final,0.8086567702770637,0.9620015857385754,54.25,179.25000000000003,261.0,-0.2972198154615116,187.0
42,chaos,PPO-NoShield (Sentinel),0.8359272409674035,0.8624810103199211,19.500000000000004,167.5,229.25,-0.1298037693525176,0.0
42,chaos,ShieldOnly,0.8191936497714185,0.9256057441258652,39.50000000000001,183.5,244.75,-0.2376620943544467,227.0
42,chaos,Static,0.8512616298725743,0.9434163637797665,9.250000000000004,160.25,221.0,-0.1815297339071921,0.0
42,chaos,Adaptive,0.8625742565908942,0.9811254386477244,10.0,153.75,211.0,-0.2054261820568301,0.0
42,chaos,Random,0.7945055260312095,0.9294691241135384,43.75,204.00000000000003,284.25,-0.2807135980823291,0.0
42,chaos,span,0.8375816681439948,0.8590192733405659,12.750000000000002,161.75,231.25,-0.1150626051965711,172.5
42,chaos,span-final,0.8373132038117737,0.8568208398518447,12.750000000000002,163.49999999999997,234.5,-0.1140076360400709,172.5
42,chaos,span_cgrpo,0.8308157377106111,0.8234295719264668,16.000000000000004,162.50000000000003,241.5,-0.0898638342158557,153.25
42,chaos,span_cgrpo-final,0.8308157377106111,0.8234295719264668,16.000000000000004,162.50000000000003,241.5,-0.0898638342158557,153.25
42,chaos,span_nosafe,0.8282764908459551,0.8166574974533635,18.75,170.24999999999997,250.0,-0.0922560066074083,187.0
42,chaos,span_nosafe-final,0.8282764908459551,0.8166574974533635,18.75,170.24999999999997,250.0,-0.0922560066074083,187.0
42,chaos,span_entropy,0.8272544506355928,0.8102463846826156,22.000000000000004,169.75,252.25,-0.0898669340470228,191.0
42,chaos,span_entropy-final,0.8272544506355928,0.8102463846826156,22.000000000000004,169.75,252.25,-0.0898669340470228,191.0
42,chaos,nscsd,0.8234795927382619,0.8094068621406907,27.750000000000004,181.50000000000003,233.75,-0.1044272694024288,170.25
42,chaos,nscsd-final,0.8162584747676049,0.7773642137668183,32.50000000000001,188.0,241.25,-0.0876057389992133,140.5
42,chaos,nscsd-tree,0.8234341748871534,0.8095945555695486,27.250000000000004,181.25000000000003,233.75,-0.1040353806823952,2.25
42,chaos,ppo,0.8426464286858957,0.9044019510751924,11.75,162.75,226.75,-0.1548805223892968,296.5
42,chaos,ppo-final,0.8432526708010648,0.9008787122371053,12.499999999999998,163.25,225.75,-0.1517510414360403,296.25
42,icmp,Sentinel,0.5214935958184639,0.6737217596903564,41.5,500.0,500.0,-0.4437281638718925,500.0
42,icmp,Sentinel-final,0.5206438782141815,0.6672362895001095,51.00000000000001,500.0,500.0,-0.447592411285928,500.0
42,icmp,PPO-NoShield (Sentinel),0.4558486973366975,0.9958804666000036,493.7499999999998,500.0,500.0,-1.2837817692633058,0.0
42,icmp,ShieldOnly,0.5019268687885053,0.680024907629478,170.99999999999997,500.0,500.0,-0.5990980388409726,444.0
42,icmp,Static,0.53597356400518,0.8113784662020903,0.0,500.0,500.0,-0.5254049021969103,0.0
42,icmp,Adaptive,0.5518911229651475,0.9626278963954484,0.75,500.0,500.0,-0.6614867734303007,0.0
42,icmp,Random,0.4784912900158503,0.9166934786197628,263.49999999999994,500.0,500.0,-0.9517021886039124,0.0
42,icmp,span,0.5230387784967785,0.6868290555952634,22.75,500.0,500.0,-0.4365402770984849,500.0
42,icmp,span-final,0.520448223158588,0.6618445598347246,50.24999999999999,500.0,500.0,-0.4416463366761366,484.25
42,icmp,span_cgrpo,0.5302335730509287,0.7569536998578899,0.25,500.0,500.0,-0.4769701268069611,500.0
42,icmp,span_cgrpo-final,0.5302335730509287,0.7569536998578899,0.25,500.0,500.0,-0.4769701268069611,500.0
42,icmp,span_nosafe,0.5284028121362243,0.7403347817312687,1.25,500.0,500.0,-0.4631819695950443,500.0
42,icmp,span_nosafe-final,0.5284028121362243,0.7403347817312687,1.25,500.0,500.0,-0.4631819695950443,500.0
42,icmp,span_entropy,0.5256065364561803,0.7126098474529049,7.5,500.0,500.0,-0.4445033109967246,500.0
42,icmp,span_entropy-final,0.5256065364561803,0.7126098474529049,7.5,500.0,500.0,-0.4445033109967246,500.0
42,icmp,nscsd,0.5180780242782534,0.6438888518652962,79.75,500.0,500.0,-0.4555608275870427,489.5
42,icmp,nscsd-final,0.5133888946974838,0.6008042914903559,129.0,500.0,500.0,-0.466415396792872,15.0
42,icmp,nscsd-tree,0.517039198647801,0.6338343579509024,91.0,500.0,500.0,-0.4577951593031013,495.0
42,icmp,ppo,0.5301094820732961,0.7572966279604316,0.25,500.0,500.0,-0.4774371458871355,500.0
42,icmp,ppo-final,0.5246915879467497,0.7057409772154448,9.25,500.0,500.0,-0.440299389268695,500.0
42,pulse,Sentinel,0.7567889385437782,0.8192396623887157,85.0,250.0,250.0,-0.2724507238449375,252.25
42,pulse,Sentinel-final,0.7415772373699647,0.9337159373769268,194.5,250.0,250.0,-0.5116387000069622,252.25
42,pulse,PPO-NoShield (Sentinel),0.7516881373285539,0.7903124335497745,111.25,250.0,250.0,-0.2748742962212206,0.0
42,pulse,ShieldOnly,0.7463660105935972,0.9001578124174628,103.75,250.0,251.75,-0.3825418018238656,264.25
42,pulse,Static,0.7589185841344943,0.8929578529905067,53.49999999999999,250.0,250.0,-0.3125392688560123,0.0
42,pulse,Adaptive,0.7565941174089004,0.8773634590517915,89.25000000000001,250.0,250.0,-0.3350193416428911,0.0
42,pulse,Random,0.7322751081336476,0.8969722581151041,129.25000000000003,250.0,264.24999999999994,-0.4189471499814565,0.0
42,pulse,span,0.7629168720191974,0.865947375223145,9.250000000000002,250.0,250.0,-0.2372805032039475,252.25
42,pulse,span-final,0.7632965073949676,0.8687525839897592,12.750000000000002,250.0,250.0,-0.2432060765947916,252.25
42,pulse,span_cgrpo,0.7616965391848308,0.8484637461389175,20.5,250.0,250.0,-0.2322672069540867,252.25
42,pulse,span_cgrpo-final,0.7616965391848308,0.8484637461389175,20.5,250.0,250.0,-0.2322672069540867,252.25
42,pulse,span_nosafe,0.7589212341310531,0.8303467255303296,43.00000000000001,250.0,250.0,-0.2394254913992765,252.25
42,pulse,span_nosafe-final,0.7589212341310531,0.8303467255303296,43.00000000000001,250.0,250.0,-0.2394254913992765,252.25
42,pulse,span_entropy,0.7589314521913817,0.8261085361117899,49.74999999999999,250.0,250.0,-0.2419270839204082,252.25
42,pulse,span_entropy-final,0.7589314521913817,0.8261085361117899,49.74999999999999,250.0,250.0,-0.2419270839204082,252.25
42,pulse,nscsd,0.7543669157600407,0.7960981985084079,111.0,250.0,250.0,-0.2777312827483672,252.25
42,pulse,nscsd-final,0.7520799809278382,0.7756461968794144,126.25,250.0,250.0,-0.2748162159515761,252.25
42,pulse,nscsd-tree,0.7543573934557852,0.7961677383719492,111.25,250.0,250.0,-0.278060344916164,0.0
42,pulse,ppo,0.7606996904344591,0.8761085509221666,19.25,250.0,250.0,-0.2596588604877075,299.25
42,pulse,ppo-final,0.7584958133916431,0.8594922606568858,53.50000000000001,250.0,250.0,-0.2794964472652427,299.25
42,polymorph,Sentinel,0.6431860190244361,0.8680830519903717,31.750000000000007,396.0,498.0,-0.4546470329659356,5.0
42,polymorph,Sentinel-final,0.6118460421793989,0.94520711755905,86.25,429.0000000000001,500.0,-0.6341110753796513,5.0
42,polymorph,PPO-NoShield (Sentinel),0.6425726495381372,0.8671310419312622,32.00000000000001,396.75000000000006,498.0,-0.4549333923931251,0.0
42,polymorph,ShieldOnly,0.6241177894445109,0.9181333227839036,82.75000000000001,405.7500000000001,489.50000000000006,-0.5796405333393926,69.5
42,polymorph,Static,0.6731189960872935,0.9356500270165252,3.5000000000000004,364.25,486.75,-0.4481560309292317,0.0
42,polymorph,Adaptive,0.7069049409154259,0.9877242168659592,1.0,327.00000000000006,468.7499999999999,-0.4453192759505335,0.0
42,polymorph,Random,0.6220061959786042,0.9259213792211388,85.5,402.75,493.2499999999999,-0.5907901832425347,0.0
42,polymorph,span,0.662098378163831,0.900860069653718,11.750000000000002,377.50000000000006,494.5,-0.4392616914898869,5.0
42,polymorph,span-final,0.6625749667316048,0.9016495481928756,12.25,376.0,494.7499999999999,-0.4393245814612709,5.0
42,polymorph,span_cgrpo,0.6509957606014026,0.8784335678485427,16.500000000000004,388.75,497.75,-0.43831280724714,5.0
42,polymorph,span_cgrpo-final,0.6509957606014026,0.8784335678485427,16.500000000000004,388.75,497.75,-0.43831280724714,5.0
42,polymorph,span_nosafe,0.6441615797492343,0.8671808232452927,22.000000000000004,396.5,498.5,-0.4432692434960584,5.0
42,polymorph,span_nosafe-final,0.6441615797492343,0.8671808232452927,22.000000000000004,396.5,498.5,-0.4432692434960584,5.0
42,polymorph,span_entropy,0.6378516736566605,0.8542217981486525,27.250000000000007,402.0,499.25,-0.444620124491992,5.0
42,polymorph,span_entropy-final,0.6378516736566605,0.8542217981486525,27.250000000000007,402.0,499.25,-0.444620124491992,5.0
42,polymorph,nscsd,0.6245153459110139,0.8355113860095026,51.00000000000001,419.00000000000006,500.0,-0.4714960400984887,5.0
42,polymorph,nscsd-final,0.6146998835788755,0.8176384879964234,72.75000000000001,427.75,500.0,-0.4895636044175478,5.0
42,polymorph,nscsd-tree,0.6246635697503066,0.8358552477522799,50.75,418.75,500.0,-0.4713166780019734,0.0
42,polymorph,ppo,0.6584612941432486,0.909527846708704,6.750000000000001,382.25000000000006,497.2499999999999,-0.4489415525654554,119.75
42,polymorph,ppo-final,0.6539673584447441,0.9015949944889085,19.000000000000004,385.25000000000006,496.4999999999999,-0.4592526360441643,119.75
42,boundary,Sentinel,0.9110695437028824,0.8738664549607374,0.0,0.5,176.75,0.036953088742145,5.0
42,boundary,Sentinel-final,0.8649039685759352,0.961745788160434,0.0,56.25,311.75,-0.1249668195844987,5.0
42,boundary,PPO-NoShield (Sentinel),0.9106013796182691,0.8729004527367158,0.0,0.5,177.25,0.0374509268815534,0.0
42,boundary,ShieldOnly,0.8755809860652543,0.9181218891624722,3.5000000000000004,67.75,250.0,-0.0799159030972179,64.5
42,boundary,Static,0.9453920159171698,0.9623354474889648,0.0,0.0,133.74999999999997,-0.0169434315717948,0.0
42,boundary,Adaptive,0.9593099100290852,0.9942608930406308,0.0,0.0,99.25,-0.0349509830115455,0.0
42,boundary,Random,0.8675640295168554,0.9267033686843033,3.2500000000000004,79.49999999999999,267.49999999999994,-0.1021393391674477,0.0
42,boundary,span,0.9021266075583826,0.8184216551576758,0.0,0.25,208.00000000000003,0.0835799524007067,6.75
42,boundary,span-final,0.9002120000371256,0.8132529664670469,0.0,0.25,225.75,0.0868340335700787,7.0
42,boundary,span_cgrpo,0.8913979538902648,0.7802879721058162,0.0,1.7499999999999998,275.5,0.1102349817844485,6.75
42,boundary,span_cgrpo-final,0.8913979538902648,0.7802879721058162,0.0,1.7499999999999998,275.5,0.1102349817844485,6.75
42,boundary,span_nosafe,0.8808851910000864,0.7622367537986988,0.0,2.5,327.0,0.1173984372013876,9.75
42,boundary,span_nosafe-final,0.8808851910000864,0.7622367537986988,0.0,2.5,327.0,0.1173984372013876,9.75
42,boundary,span_entropy,0.8817340278392278,0.762391450031763,0.0,3.0,323.75,0.1178425778074648,9.25
42,boundary,span_entropy-final,0.8817340278392278,0.762391450031763,0.0,3.0,323.75,0.1178425778074648,9.25
42,boundary,nscsd,0.8885758055134503,0.7798068545025238,0.0,5.500000000000001,255.5,0.1060189510109264,7.0
42,boundary,nscsd-final,0.8787924663192717,0.7545290584256563,0.0,10.0,284.5,0.1192634078936153,9.75
42,boundary,nscsd-tree,0.8887344760870572,0.7799265137013024,0.0,5.500000000000001,258.25000000000006,0.1060579623857548,2.0
42,boundary,ppo,0.9219695730516098,0.9036171452452526,0.0,0.0,152.5,0.0183524278063571,109.25
42,boundary,ppo-final,0.9256703749933968,0.9127003401738576,0.0,0.0,150.99999999999997,0.012970034819539,109.25
42,icmp_chaos,Sentinel,0.6969870309361048,0.7621839334819038,22.750000000000004,332.24999999999994,435.0,-0.254071902545799,243.75
42,icmp_chaos,Sentinel-final,0.6714032827041506,0.8401328339579388,31.750000000000007,359.50000000000006,441.0,-0.3802295512537882,236.0
42,icmp_chaos,PPO-NoShield (Sentinel),0.6695492040309666,0.8804063875325371,50.75,366.25,440.75,-0.4447321835015705,0.0
42,icmp_chaos,ShieldOnly,0.6734675868378457,0.8151263496527248,61.5,351.0,439.00000000000006,-0.3786587628148791,249.25
42,icmp_chaos,Static,0.713696168466348,0.8900783734172764,19.250000000000004,317.5,428.00000000000006,-0.3543822049509283,0.0
42,icmp_chaos,Adaptive,0.7330377588341304,0.9755316331838546,18.500000000000004,297.5,421.5,-0.4097438743497242,0.0
42,icmp_chaos,Random,0.6548219545423613,0.9085283420276448,80.99999999999999,365.75,439.5,-0.5175813874852834,0.0
42,icmp_chaos,span,0.7049379070453129,0.7953271052733516,21.5,326.25000000000006,433.75,-0.2750141982280387,236.75
42,icmp_chaos,span-final,0.7040399139618251,0.7856070094412926,21.750000000000004,326.99999999999994,434.5,-0.2668170954794674,227.0
42,icmp_chaos,span_cgrpo,0.7043318415095506,0.807040424578213,22.500000000000004,336.0,433.5,-0.2932085830686624,243.25
42,icmp_chaos,span_cgrpo-final,0.7043318415095506,0.807040424578213,22.500000000000004,336.0,433.5,-0.2932085830686624,243.25
42,icmp_chaos,span_nosafe,0.7009603564400652,0.7944578507342542,23.000000000000004,341.25,434.25,-0.287122494294189,244.0
42,icmp_chaos,span_nosafe-final,0.7009603564400652,0.7944578507342542,23.000000000000004,341.25,434.25,-0.287122494294189,244.0
42,icmp_chaos,span_entropy,0.6974217430722538,0.7732136789797808,23.25,346.75,434.5,-0.2724169359075269,243.75
42,icmp_chaos,span_entropy-final,0.6974217430722538,0.7732136789797808,23.25,346.75,434.5,-0.2724169359075269,243.75
42,icmp_chaos,nscsd,0.6870447278128344,0.715527075275719,24.5,349.5,437.75,-0.2277323474628845,232.0
42,icmp_chaos,nscsd-final,0.6812806272264404,0.6843202848571555,26.500000000000004,355.49999999999994,439.75,-0.2072896576307149,61.25
42,icmp_chaos,nscsd-tree,0.6865420929406002,0.7120806166641835,24.75,350.25,438.5,-0.2254135237235833,189.0
42,icmp_chaos,ppo,0.7047732441715382,0.830981139706161,21.750000000000004,323.5,434.5,-0.3097078955346228,303.25
42,icmp_chaos,ppo-final,0.7010519076461958,0.8048631541177371,21.5,325.5,435.0,-0.2880612464715413,303.25
43,benign,Sentinel,1.0,0.0,0.0,0.0,0.0,1.0,500.0
43,benign,Sentinel-final,1.0,0.0,0.0,0.0,0.0,1.0,500.0
43,benign,PPO-NoShield (Sentinel),1.0,0.0,0.0,0.0,0.0,1.0,0.0
43,benign,ShieldOnly,1.0,0.0,0.0,0.0,0.0,1.0,473.75
43,benign,Static,1.0,0.0,0.0,0.0,0.0,1.0,0.0
43,benign,Adaptive,1.0,0.0,0.0,0.0,0.0,1.0,0.0
43,benign,Random,0.980450050236515,0.0,0.0,0.0,26.500000000000004,0.980450050236515,0.0
43,benign,span,1.0,0.0,0.0,0.0,0.0,1.0,500.0
43,benign,span-final,1.0,0.0,0.0,0.0,0.0,1.0,500.0
43,benign,span_cgrpo,1.0,0.0,0.0,0.0,0.0,1.0,500.0
43,benign,span_cgrpo-final,1.0,0.0,0.0,0.0,0.0,1.0,500.0
43,benign,span_nosafe,1.0,0.0,0.0,0.0,0.0,1.0,500.0
43,benign,span_nosafe-final,1.0,0.0,0.0,0.0,0.0,1.0,500.0
43,benign,span_entropy,1.0,0.0,0.0,0.0,0.0,1.0,500.0
43,benign,span_entropy-final,1.0,0.0,0.0,0.0,0.0,1.0,500.0
43,benign,nscsd,1.0,0.0,0.0,0.0,0.0,1.0,500.0
43,benign,nscsd-final,1.0,0.0,0.0,0.0,0.0,1.0,500.0
43,benign,nscsd-tree,1.0,0.0,0.0,0.0,0.0,1.0,500.0
43,benign,ppo,1.0,0.0,0.0,0.0,0.0,1.0,500.0
43,benign,ppo-final,1.0,0.0,0.0,0.0,0.0,1.0,500.0
43,mild,Sentinel,0.995218950795206,0.9897760784536274,0.0,0.0,0.0,0.0054428723415785,366.0
43,mild,Sentinel-final,0.9962115195931378,0.9922432920461048,0.0,0.0,0.0,0.0039682275470329,366.0
43,mild,PPO-NoShield (Sentinel),0.9945665851042624,0.9880194639999836,0.0,0.0,0.0,0.0065471211042789,0.0
43,mild,ShieldOnly,0.9800763213821966,0.981712094824596,0.75,10.249999999999998,34.50000000000001,-0.0075107734423992,366.5
43,mild,Static,1.0,1.0,0.0,0.0,0.0,0.0,0.0
43,mild,Adaptive,0.9994465965260144,0.9983689768832936,0.0,0.0,0.25,0.001077619642721,0.0
43,mild,Random,0.9354090868114672,0.9647882663666116,2.0,44.25,121.24999999999996,-0.0535041795551442,0.0
43,mild,span,0.9857636882544428,0.948799224985456,0.0,0.0,1.5,0.0369644632689868,313.5
43,mild,span-final,0.981996824512881,0.9361998069446004,0.0,0.0,8.500000000000002,0.0457970175682806,314.5
43,mild,span_cgrpo,0.9695810746311808,0.9056492536263524,0.0,0.0,24.0,0.0639318210048284,250.25
43,mild,span_cgrpo-final,0.9695810746311808,0.9056492536263524,0.0,0.0,24.0,0.0639318210048284,250.25
43,mild,span_nosafe,0.9852906469898708,0.9533127294662194,0.0,0.0,10.0,0.0319779175236514,367.25
43,mild,span_nosafe-final,0.9802077356802532,0.935464670983596,0.0,0.0,25.750000000000004,0.0447430646966571,367.25
43,mild,span_entropy,0.9856122036711832,0.9541540666667184,0.0,0.0,9.25,0.0314581370044647,367.25
43,mild,span_entropy-final,0.978948288112073,0.9317466800114652,0.0,0.0,34.99999999999999,0.0472016081006079,367.25
43,mild,nscsd,0.9721212123003048,0.9084686505272692,0.0,0.0,20.5,0.0636525617730355,163.0
43,mild,nscsd-final,0.9645661754597936,0.8942363682887867,0.0,0.0,29.250000000000004,0.0703298071710067,163.75
43,mild,nscsd-tree,0.9723573377398032,0.9071328023215202,0.0,0.0,15.5,0.0652245354182831,161.5
43,mild,ppo,0.996344646581968,0.9904771683455598,0.0,0.0,0.0,0.005867478236408,415.25
43,mild,ppo-final,0.990802485780968,0.9767511706781598,0.0,0.0,0.0,0.0140513151028083,415.25
43,strong,Sentinel,0.5110285345415915,0.8713205132373061,170.99999999999997,500.0,500.0,-0.7812919786957147,5.0
43,strong,Sentinel-final,0.5124386597199366,0.8761663289707421,161.50000000000003,500.0,500.0,-0.7752276692508056,5.0
43,strong,PPO-NoShield (Sentinel),0.51069135491189,0.8701515248479164,172.5,500.0,500.0,-0.7819601699360264,0.0
43,strong,ShieldOnly,0.4889026957746838,0.8736012127811265,246.5,500.0,500.0,-0.8811985170064426,62.25
43,strong,Static,0.5181459197981588,0.8915226770725418,128.0,500.0,500.0,-0.751376757274383,0.0
43,strong,Adaptive,0.5484000999838501,0.9783115776130352,3.0,500.0,500.0,-0.682911477629185,0.0
43,strong,Random,0.4836350918842615,0.895303015510286,256.99999999999994,500.0,500.0,-0.9186679236260245,0.0
43,strong,span,0.5190430089280518,0.8000547969771439,48.25,500.0,500.0,-0.5792617880490921,5.0
43,strong,span-final,0.5124786937098718,0.770610107946438,122.75,500.0,500.0,-0.6308814142365662,5.0
43,strong,span_cgrpo,0.5155555065835706,0.8003978210859719,55.00000000000001,500.0,500.0,-0.5898423145024012,5.0
43,strong,span_cgrpo-final,0.5155555065835706,0.8003978210859719,55.00000000000001,500.0,500.0,-0.5898423145024012,5.0
43,strong,span_nosafe,0.5033298731477645,0.7582301781839561,219.00000000000003,500.0,500.0,-0.7239003050361916,5.0
43,strong,span_nosafe-final,0.4926677881218162,0.6759558367598266,266.9999999999999,500.0,500.0,-0.7002880486380103,5.0
43,strong,span_entropy,0.5059477142884043,0.7546988096915692,195.25,500.0,500.0,-0.6940010954031648,5.0
43,strong,span_entropy-final,0.4907237682209883,0.6644207947970115,264.25,500.0,500.0,-0.6879470265760232,38.5
43,strong,nscsd,0.4980501619379366,0.6850192180604917,229.75,500.0,500.0,-0.6667190561225551,7.0
43,strong,nscsd-final,0.4841853291701746,0.6374761129612129,333.5,500.0,500.0,-0.7367907837910384,8.0
43,strong,nscsd-tree,0.4978180327455324,0.685653741988379,234.75,500.0,500.0,-0.6725857092428466,5.0
43,strong,ppo,0.5206584178002285,0.8532787542824319,18.250000000000007,500.0,500.0,-0.6008703364822034,106.5
43,strong,ppo-final,0.5022143814660504,0.7751712899744356,236.0,500.0,500.0,-0.7589569085083853,106.5
43,chaos,Sentinel,0.8312565503781526,0.9168450067673156,12.25,184.25,251.0,-0.189963456389163,160.5
43,chaos,Sentinel-final,0.8332300180928172,0.9212956390020312,11.500000000000002,180.25,248.75000000000003,-0.1896906209092141,160.5
43,chaos,PPO-NoShield (Sentinel),0.8300005814323296,0.9131637333180392,12.5,184.75,253.25,-0.1880381518857095,0.0
43,chaos,ShieldOnly,0.8062064085841314,0.9210538901134854,28.750000000000004,206.00000000000003,278.25,-0.2465974815293539,201.25
43,chaos,Static,0.8447112580683687,0.9421455421838342,8.75,168.74999999999997,241.25000000000003,-0.1905592841154655,0.0
43,chaos,Adaptive,0.8570680711751233,0.9752146808950456,6.25,159.74999999999997,240.5,-0.2042716097199224,0.0
43,chaos,Random,0.7920364010114633,0.9252315823833502,39.5,210.75000000000009,299.50000000000006,-0.2780701813718869,0.0
43,chaos,span,0.8280563476503158,0.8682103891580317,10.75,176.25,260.49999999999994,-0.1390290415077159,155.75
43,chaos,span-final,0.8209974861556505,0.8466353736866971,13.750000000000002,180.5,272.5,-0.1296378875310465,156.5
43,chaos,span_cgrpo,0.8200273645714018,0.8557255912977222,12.5,178.49999999999997,284.50000000000006,-0.1374482267263203,159.75
43,chaos,span_cgrpo-final,0.8200273645714018,0.8557255912977222,12.5,178.49999999999997,284.50000000000006,-0.1374482267263203,159.75
43,chaos,span_nosafe,0.814929433873178,0.8456028283655599,17.0,187.5,276.7500000000001,-0.1414233944923819,169.5
43,chaos,span_nosafe-final,0.8013570889011297,0.7851265820168749,17.750000000000004,194.5,296.25,-0.0987694931157452,162.75
43,chaos,span_entropy,0.8169573902079842,0.8436881927343901,16.75,185.5,274.50000000000006,-0.1362308025264059,169.0
43,chaos,span_entropy-final,0.7985123587773724,0.7745188297170682,18.000000000000004,198.25,296.25,-0.0931314709396958,193.25
43,chaos,nscsd,0.8128620813832136,0.8030369748925569,12.0,190.0,275.0,-0.0971748935093432,129.25
43,chaos,nscsd-final,0.7958164621100179,0.7619248407926766,17.5,209.0,299.00000000000006,-0.0881083786826587,130.0
43,chaos,nscsd-tree,0.8129439366219329,0.8047739487619123,13.500000000000002,189.5,272.25,-0.1000800121399794,125.25
43,chaos,ppo,0.8359909906561868,0.920172390642396,11.000000000000002,174.0,246.0,-0.1821813999862093,248.5
43,chaos,ppo-final,0.8204119482902582,0.8732853332542911,16.75,186.0,262.50000000000006,-0.1626233849640329,249.75
43,icmp,Sentinel,0.5307579710699046,0.7534690667862705,0.5,500.0,500.0,-0.4732110957163658,500.0
43,icmp,Sentinel-final,0.5307587852037093,0.7534776156064114,0.5,500.0,500.0,-0.473218830402702,500.0
43,icmp,PPO-NoShield (Sentinel),0.5322897566026258,0.7686466140477828,0.0,500.0,500.0,-0.486356857445157,0.0
43,icmp,ShieldOnly,0.5043107740831307,0.6773045677200253,158.75,500.0,500.0,-0.5817437936368945,445.5
43,icmp,Static,0.5363360275372995,0.8087958757031537,0.0,500.0,500.0,-0.5224598481658542,0.0
43,icmp,Adaptive,0.5517546722210033,0.9620797333841932,1.0,500.0,500.0,-0.66132506116319,0.0
43,icmp,Random,0.4757055252833012,0.9154145655219124,274.75,500.0,500.0,-0.9644590402386112,0.0
43,icmp,span,0.522651096286033,0.6720094362374134,32.5,500.0,500.0,-0.4318583399513803,499.0
43,icmp,span-final,0.5216896104181441,0.6609691199226879,38.00000000000001,500.0,500.0,-0.4272795095045438,485.0
43,icmp,span_cgrpo,0.5304684418439888,0.7505071863363679,0.5,500.0,500.0,-0.4705387444923791,500.0
43,icmp,span_cgrpo-final,0.5304684418439888,0.7505071863363679,0.5,500.0,500.0,-0.4705387444923791,500.0
43,icmp,span_nosafe,0.522768272146328,0.6731810428909653,28.750000000000007,500.0,500.0,-0.4291627707446372,500.0
43,icmp,span_nosafe-final,0.5154232128572379,0.5992657363584637,108.75,500.0,500.0,-0.4425925235012258,5.0
43,icmp,span_entropy,0.5236705911982841,0.6821656877639822,19.75,500.0,500.0,-0.4282450965656981,500.0
43,icmp,span_entropy-final,0.5144434890654246,0.5881505366288458,119.0,500.0,500.0,-0.4427070475634211,117.0
43,icmp,nscsd,0.508563563184283,0.5323798471851743,188.0,500.0,500.0,-0.4618162840008913,6.0
43,icmp,nscsd-final,0.5069582738683234,0.5163033420357369,205.25000000000003,500.0,500.0,-0.4645950681674136,7.25
43,icmp,nscsd-tree,0.5073036230403107,0.5329369272342479,194.25,500.0,500.0,-0.4698833041939371,499.75
43,icmp,ppo,0.5306506248780313,0.7539586550029208,0.5,500.0,500.0,-0.4738080301248895,500.0
43,icmp,ppo-final,0.522324574373233,0.6695232478676023,34.5,500.0,500.0,-0.4316986734943693,500.0
43,pulse,Sentinel,0.7584102572543636,0.8948006565162613,68.75,250.0,250.0,-0.3301403992618976,252.5
43,pulse,Sentinel-final,0.7590005266090314,0.898662649578011,64.00000000000001,250.0,250.0,-0.3286621229689796,252.5
43,pulse,PPO-NoShield (Sentinel),0.7545531254891551,0.8740020638553464,87.50000000000001,250.0,250.0,-0.3319489383661913,0.0
43,pulse,ShieldOnly,0.7473614075821848,0.9010907548041514,99.0,250.0,254.0,-0.3777293472219665,264.0
43,pulse,Static,0.7584170039785427,0.894986585693171,68.5,250.0,250.0,-0.3300695817146283,0.0
43,pulse,Adaptive,0.755704279898389,0.8806249663030806,88.25000000000003,250.0,250.0,-0.3381706864046917,0.0
43,pulse,Random,0.7323152808280793,0.8897005709821059,133.0,250.0,263.99999999999994,-0.4153852901540266,0.0
43,pulse,span,0.7612223818205208,0.8275053393548353,27.000000000000004,250.0,250.0,-0.2182829575343144,252.5
43,pulse,span-final,0.7586812808843766,0.8048566810898359,51.25000000000001,250.0,250.0,-0.2224254002054593,252.5
43,pulse,span_cgrpo,0.759241724047665,0.8190929604951466,27.750000000000007,250.0,250.0,-0.2126012364474815,252.5
43,pulse,span_cgrpo-final,0.759241724047665,0.8190929604951466,27.750000000000007,250.0,250.0,-0.2126012364474815,252.5
43,pulse,span_nosafe,0.7558228504262337,0.7977903307394486,80.99999999999999,250.0,250.0,-0.2479674803132149,252.5
43,pulse,span_nosafe-final,0.7507446482991672,0.7357111596507735,121.00000000000004,250.0,250.0,-0.2309665113516063,252.5
43,pulse,span_entropy,0.7564878608392749,0.7986813020691732,73.25000000000001,250.0,250.0,-0.2404434412298983,252.5
43,pulse,span_entropy-final,0.7500602277550653,0.7281077718879875,117.25,250.0,250.0,-0.2202975441329221,279.5
43,pulse,nscsd,0.7515839792107453,0.7368253813196401,123.00000000000004,250.0,250.0,-0.2332414021088949,253.5
43,pulse,nscsd-final,0.7476709467202747,0.7092466496347869,156.0,250.0,250.0,-0.2425757029145122,253.75
43,pulse,nscsd-tree,0.751869418810259,0.7371521321522507,130.0,250.0,250.0,-0.2402827133419917,252.5
43,pulse,ppo,0.7624367728923753,0.8788389798491801,6.750000000000001,250.0,250.0,-0.2481522069568048,307.0
43,pulse,ppo-final,0.7549378932837362,0.8160007444287725,101.5,250.0,250.0,-0.2875628511450362,307.0
43,polymorph,Sentinel,0.6614961171352425,0.9136896356553952,9.5,379.0,495.24999999999983,-0.4511935185201528,5.0
43,polymorph,Sentinel-final,0.6640378256666032,0.917642786669096,8.5,375.0,495.24999999999983,-0.4496049610024927,5.0
43,polymorph,PPO-NoShield (Sentinel),0.6610346631993679,0.912973763512878,9.5,379.75,495.74999999999983,-0.4513141003135101,0.0
43,polymorph,ShieldOnly,0.6285375412163431,0.921156163711658,75.0,403.25,489.5,-0.569243622495315,70.25
43,polymorph,Static,0.6771739890692553,0.9359121355042742,2.2500000000000004,357.0,486.0,-0.4394881464350189,0.0
43,polymorph,Adaptive,0.7111146205088958,0.9877297607945446,0.25,320.25000000000006,469.25,-0.4369901402856487,0.0
43,polymorph,Random,0.6289973972134071,0.9289670577319128,74.00000000000001,399.00000000000006,491.5,-0.5734696605185057,0.0
43,polymorph,span,0.6541318788067393,0.871013236456414,23.500000000000004,379.5,494.75,-0.4301313576496747,5.0
43,polymorph,span-final,0.6425937910072383,0.850640973683283,35.500000000000014,396.75,497.75,-0.4419221826760446,5.0
43,polymorph,span_cgrpo,0.6484436168417334,0.8659548637176219,24.0,389.5,498.75,-0.4362612468758885,5.0
43,polymorph,span_cgrpo-final,0.6484436168417334,0.8659548637176219,24.0,389.5,498.75,-0.4362612468758885,5.0
43,polymorph,span_nosafe,0.6352745105294029,0.8540293918497817,41.25,413.75,499.5,-0.4668798813203788,5.0
43,polymorph,span_nosafe-final,0.6110418474623649,0.7974253885786013,79.5,438.5,499.5,-0.4851335411162364,5.0
43,polymorph,span_entropy,0.6378855605335421,0.8535670935717107,37.5,408.25,499.25,-0.4573065330381686,5.0
43,polymorph,span_entropy-final,0.6076062234849956,0.7905879872875138,83.0,438.5,499.5,-0.4852317638025182,87.75
43,polymorph,nscsd,0.6119065935679217,0.796106917112616,82.5,434.25,498.75,-0.4838253235446944,5.0
43,polymorph,nscsd-final,0.5981373677434927,0.7764002649400366,101.25,450.4999999999999,499.5,-0.5047628971965439,5.0
43,polymorph,nscsd-tree,0.614544506458298,0.7983944301544447,75.25000000000001,431.00000000000006,499.0,-0.4745999236961468,5.0
43,polymorph,ppo,0.6675856614468988,0.9182409552724226,5.5,363.50000000000006,494.25000000000006,-0.4379052938255238,124.25
43,polymorph,ppo-final,0.6390151462440058,0.8722872073442746,35.25,405.0,499.5,-0.4710220611002688,124.25
43,boundary,Sentinel,0.916846123894956,0.9139270673557196,0.0,0.0,166.0,0.0029190565392364,5.0
43,boundary,Sentinel-final,0.920086515163442,0.9204110619840729,0.0,0.0,161.50000000000003,-0.0003245468206307,5.0
43,boundary,PPO-NoShield (Sentinel),0.9164890327430376,0.9132747189099364,0.0,0.0,166.5,0.0032143138331012,0.0
43,boundary,ShieldOnly,0.874279739696403,0.912163177121361,2.5,70.0,256.5,-0.0753834374249579,83.0
43,boundary,Static,0.9441092216585928,0.9642777001507048,0.0,0.0,123.75,-0.0201684784921121,0.0
43,boundary,Adaptive,0.9602564743982624,0.994869986360282,0.0,0.0,84.0,-0.0346135119620196,0.0
43,boundary,Random,0.8694690499418541,0.933491039631142,4.0,73.75000000000001,257.0,-0.1048969896892878,0.0
43,boundary,span,0.8996532171828198,0.7927201923094358,0.0,2.0,210.75,0.1059330248733839,5.25
43,boundary,span-final,0.8900600495319925,0.7647335004084935,0.0,4.75,259.0,0.1229515491234989,5.75
43,boundary,span_cgrpo,0.888194797193453,0.7696274249995015,0.0,1.7500000000000002,275.99999999999994,0.1176923721939514,9.0
43,boundary,span_cgrpo-final,0.888194797193453,0.7696274249995015,0.0,1.7500000000000002,275.99999999999994,0.1176923721939514,9.0
43,boundary,span_nosafe,0.8940421454563013,0.7927366214266534,0.0,2.75,242.75,0.0999305240296479,5.25
43,boundary,span_nosafe-final,0.8703676242111461,0.7142908921089194,0.0,13.500000000000002,331.25,0.1493267321022267,5.75
43,boundary,span_entropy,0.896249196032245,0.7954310771960781,0.0,2.5,236.25,0.0995681188361668,5.25
43,boundary,span_entropy-final,0.8658412727172815,0.7008693678949967,0.0,17.0,337.0,0.1564719048222848,50.75
43,boundary,nscsd,0.8837148697024672,0.7374506302328167,0.0,16.250000000000004,281.75,0.1381392394696505,10.25
43,boundary,nscsd-final,0.8650614788902589,0.7020438131880813,0.0,19.0,355.25,0.1535176657021775,12.0
43,boundary,nscsd-tree,0.8846572709489162,0.7381979735151563,0.0,15.250000000000004,277.99999999999994,0.1388342974337599,5.5
43,boundary,ppo,0.9278263095251524,0.9069326046352794,0.0,0.0,128.00000000000003,0.020893704889873,169.25
43,boundary,ppo-final,0.9057208085799762,0.8473774301678854,0.0,1.5,191.75,0.0575933784120908,169.25
43,icmp_chaos,Sentinel,0.7257395618991144,0.8477264599899055,31.5,297.5,409.75,-0.3022368980907911,243.25
43,icmp_chaos,Sentinel-final,0.7268342371321597,0.850848414158742,30.750000000000007,296.74999999999994,409.5000000000001,-0.3031391770265823,243.25
43,icmp_chaos,PPO-NoShield (Sentinel),0.7263798148131463,0.8532238209892256,30.750000000000007,295.00000000000006,409.5000000000001,-0.3050940061760793,0.0
43,icmp_chaos,ShieldOnly,0.6933564134084689,0.8094801861803301,58.5,327.5,420.00000000000006,-0.3383737727718612,261.75
43,icmp_chaos,Static,0.7377916579498638,0.8961509424270435,24.25,279.0,398.25,-0.3221092844771797,0.0
43,icmp_chaos,Adaptive,0.75764686747525,0.9739634705282546,14.000000000000002,270.0,378.0,-0.3653166030530046,0.0
43,icmp_chaos,Random,0.67938529942369,0.9153697448721688,74.25000000000001,337.5,426.50000000000006,-0.4789844454484789,0.0
43,icmp_chaos,span,0.7232108495272983,0.7669586896741306,19.0,298.5,415.50000000000006,-0.2119978401468323,244.75
43,icmp_chaos,span-final,0.7187631183962487,0.745770783404083,19.5,301.0,418.0,-0.1970076650078342,242.0
43,icmp_chaos,span_cgrpo,0.7250741470709667,0.7954287380677239,19.25,293.24999999999994,413.25,-0.2362295909967571,249.75
43,icmp_chaos,span_cgrpo-final,0.7250741470709667,0.7954287380677239,19.25,293.24999999999994,413.25,-0.2362295909967571,249.75
43,icmp_chaos,span_nosafe,0.7159100696242635,0.7487684940172252,20.0,308.5,418.0,-0.2071084243929617,250.0
43,icmp_chaos,span_nosafe-final,0.704168375018513,0.6692775195544145,22.750000000000004,317.99999999999994,423.5,-0.1468591445359014,60.75
43,icmp_chaos,span_entropy,0.7180342179862308,0.7506209687426202,19.75,306.25,417.25,-0.2054617507563894,250.0
43,icmp_chaos,span_entropy-final,0.7024048837327956,0.658909935668637,25.25,318.99999999999994,424.00000000000006,-0.1412550519358413,136.5
43,icmp_chaos,nscsd,0.701358668479273,0.6439522869452647,28.250000000000004,321.5,426.75,-0.1315936184659917,64.5
43,icmp_chaos,nscsd-final,0.6942858582010489,0.6158878934160933,31.25,327.75,428.0,-0.1167270352150443,65.5
43,icmp_chaos,nscsd-tree,0.7005670335049888,0.6451843242529649,28.5,320.75,428.00000000000006,-0.133492290747976,243.75
43,icmp_chaos,ppo,0.7321749766041715,0.8357502062590715,18.25,291.24999999999994,409.25,-0.2674502296548999,335.5
43,icmp_chaos,ppo-final,0.7177765802230517,0.7627727655636228,20.0,308.74999999999994,416.25,-0.2193711853405711,336.25
44,benign,Sentinel,1.0,0.0,0.0,0.0,0.0,1.0,500.0
44,benign,Sentinel-final,1.0,0.0,0.0,0.0,0.0,1.0,500.0
44,benign,PPO-NoShield (Sentinel),1.0,0.0,0.0,0.0,0.0,1.0,0.0
44,benign,ShieldOnly,1.0,0.0,0.0,0.0,0.0,1.0,462.75
44,benign,Static,1.0,0.0,0.0,0.0,0.0,1.0,0.0
44,benign,Adaptive,1.0,0.0,0.0,0.0,0.0,1.0,0.0
44,benign,Random,0.9816364760930384,0.0,0.0,0.0,29.000000000000004,0.9816364760930384,0.0
44,benign,span,1.0,0.0,0.0,0.0,0.0,1.0,500.0
44,benign,span-final,1.0,0.0,0.0,0.0,0.0,1.0,500.0
44,benign,span_cgrpo,1.0,0.0,0.0,0.0,0.0,1.0,500.0
44,benign,span_cgrpo-final,1.0,0.0,0.0,0.0,0.0,1.0,500.0
44,benign,span_nosafe,1.0,0.0,0.0,0.0,0.0,1.0,500.0
44,benign,span_nosafe-final,1.0,0.0,0.0,0.0,0.0,1.0,500.0
44,benign,span_entropy,1.0,0.0,0.0,0.0,0.0,1.0,500.0
44,benign,span_entropy-final,0.9999955344351524,0.0,0.0,0.0,0.0,0.9999955344351524,500.0
44,benign,nscsd,1.0,0.0,0.0,0.0,0.0,1.0,498.75
44,benign,nscsd-final,1.0,0.0,0.0,0.0,0.0,1.0,498.75
44,benign,nscsd-tree,1.0,0.0,0.0,0.0,0.0,1.0,0.0
44,benign,ppo,1.0,0.0,0.0,0.0,0.0,1.0,500.0
44,benign,ppo-final,1.0,0.0,0.0,0.0,0.0,1.0,500.0
44,mild,Sentinel,0.9939527502065983,0.983865104440794,0.0,0.0,0.0,0.0100876457658042,405.5
44,mild,Sentinel-final,0.9954531055068138,0.9877681710261562,0.0,0.0,0.0,0.0076849344806575,405.25
44,mild,PPO-NoShield (Sentinel),0.9895134093518476,0.9905136604837412,0.0,0.0,0.0,-0.0010002511318933,0.0
44,mild,ShieldOnly,0.974716666927542,0.9789238649740714,0.25,13.250000000000002,47.0,-0.0110821980465294,347.0
44,mild,Static,1.0,1.0,0.0,0.0,0.0,0.0,0.0
44,mild,Adaptive,0.9991944135174142,0.9987692610107558,0.0,0.0,1.5,0.0004251525066584,0.0
44,mild,Random,0.9353293340789532,0.9614487102974868,0.75,35.50000000000001,126.5,-0.0446193762185335,0.0
44,mild,span,0.9844476488925792,0.948767912382554,0.0,0.0,1.25,0.0356797365100253,234.25
44,mild,span-final,0.9819580655936492,0.9391448185717894,0.0,0.0,1.0,0.0428132470218596,233.75
44,mild,span_cgrpo,0.9691845660205348,0.9119640758768088,0.0,0.0,7.750000000000002,0.0572204901437259,140.75
44,mild,span_cgrpo-final,0.9574690165599874,0.878618772513892,0.0,0.0,48.5,0.0788502440460954,142.0
44,mild,span_nosafe,0.9693205572095398,0.909332720036257,0.0,0.0,17.750000000000004,0.0599878371732828,256.0
44,mild,span_nosafe-final,0.964297261877206,0.8994043552230995,0.0,0.0,55.75,0.0648929066541065,259.25
44,mild,span_entropy,0.9721807208410702,0.9132923282853834,0.0,0.0,9.000000000000004,0.0588883925556867,255.25
44,mild,span_entropy-final,0.965030889869002,0.9005429053062267,0.0,0.0,45.5,0.0644879845627753,260.5
44,mild,nscsd,0.9498718054190458,0.857677499388805,0.0,0.0,64.24999999999999,0.0921943060302408,63.75
44,mild,nscsd-final,0.9498718054190458,0.857677499388805,0.0,0.0,64.24999999999999,0.0921943060302408,63.75
44,mild,nscsd-tree,0.9499184375740996,0.8582363653637793,0.0,0.0,65.99999999999999,0.0916820722103202,0.75
44,mild,ppo,0.9963142400229736,0.9893616448917918,0.0,0.0,0.0,0.0069525951311818,405.25
44,mild,ppo-final,0.9896061863387396,0.9722163690556064,0.0,0.0,0.0,0.0173898172831332,406.5
44,strong,Sentinel,0.5166345808876153,0.8451373679853316,73.49999999999999,500.0,500.0,-0.6520027870977163,147.25
44,strong,Sentinel-final,0.5213167546770384,0.8642577818249395,17.000000000000004,500.0,500.0,-0.6099410271479011,147.25
44,strong,PPO-NoShield (Sentinel),0.5027181356934481,0.9051284067795043,210.5,500.0,500.0,-0.8629102710860563,0.0
44,strong,ShieldOnly,0.4881347162747752,0.8784341022955123,246.5,500.0,500.0,-0.886799386020737,74.25
44,strong,Static,0.5168775163203077,0.8969715243285401,117.75,500.0,500.0,-0.7478440080082325,0.0
44,strong,Adaptive,0.5481318065442294,0.979218040308676,2.25,500.0,500.0,-0.6833362337644466,0.0
44,strong,Random,0.4812512569254449,0.899979961666677,276.75000000000006,500.0,500.0,-0.9454787047412322,0.0
44,strong,span,0.5193529402131187,0.8179999968794155,32.75,500.0,500.0,-0.5813970566662967,5.0
44,strong,span-final,0.5236356576804113,0.8225715469573949,48.75,500.0,500.0,-0.5976858892769836,5.0
44,strong,span_cgrpo,0.5169600886223111,0.8100511877297748,44.25,500.0,500.0,-0.5873410991074637,5.0
44,strong,span_cgrpo-final,0.5059009587271589,0.7537988815021511,187.5,500.0,500.0,-0.6853979227749922,5.0
44,strong,span_nosafe,0.5147010500882184,0.7969733666861053,77.5,500.0,500.0,-0.6097723165978869,5.0
44,strong,span_nosafe-final,0.5088426158548839,0.7612468628034638,133.24999999999997,500.0,500.0,-0.6356542469485799,5.0
44,strong,span_entropy,0.5176305478275773,0.8103263272962792,62.75,500.0,500.0,-0.6054457794687018,5.0
44,strong,span_entropy-final,0.5110756501580901,0.7742718451142351,106.74999999999996,500.0,500.0,-0.6199461949561449,5.0
44,strong,nscsd,0.468628344465453,0.6353332160431492,394.25,500.0,500.0,-0.8109548715776962,47.5
44,strong,nscsd-final,0.468628344465453,0.6353332160431492,394.25,500.0,500.0,-0.8109548715776962,47.5
44,strong,nscsd-tree,0.468784500117294,0.6365794300989,394.0,500.0,500.0,-0.8117949299816059,1.25
44,strong,ppo,0.5125911913255964,0.8113214572044782,145.25000000000003,500.0,500.0,-0.6939802658788818,147.25
44,strong,ppo-final,0.4928107169472397,0.7487389498575644,315.25,500.0,500.0,-0.8211782329103245,147.25
44,chaos,Sentinel,0.813139891261008,0.8947554268490355,12.25,192.75000000000003,249.5,-0.1902405355880275,248.0
44,chaos,Sentinel-final,0.8170325226832433,0.9093339050879664,11.75,192.5,248.75,-0.2003013824047229,248.0
44,chaos,PPO-NoShield (Sentinel),0.8019654784276151,0.940162811927663,14.500000000000002,197.50000000000003,259.99999999999994,-0.2514473335000479,0.0
44,chaos,ShieldOnly,0.7842369219936958,0.9123501203774674,49.00000000000001,217.0,282.75,-0.2856131983837717,179.5
44,chaos,Static,0.8229316956940005,0.9346374381884338,11.0,191.0,244.25,-0.2182057424944333,0.0
44,chaos,Adaptive,0.8359400988219262,0.9807399763124598,11.0,188.00000000000003,242.5,-0.2497998774905336,0.0
44,chaos,Random,0.7693014089494703,0.925833071404097,49.0,229.75000000000003,306.74999999999994,-0.3204066624546267,0.0
44,chaos,span,0.8094755320213747,0.8520790372130044,13.250000000000002,194.25,249.0,-0.1529785051916297,112.0
44,chaos,span-final,0.8073099615530592,0.8360758473423685,13.500000000000002,194.75,261.75000000000006,-0.1396408857893092,112.5
44,chaos,span_cgrpo,0.7998161134330062,0.8242381897447091,14.75,195.25,256.75,-0.1367970763117029,104.25
44,chaos,span_cgrpo-final,0.7861965965393333,0.7619424132568909,29.000000000000004,198.25,286.25,-0.1038708167175576,104.0
44,chaos,span_nosafe,0.7975458699376266,0.8080523931155286,15.75,194.5,274.49999999999994,-0.123506523177902,121.0
44,chaos,span_nosafe-final,0.7906963098117535,0.7764450822530761,22.750000000000004,195.0,288.25,-0.1059987724413225,120.25
44,chaos,span_entropy,0.7996669382643152,0.8164356479404866,14.499999999999998,194.25,270.25,-0.1283937096761714,118.25
44,chaos,span_entropy-final,0.7920983014124625,0.7837392723544173,22.250000000000004,194.75,283.75,-0.1112659709419548,119.0
44,chaos,nscsd,0.7668853711959656,0.6937690925388413,47.25,219.75,314.25000000000006,-0.0840087213428757,113.0
44,chaos,nscsd-final,0.7668853711959656,0.6937690925388413,47.25,219.75,314.25000000000006,-0.0840087213428757,113.0
44,chaos,nscsd-tree,0.7669138423611291,0.694083275267092,47.0,219.75,314.5,-0.0840444329059628,0.0
44,chaos,ppo,0.8142416612391884,0.8753149573424489,12.0,193.5,249.5,-0.1698232961032605,244.5
44,chaos,ppo-final,0.7960670431627437,0.8289253356025335,26.000000000000004,197.0,252.5,-0.1573582924397897,250.0
44,icmp,Sentinel,0.5280688197102752,0.7644951841477476,1.5,500.0,500.0,-0.4879263644374724,500.0
44,icmp,Sentinel-final,0.5280707016695887,0.7644951841477476,1.5,500.0,500.0,-0.4879244824781589,500.0
44,icmp,PPO-NoShield (Sentinel),0.4802540351471461,1.0,499.75,500.0,500.0,-1.269495964852854,0.0
44,icmp,ShieldOnly,0.5005186724449497,0.6851961226634342,176.50000000000003,500.0,500.0,-0.6111774502184845,444.25
44,icmp,Static,0.5342506420387109,0.8170616050554651,0.0,500.0,500.0,-0.5328109630167542,0.0
44,icmp,Adaptive,0.5511420740761531,0.9640172809704532,1.7499999999999998,500.0,500.0,-0.6646252068943002,0.0
44,icmp,Random,0.4766780164204403,0.9158683465117508,271.75000000000006,500.0,500.0,-0.9609403300913104,0.0
44,icmp,span,0.5189297494070858,0.6849060135721364,76.99999999999999,500.0,500.0,-0.4929762641650506,499.75
44,icmp,span-final,0.5232871901670599,0.7212787357942619,21.75,500.0,500.0,-0.469741545627202,500.0
44,icmp,span_cgrpo,0.5182984491878642,0.6744876368605986,78.99999999999999,500.0,500.0,-0.4851891876727344,499.0
44,icmp,span_cgrpo-final,0.5152045898388483,0.6445218535860784,119.25,500.0,500.0,-0.49856726374723,494.0
44,icmp,span_nosafe,0.5281674137337377,0.7640537072007567,1.5,500.0,500.0,-0.487386293467019,500.0
44,icmp,span_nosafe-final,0.5274031174074539,0.7580416019169526,2.5,500.0,500.0,-0.4831384845094986,500.0
44,icmp,span_entropy,0.5281827877522378,0.7641674024421568,1.5,500.0,500.0,-0.4874846146899189,500.0
44,icmp,span_entropy-final,0.5269115672919724,0.7531120086814335,2.75,500.0,500.0,-0.4789504413894611,500.0
44,icmp,nscsd,0.4980083230965831,0.5046463953888847,273.0,500.0,500.0,-0.5296380722923015,499.0
44,icmp,nscsd-final,0.4980083230965831,0.5046463953888847,273.0,500.0,500.0,-0.5296380722923015,499.0
44,icmp,nscsd-tree,0.4989411265326373,0.5129695244098149,266.5,500.0,500.0,-0.5305283978771776,494.25
44,icmp,ppo,0.5233579827785052,0.7222311333784674,18.000000000000004,500.0,500.0,-0.4668731505999622,500.0
44,icmp,ppo-final,0.5141842771548629,0.6445399154887537,141.24999999999997,500.0,500.0,-0.5216056383338907,499.75
44,pulse,Sentinel,0.7613196933143082,0.8699707608366805,18.250000000000004,250.0,250.0,-0.2519010675223723,316.0
44,pulse,Sentinel-final,0.7631808714187024,0.8854184926238681,6.750000000000001,250.0,250.0,-0.2539876212051657,316.0
44,pulse,PPO-NoShield (Sentinel),0.7522691086601527,0.8968132980445753,84.25,250.0,250.0,-0.3537941893844226,0.0
44,pulse,ShieldOnly,0.7474238678383074,0.9002814643774771,95.25000000000004,250.0,254.5,-0.3731075965391698,266.0
44,pulse,Static,0.759590519802422,0.8869345856946372,46.25,250.0,250.0,-0.2985940658922152,0.0
44,pulse,Adaptive,0.7567089172088487,0.8678708903692938,93.5,250.0,250.0,-0.3296619731604451,0.0
44,pulse,Random,0.7311329855260954,0.890228907656323,136.74999999999997,250.0,265.99999999999994,-0.4208459221302276,0.0
44,pulse,span,0.76256267548562,0.8449693971683441,16.749999999999996,250.0,250.0,-0.2241567216827241,251.75
44,pulse,span-final,0.7638058773744737,0.8465064888315214,17.5,250.0,250.0,-0.2252006114570476,251.75
44,pulse,span_cgrpo,0.7617061771622502,0.8379464721431846,24.5,250.0,250.0,-0.2257402949809344,251.75
44,pulse,span_cgrpo-final,0.7570364399584275,0.7891583142686931,76.25,250.0,250.0,-0.2333718743102655,251.75
44,pulse,span_nosafe,0.7606754828192085,0.8254081564648175,32.5,250.0,250.0,-0.2222326736456089,252.0
44,pulse,span_nosafe-final,0.7582955223309608,0.7962473802942809,55.00000000000001,250.0,250.0,-0.2179518579633201,252.0
44,pulse,span_entropy,0.7618522112443666,0.8359061080638954,24.5,250.0,250.0,-0.2235538968195287,251.75
44,pulse,span_entropy-final,0.7593072349859301,0.8078096499664671,47.75,250.0,250.0,-0.221252414980537,251.75
44,pulse,nscsd,0.7434840605802132,0.6934221095616491,151.75,250.0,250.0,-0.2266880489814358,291.5
44,pulse,nscsd-final,0.7434840605802132,0.6934221095616491,151.75,250.0,250.0,-0.2266880489814358,291.5
44,pulse,nscsd-tree,0.7435559159958604,0.6942585513501133,151.75,250.0,250.0,-0.2274526353542529,0.0
44,pulse,ppo,0.7603307563574172,0.8377668624502718,49.0,250.0,250.0,-0.2514361060928545,316.0
44,pulse,ppo-final,0.7518042577426952,0.7921483394785112,130.25,250.0,250.0,-0.2955940817358159,316.25
44,polymorph,Sentinel,0.653694113118219,0.907127054257942,6.500000000000001,390.0,497.00000000000006,-0.4549329411397229,125.0
44,polymorph,Sentinel-final,0.6611005951278288,0.9195082175970596,2.5,380.25,494.50000000000006,-0.4510326224692308,125.0
44,polymorph,PPO-NoShield (Sentinel),0.6476508434961036,0.9262113648483222,10.75,398.5,498.00000000000006,-0.4885605213522186,0.0
44,polymorph,ShieldOnly,0.6226673002948936,0.9244494029486322,76.75000000000001,408.00000000000006,491.5,-0.5825321026537387,62.75
44,polymorph,Static,0.6678965430140764,0.934203627602427,5.249999999999999,372.0,485.25,-0.4575570845883506,0.0
44,polymorph,Adaptive,0.7016361828683289,0.9875770058363412,0.5,337.75,468.5,-0.4553158229680125,0.0
44,polymorph,Random,0.6161836602091305,0.9256631898662058,84.0,416.00000000000006,492.9999999999999,-0.6014795296570753,0.0
44,polymorph,span,0.6547889787678457,0.8909670619804053,14.250000000000004,389.0,494.25,-0.4449280832125596,5.0
44,polymorph,span-final,0.6551596111789031,0.8867838069794463,15.250000000000004,390.0,492.25,-0.4418741958005432,5.0
44,polymorph,span_cgrpo,0.6423843035723344,0.8695539510743526,17.250000000000004,409.75,499.75,-0.4492946475020182,5.0
44,polymorph,span_cgrpo-final,0.6222460005254632,0.8290908943730244,49.00000000000001,426.25,499.75,-0.4689698938475612,5.0
44,polymorph,span_nosafe,0.6408280519235857,0.8629462689958236,24.5,406.5,497.7499999999999,-0.4498682170722379,5.0
44,polymorph,span_nosafe-final,0.6286680786389699,0.8389575757319794,43.0,420.25,498.75,-0.4634144970930094,5.0
44,polymorph,span_entropy,0.6441995221828165,0.8688814843611675,21.5,405.00000000000006,497.2499999999999,-0.448681962178351,5.0
44,polymorph,span_entropy-final,0.6313668751146029,0.8433152886042892,40.49999999999999,417.75,499.0,-0.4613234134896863,5.0
44,polymorph,nscsd,0.5793205001164412,0.7537581833080673,127.75,460.5,499.75,-0.5324376831916261,80.25
44,polymorph,nscsd-final,0.5793205001164412,0.7537581833080673,127.75,460.5,499.75,-0.5324376831916261,80.25
44,polymorph,nscsd-tree,0.5797230505851358,0.7543027878052404,127.25,460.5,499.75,-0.5320797372201045,0.0
44,polymorph,ppo,0.649844129622566,0.8863723123954381,15.5,391.5,495.75,-0.4477781827728722,125.0
44,polymorph,ppo-final,0.6186438430098365,0.8481909928568477,56.50000000000001,427.50000000000006,499.75,-0.4997971498470112,125.0
44,boundary,Sentinel,0.9074633953683348,0.9008913667125258,0.0,1.5,196.0,0.0058220286558089,131.0
44,boundary,Sentinel-final,0.9138679046164956,0.9159423211866372,0.0,0.5,185.0,-0.0023244165701417,131.0
44,boundary,PPO-NoShield (Sentinel),0.8939279666849231,0.9356102487563824,0.0,12.25,207.25,-0.0478072820714592,0.0
44,boundary,ShieldOnly,0.8634758335341204,0.9176496645773418,3.0,77.5,283.75,-0.0959238310432213,67.75
44,boundary,Static,0.9297596564315558,0.9617356172848603,0.0,0.0,169.99999999999997,-0.0319759608533045,0.0
44,boundary,Adaptive,0.947380402054774,0.9943158216575404,0.0,0.25,147.50000000000003,-0.0470604196027663,0.0
44,boundary,Random,0.8547473281245287,0.9250294405959156,2.75,90.75,292.0,-0.1184071124713869,0.0
44,boundary,span,0.8955121035702487,0.8449769011159523,0.0,2.0,206.00000000000003,0.0495352024542964,6.5
44,boundary,span-final,0.8916122671127038,0.8289541563915197,0.0,2.75,250.25,0.0612831107211841,5.75
44,boundary,span_cgrpo,0.8835116309193094,0.8239585052805374,0.0,3.2500000000000004,243.25000000000003,0.057928125638772,8.25
44,boundary,span_cgrpo-final,0.8626591347788999,0.7692047994171238,0.0,16.25,377.00000000000006,0.085329335361776,9.25
44,boundary,span_nosafe,0.8769736601446203,0.8008134011203483,0.0,4.750000000000001,325.75,0.073785259024272,8.75
44,boundary,span_nosafe-final,0.8647299678423304,0.7725983391755171,0.0,9.0,366.0,0.0876316286668132,12.5
44,boundary,span_entropy,0.8842212720249465,0.8155111131505848,0.0,3.5000000000000004,283.49999999999994,0.0669601588743617,5.5
44,boundary,span_entropy-final,0.8694086340517394,0.7815875643827134,0.0,9.250000000000002,345.24999999999994,0.083196069669026,9.75
44,boundary,nscsd,0.8320452668170537,0.706005850100929,0.0,67.99999999999999,424.5,0.0920394167161247,28.25
44,boundary,nscsd-final,0.8320452668170537,0.706005850100929,0.0,67.99999999999999,424.5,0.0920394167161247,28.25
44,boundary,nscsd-tree,0.8311017630483233,0.70511757783588,0.0,67.75,429.5,0.0921091852124432,0.5
44,boundary,ppo,0.9086127302258806,0.8911076032439921,0.0,2.25,197.25,0.0163801269818885,131.0
44,boundary,ppo-final,0.8807295165372734,0.8380420323940851,0.0,24.75,238.0,0.0303124841431882,131.0
44,icmp_chaos,Sentinel,0.7282379785083659,0.8158065953170194,17.0,289.25,400.25,-0.2491936168086534,335.25
44,icmp_chaos,Sentinel-final,0.7305655330627578,0.8275818967564458,16.5,285.99999999999994,399.5,-0.2565163636936879,335.25
44,icmp_chaos,PPO-NoShield (Sentinel),0.6999338584042667,0.9488061747873652,32.5,318.75,413.75,-0.4407473163830985,0.0
44,icmp_chaos,ShieldOnly,0.6985552882000869,0.7959795894620885,64.5,320.25000000000006,403.75,-0.3220493012620015,279.5
44,icmp_chaos,Static,0.7364893487071542,0.8768076095506263,20.250000000000004,281.25,396.25,-0.3011932608434721,0.0
44,icmp_chaos,Adaptive,0.7526311810189774,0.967370811873238,13.249999999999998,269.49999999999994,387.75,-0.3627396308542606,0.0
44,icmp_chaos,Random,0.6821552063429438,0.914388703070632,81.24999999999999,327.24999999999994,412.75000000000006,-0.4771084967276882,0.0
44,icmp_chaos,span,0.7278874188694526,0.7650196725757882,17.750000000000007,297.75,402.25,-0.2037572537063355,267.5
44,icmp_chaos,span-final,0.7308722109476496,0.7759938510827702,15.000000000000004,292.50000000000006,401.0,-0.2063716401351205,270.5
44,icmp_chaos,span_cgrpo,0.7232858721835244,0.7396941264700269,17.750000000000004,301.5,403.75,-0.1849082542865024,271.5
44,icmp_chaos,span_cgrpo-final,0.7166505492825315,0.6845080398653914,20.25,307.25000000000006,403.75,-0.14173249058286,270.0
44,icmp_chaos,span_nosafe,0.7276410845087791,0.779869589649055,18.000000000000004,292.50000000000006,401.25,-0.2164785051402759,275.5
44,icmp_chaos,span_nosafe-final,0.7249392518245684,0.7538037720264565,22.5,294.25,401.75,-0.1984895202018881,275.75
44,icmp_chaos,span_entropy,0.7286436576450175,0.7851352508859518,17.0,290.5,401.25,-0.2187415932409343,275.5
44,icmp_chaos,span_entropy-final,0.7249040732730625,0.7565598661013494,19.0,295.25,401.75,-0.1982807928282869,274.5
44,icmp_chaos,nscsd,0.6951558723589459,0.5555520503547189,70.49999999999999,327.00000000000006,404.5,-0.0943961779957729,284.0
44,icmp_chaos,nscsd-final,0.6951558723589459,0.5555520503547189,70.49999999999999,327.00000000000006,404.5,-0.0943961779957729,284.0
44,icmp_chaos,nscsd-tree,0.6955782178418198,0.5597780437672524,68.49999999999997,326.25000000000006,404.25000000000006,-0.0958248259254325,184.25
44,icmp_chaos,ppo,0.7271443052097676,0.7773092079273468,18.25,294.75,400.25000000000006,-0.2157899027175792,331.25
44,icmp_chaos,ppo-final,0.7121337532096078,0.7110152833394832,39.24999999999999,311.75,404.0,-0.1940065301298753,335.75
45,benign,Sentinel,1.0,0.0,0.0,0.0,0.0,1.0,500.0
45,benign,Sentinel-final,1.0,0.0,0.0,0.0,0.0,1.0,500.0
45,benign,PPO-NoShield (Sentinel),1.0,0.0,0.0,0.0,0.0,1.0,0.0
45,benign,ShieldOnly,1.0,0.0,0.0,0.0,0.0,1.0,470.0
45,benign,Static,1.0,0.0,0.0,0.0,0.0,1.0,0.0
45,benign,Adaptive,1.0,0.0,0.0,0.0,0.0,1.0,0.0
45,benign,Random,0.9816800791003508,0.0,0.0,0.0,29.750000000000007,0.9816800791003508,0.0
45,benign,span,1.0,0.0,0.0,0.0,0.0,1.0,500.0
45,benign,span-final,1.0,0.0,0.0,0.0,0.0,1.0,500.0
45,benign,span_cgrpo,1.0,0.0,0.0,0.0,0.0,1.0,500.0
45,benign,span_cgrpo-final,1.0,0.0,0.0,0.0,0.0,1.0,500.0
45,benign,span_nosafe,1.0,0.0,0.0,0.0,0.0,1.0,500.0
45,benign,span_nosafe-final,1.0,0.0,0.0,0.0,0.0,1.0,500.0
45,benign,span_entropy,1.0,0.0,0.0,0.0,0.0,1.0,500.0
45,benign,span_entropy-final,1.0,0.0,0.0,0.0,0.0,1.0,500.0
45,benign,nscsd,1.0,0.0,0.0,0.0,0.0,1.0,500.0
45,benign,nscsd-final,1.0,0.0,0.0,0.0,0.0,1.0,500.0
45,benign,nscsd-tree,1.0,0.0,0.0,0.0,0.0,1.0,0.0
45,benign,ppo,1.0,0.0,0.0,0.0,0.0,1.0,500.0
45,benign,ppo-final,1.0,0.0,0.0,0.0,0.0,1.0,500.0
45,mild,Sentinel,0.9915742538859168,0.9892196940804316,0.0,0.0,0.0,0.002354559805485,329.0
45,mild,Sentinel-final,0.9949870496677736,0.99397535737613,0.0,0.0,0.0,0.0010116922916437,329.0
45,mild,PPO-NoShield (Sentinel),0.9903145930112528,0.986662811723268,0.0,0.0,0.0,0.0036517812879848,0.0
45,mild,ShieldOnly,0.9751801561004028,0.980919554883205,0.25,13.000000000000002,45.25000000000001,-0.0124893987828022,331.5
45,mild,Static,0.99999997744244,0.9999999800517484,0.0,0.0,0.0,-2.609308324963422e-09,0.0
45,mild,Adaptive,0.9994875917499508,0.9986170146663989,0.0,0.0,0.0,0.000870577083552,0.0
45,mild,Random,0.935021787300266,0.9605173835705364,0.5,39.75,124.0,-0.0458705962702704,0.0
45,mild,span,0.983368801805964,0.9514408030863046,0.0,0.0,0.5,0.0319279987196594,209.75
45,mild,span-final,0.9866372491541318,0.9612281432380112,0.0,0.0,0.5,0.0254091059161205,209.5
45,mild,span_cgrpo,0.9783480781330331,0.970188107559044,0.0,0.0,9.5,0.0081599705739892,329.0
45,mild,span_cgrpo-final,0.9801648862362372,0.9511705569245852,0.0,0.0,1.25,0.0289943293116519,333.75
45,mild,span_nosafe,0.9779565412251908,0.9697354460672748,0.0,0.0,13.000000000000002,0.0082210951579162,329.0
45,mild,span_nosafe-final,0.9700922048492414,0.9297723729951576,0.0,0.0,46.0,0.0403198318540838,337.0
45,mild,span_entropy,0.97823899318113,0.9701030915300798,0.0,0.0,9.5,0.0081359016510502,329.0
45,mild,span_entropy-final,0.9718240880924804,0.9339161553460704,0.0,0.0,38.0,0.03790793274641,336.25
45,mild,nscsd,0.9515025297525688,0.87231804452174,0.0,0.0,62.75,0.0791844852308287,115.25
45,mild,nscsd-final,0.9533081427889384,0.875324418555647,0.0,0.25,60.74999999999999,0.0778587242332913,115.5
45,mild,nscsd-tree,0.9533147046498488,0.8767589629893904,0.0,0.0,61.25000000000001,0.0765557416604584,0.25
45,mild,ppo,0.9954627982667356,0.9910021775840734,0.0,0.0,0.0,0.0044606206826621,366.25
45,mild,ppo-final,0.9964542080078028,0.9931904247205896,0.0,0.0,0.0,0.0032637832872133,366.0
45,strong,Sentinel,0.5115669370442135,0.8425729528807923,152.75,500.0,500.0,-0.7337560158365788,5.0
45,strong,Sentinel-final,0.5110617353286833,0.8407524019695227,156.5,500.0,500.0,-0.7361906666408394,5.0
45,strong,PPO-NoShield (Sentinel),0.511170155394811,0.8415057592837606,155.25,500.0,500.0,-0.7355856038889496,0.0
45,strong,ShieldOnly,0.4867718784647959,0.8790928560200767,251.5,500.0,500.0,-0.8938209775552807,69.75
45,strong,Static,0.5212367189252591,0.8771370878379663,68.5,500.0,500.0,-0.6744003689127072,0.0
45,strong,Adaptive,0.5487730356397913,0.9761402776081892,3.5000000000000004,500.0,500.0,-0.6808672419683979,0.0
45,strong,Random,0.4819378862927466,0.895795390740561,269.25,500.0,500.0,-0.9331075044478144,0.0
45,strong,span,0.5233268988243832,0.8273575703552384,48.75,500.0,500.0,-0.6027806715308552,5.0
45,strong,span-final,0.5269376805589665,0.8428383252926176,36.75,500.0,500.0,-0.602650644733651,5.0
45,strong,span_cgrpo,0.5127278862562938,0.7940830168493227,121.75,500.0,500.0,-0.6531051305930289,5.0
45,strong,span_cgrpo-final,0.5101027219721181,0.779196936862248,154.75,500.0,500.0,-0.6738442148901298,5.0
45,strong,span_nosafe,0.5124549157922804,0.7927915278245345,124.25,500.0,500.0,-0.6545866120322541,5.0
45,strong,span_nosafe-final,0.494176888768273,0.6934536723755786,284.75,500.0,500.0,-0.7340267836073056,5.0
45,strong,span_entropy,0.512909696857516,0.7949261709459783,120.25,500.0,500.0,-0.6522664740884623,5.0
45,strong,span_entropy-final,0.4996657269429302,0.724653712562229,240.5,500.0,500.0,-0.7154879856192987,5.0
45,strong,nscsd,0.4832713294075358,0.6550073339712513,345.25,500.0,500.0,-0.7669860045637156,6.25
45,strong,nscsd-final,0.4800339445568911,0.6394130910696596,358.75,500.0,500.0,-0.7681291465127685,6.25
45,strong,nscsd-tree,0.484002553063766,0.6567856660602985,340.0,500.0,500.0,-0.7627831129965326,0.5
45,strong,ppo,0.5187727568409093,0.8529789097434094,34.25,500.0,500.0,-0.6184561529025001,152.0
45,strong,ppo-final,0.5164582249265292,0.8435235567519452,63.500000000000014,500.0,500.0,-0.6405653318254161,152.0
45,chaos,Sentinel,0.8362821037852616,0.9151572658485936,11.750000000000002,174.50000000000003,232.5,-0.177875162063332,195.75
45,chaos,Sentinel-final,0.8379161835957941,0.9177801854143256,11.5,173.25000000000003,231.50000000000003,-0.1779890018185314,195.75
45,chaos,PPO-NoShield (Sentinel),0.8348342540507565,0.9113730874290628,11.750000000000002,175.50000000000003,233.75000000000003,-0.1760388333783062,0.0
45,chaos,ShieldOnly,0.8182752367449833,0.9264540379644264,31.75,185.25,249.00000000000003,-0.2325538012194432,233.75
45,chaos,Static,0.8482923055265585,0.9439105661386444,6.750000000000001,157.75,227.25000000000003,-0.181243260612086,0.0
45,chaos,Adaptive,0.8589069671916943,0.9798466764296944,9.499999999999998,148.25,222.25000000000009,-0.204564709238,0.0
45,chaos,Random,0.7959989208059828,0.9248684928217392,38.25,207.75000000000003,283.75,-0.2709945720157565,0.0
45,chaos,span,0.8373650193885819,0.888568636780953,9.000000000000002,160.5,236.25000000000009,-0.1404536173923711,172.5
45,chaos,span-final,0.8407893218054101,0.900391761012403,8.750000000000002,158.25,231.0,-0.1474774392069929,172.5
45,chaos,span_cgrpo,0.8310899224951545,0.8733589950556195,9.75,175.25000000000003,237.25000000000003,-0.1396440725604651,196.25
45,chaos,span_cgrpo-final,0.8281846896867261,0.8589367144833894,10.25,178.0,244.25000000000003,-0.1300020247966632,196.5
45,chaos,span_nosafe,0.8304725707154809,0.8735286861635908,10.0,175.25000000000003,239.75000000000009,-0.1406811154481099,195.75
45,chaos,span_nosafe-final,0.8124741499947012,0.7982990932890639,31.0,189.25,271.5,-0.1114499432943626,197.75
45,chaos,span_entropy,0.8309223217224032,0.8747902941254326,10.0,175.25000000000003,239.00000000000009,-0.1414929724030294,195.75
45,chaos,span_entropy-final,0.816701838000087,0.8181912592973319,17.5,186.0,269.5,-0.1119894212972449,197.25
45,chaos,nscsd,0.8045197274366218,0.7706715142525578,41.74999999999999,191.25,289.75000000000006,-0.1035267868159359,156.5
45,chaos,nscsd-final,0.8017314721010871,0.7597434301062792,44.75,193.75000000000003,284.50000000000006,-0.0996369580051921,153.5
45,chaos,nscsd-tree,0.8049054172509391,0.7728999349244029,41.49999999999999,191.75,291.25000000000006,-0.1053695176734637,0.0
45,chaos,ppo,0.8426842955523733,0.9194237207120246,7.250000000000001,167.00000000000003,231.50000000000003,-0.1674894251596513,301.5
45,chaos,ppo-final,0.8423155405001829,0.9166112885779574,7.250000000000001,168.25,231.50000000000003,-0.1656707480777745,301.5
45,icmp,Sentinel,0.5266576323386944,0.7604678614344802,0.75,500.0,500.0,-0.4845602290957858,500.0
45,icmp,Sentinel-final,0.5246704450917434,0.7440269269271602,2.75,500.0,500.0,-0.4721064818354168,500.0
45,icmp,PPO-NoShield (Sentinel),0.5274207821624294,0.766597567483155,0.25,500.0,500.0,-0.4894267853207256,0.0
45,icmp,ShieldOnly,0.4999292239286834,0.6910441210319643,178.25,500.0,500.0,-0.6193648971032809,445.25
45,icmp,Static,0.5338640899273039,0.819955650894619,0.0,500.0,500.0,-0.536091560967315,0.0
45,icmp,Adaptive,0.5513228800735347,0.9642996926072652,0.75,500.0,500.0,-0.6637268125337306,0.0
45,icmp,Random,0.4770908913646264,0.9215786215197312,277.25,500.0,500.0,-0.9717377301551048,0.0
45,icmp,span,0.5256008409363273,0.7505431021112947,1.7500000000000002,500.0,500.0,-0.4766922611749674,500.0
45,icmp,span-final,0.5264912703644409,0.7582832464231121,1.25,500.0,500.0,-0.4830419760586711,500.0
45,icmp,span_cgrpo,0.5242594750902214,0.740637551960205,3.0,500.0,500.0,-0.4693780768699835,48.75
45,icmp,span_cgrpo-final,0.5237470728126482,0.7372921490899931,5.0,500.0,500.0,-0.4685450762773449,5.0
45,icmp,span_nosafe,0.5240601525948198,0.7389978451230867,3.0,500.0,500.0,-0.467937692528267,5.0
45,icmp,span_nosafe-final,0.5083472286345794,0.6116541130205215,196.5,500.0,500.0,-0.549806884385942,7.0
45,icmp,span_entropy,0.5243744871148462,0.7415867791576309,2.75,500.0,500.0,-0.4699622920427847,5.25
45,icmp,span_entropy-final,0.5134642734079538,0.6545023370658594,133.49999999999997,500.0,500.0,-0.5245380636579056,5.0
45,icmp,nscsd,0.5052928411497639,0.5836709780272253,224.0,500.0,500.0,-0.5523781368774614,499.5
45,icmp,nscsd-final,0.5031627149151514,0.5677929788202831,242.75,500.0,500.0,-0.5573802639051317,498.75
45,icmp,nscsd-tree,0.5057898230157519,0.5887112413041796,221.25,500.0,500.0,-0.5541714182884276,454.25
45,icmp,ppo,0.5274557006200647,0.7683689213530556,0.25,500.0,500.0,-0.4911632207329908,500.0
45,icmp,ppo-final,0.526177231409962,0.7577470857273804,1.0,500.0,500.0,-0.4825698543174184,500.0
45,pulse,Sentinel,0.75901291845134,0.8692506509650577,64.0,250.0,250.0,-0.2992377325137177,252.5
45,pulse,Sentinel-final,0.758840048018319,0.868043319404404,65.5,250.0,250.0,-0.2997032713860851,252.5
45,pulse,PPO-NoShield (Sentinel),0.7553519776460565,0.8424125469566466,80.5,250.0,250.0,-0.29256056931059,0.0
45,pulse,ShieldOnly,0.7472854375606418,0.8964202168078079,99.0,250.0,253.0,-0.3731347792471661,267.5
45,pulse,Static,0.7603889573758489,0.877643729220336,52.49999999999999,250.0,250.0,-0.294754771844487,0.0
45,pulse,Adaptive,0.7578780437511019,0.8646840500538545,73.5,250.0,250.0,-0.3053060063027526,0.0
45,pulse,Random,0.7321308184252671,0.8895315350365263,132.0,250.0,263.75,-0.4144007166112592,0.0
45,pulse,span,0.764179838879929,0.8447389869164403,21.25,250.0,250.0,-0.2268091480365113,252.5
45,pulse,span-final,0.7653728913531349,0.856630667796091,17.750000000000004,250.0,250.0,-0.234007776442956,252.5
45,pulse,span_cgrpo,0.7611860360916407,0.8136897889334177,34.00000000000001,250.0,250.0,-0.211503752841777,252.5
45,pulse,span_cgrpo-final,0.7599989921330306,0.798714140694589,47.50000000000001,250.0,250.0,-0.2112151485615584,252.5
45,pulse,span_nosafe,0.7610875857599791,0.8125577028086644,34.25000000000001,250.0,250.0,-0.2107201170486852,252.5
45,pulse,span_nosafe-final,0.7541322189653205,0.7254442998745556,87.25000000000001,250.0,250.0,-0.1835620809092351,252.5
45,pulse,span_entropy,0.7612505237820038,0.8144223642809685,33.00000000000001,250.0,250.0,-0.2111718404989647,252.5
45,pulse,span_entropy-final,0.7561547958077004,0.7520211047407724,75.0,250.0,250.0,-0.195866308933072,252.5
45,pulse,nscsd,0.7496151137543884,0.6861764039977118,116.25,250.0,250.0,-0.1778112902433234,253.0
45,pulse,nscsd-final,0.7483244594702747,0.6724462698187874,123.25,250.0,250.0,-0.1723718103485127,253.25
45,pulse,nscsd-tree,0.7497566655432661,0.6903384023278908,113.25,250.0,250.0,-0.1788317367846246,0.25
45,pulse,ppo,0.763115999412062,0.8672277802666196,11.25,250.0,250.0,-0.2403617808545576,329.0
45,pulse,ppo-final,0.7622714215299918,0.8590172119008015,16.250000000000004,250.0,250.0,-0.2379957903708096,329.0
45,polymorph,Sentinel,0.6612445837771002,0.9076552188180304,18.500000000000004,372.75,497.2499999999999,-0.4512856350409303,5.0
45,polymorph,Sentinel-final,0.6624230427562584,0.9091714889290634,19.75,370.25,496.4999999999999,-0.451623446172805,5.0
45,polymorph,PPO-NoShield (Sentinel),0.6608156110104122,0.9066706853512632,18.500000000000004,373.5,497.2499999999999,-0.4511050743408509,0.0
45,polymorph,ShieldOnly,0.633001063848295,0.9186093130785564,72.75000000000001,397.25,490.00000000000006,-0.5569832492302613,70.75
45,polymorph,Static,0.6817547260329089,0.9371358501924506,4.500000000000001,351.74999999999994,485.25,-0.4357561241595417,0.0
45,polymorph,Adaptive,0.7155256935428296,0.9880751594039076,0.5,312.49999999999994,460.75,-0.4292994658610779,0.0
45,polymorph,Random,0.6304804911201477,0.9278038591899808,76.49999999999999,399.25,490.0,-0.573448368069833,0.0
45,polymorph,span,0.6708444262207812,0.8947621276455144,14.500000000000002,363.25,493.0,-0.4200427014247332,5.0
45,polymorph,span-final,0.6759791434347038,0.9044148703537508,9.5,357.0,490.0,-0.4164357269190471,5.0
45,polymorph,span_cgrpo,0.653720198756704,0.8739607694893751,19.000000000000007,383.25000000000006,499.0,-0.4308655707326712,5.0
45,polymorph,span_cgrpo-final,0.648417248747485,0.8630268572463761,23.250000000000004,390.75,499.5,-0.433234608498891,5.0
45,polymorph,span_nosafe,0.6531905754175249,0.873018509571177,19.250000000000007,384.50000000000006,499.0,-0.4313279341536521,5.0
45,polymorph,span_nosafe-final,0.622139957850469,0.8127015704386791,64.5,422.25,499.75,-0.46618661258821,5.0
45,polymorph,span_entropy,0.6540001519897453,0.8744578749615458,17.750000000000007,383.0,499.0,-0.4297077229718006,5.0
45,polymorph,span_entropy-final,0.6313608124333123,0.8311795886921288,50.24999999999999,410.75,499.75,-0.4554437762588165,5.0
45,polymorph,nscsd,0.6107812467431988,0.7934824583023741,94.25,429.5,500.0,-0.4917012115591753,5.0
45,polymorph,nscsd-final,0.6029717757738021,0.7805261697974923,104.5,440.75,500.0,-0.5024293940236902,5.0
45,polymorph,nscsd-tree,0.6122339193783813,0.797716258524025,91.0,426.50000000000006,500.0,-0.4897323391456436,0.0
45,polymorph,ppo,0.6716060783966883,0.916870942429494,4.500000000000001,360.24999999999994,495.9999999999999,-0.4298898640328055,124.75
45,polymorph,ppo-final,0.6695138616275437,0.9132515839266904,6.750000000000001,361.5,495.9999999999999,-0.4312377222991466,124.75
45,boundary,Sentinel,0.910992177511164,0.9203344561711686,0.0,0.5,163.5,-0.0095922786600047,5.0
45,boundary,Sentinel-final,0.9158543056715044,0.9274362051938784,0.0,0.5,159.5,-0.0118318995223738,5.0
45,boundary,PPO-NoShield (Sentinel),0.9105483362786664,0.9197943443644936,0.0,0.5,163.5,-0.0094960080858272,0.0
45,boundary,ShieldOnly,0.8746298488611508,0.9160097199846378,2.25,74.75000000000001,257.49999999999994,-0.0810048711234869,71.75
45,boundary,Static,0.9443803686421556,0.971171503588182,0.0,0.0,144.0,-0.0267911349460263,0.0
45,boundary,Adaptive,0.9602866238701342,0.9959617404827672,0.0,0.25,120.25,-0.0358001166126331,0.0
45,boundary,Random,0.8672852135020284,0.9238386827148768,3.0,84.25000000000001,266.5,-0.1016784692128485,0.0
45,boundary,span,0.9151365721688484,0.848175283945251,0.0,1.5,153.5,0.0662112882235974,5.25
45,boundary,span-final,0.9197293690808758,0.8621692350280489,0.0,1.0,150.0,0.0570601340528268,5.25
45,boundary,span_cgrpo,0.901252609402986,0.8540582421396705,0.0,3.0,211.25000000000003,0.0456943672633154,5.0
45,boundary,span_cgrpo-final,0.9004685891130787,0.817118948862829,0.0,5.750000000000001,181.0,0.0804746402502497,5.5
45,boundary,span_nosafe,0.895384539124343,0.8654604727293302,0.0,3.750000000000001,252.25,0.0280490663950127,5.0
45,boundary,span_nosafe-final,0.8610869494381795,0.7226708390436251,0.0,28.000000000000004,336.75,0.1244161103945544,19.0
45,boundary,span_entropy,0.8973572984635156,0.8643160994741734,0.0,3.0,242.5,0.0315411989893422,5.0
45,boundary,span_entropy-final,0.8673727790602255,0.7398329593450229,0.0,20.500000000000004,321.0,0.1172898197152025,15.75
45,boundary,nscsd,0.8684136710480429,0.7325874263297905,0.0,36.75,300.5,0.1174512447182524,7.0
45,boundary,nscsd-final,0.8612825792229252,0.7174017929240027,0.0,42.74999999999999,330.25000000000006,0.1225057862989224,8.5
45,boundary,nscsd-tree,0.8708732389061445,0.7367384441862512,0.0,34.25000000000001,281.0,0.1170097947198933,0.25
45,boundary,ppo,0.9287286063829072,0.913825584117317,0.0,0.0,146.25000000000003,0.0149030222655902,127.25
45,boundary,ppo-final,0.929331156042456,0.915249678519468,0.0,0.0,146.25000000000003,0.0140814775229879,127.25
45,icmp_chaos,Sentinel,0.7156870706826233,0.8493600163297268,32.25,287.25,440.25,-0.3095479456471035,198.25
45,icmp_chaos,Sentinel-final,0.7161066083557313,0.8454029825370453,32.25,286.75,441.0,-0.304921374181314,198.25
45,icmp_chaos,PPO-NoShield (Sentinel),0.7156660162760411,0.8510253146200597,32.75,287.00000000000006,439.5,-0.3116092983440186,0.0
45,icmp_chaos,ShieldOnly,0.6899710276726387,0.8315574173764888,56.99999999999999,315.99999999999994,437.75,-0.35658638970385,220.25
45,icmp_chaos,Static,0.7316892767288647,0.8991383506160895,20.0,250.25000000000003,422.0,-0.3125740738872247,0.0
45,icmp_chaos,Adaptive,0.7530734695662605,0.9774777569005402,14.000000000000002,237.0,403.0,-0.3569042873342796,0.0
45,icmp_chaos,Random,0.6781449242386303,0.9104988685276014,72.25000000000001,324.0,436.75000000000006,-0.4666039442889712,0.0
45,icmp_chaos,span,0.7287016773971322,0.8253451440320975,19.000000000000004,263.5,432.75,-0.2473934666349652,202.5
45,icmp_chaos,span-final,0.7309794318365448,0.8355754612360349,18.500000000000004,261.25,433.0,-0.2537210293994901,201.25
45,icmp_chaos,span_cgrpo,0.7163461963277272,0.7875064605458835,28.250000000000004,281.25,442.25,-0.2400352642181562,65.75
45,icmp_chaos,span_cgrpo-final,0.714287171325667,0.7778652502113339,30.250000000000007,282.75,443.25000000000006,-0.2352030788856669,58.0
45,icmp_chaos,span_nosafe,0.7157420400138854,0.7870866334278263,29.750000000000007,282.0,442.25,-0.2420945934139408,56.0
45,icmp_chaos,span_nosafe-final,0.6982106213870283,0.6866270182643956,45.5,307.74999999999994,445.75,-0.1877913968773673,60.0
45,icmp_chaos,span_entropy,0.7163210004197748,0.7891596434471178,28.500000000000004,281.75,442.25,-0.242213643027343,56.0
45,icmp_chaos,span_entropy-final,0.703660017145239,0.7183421586178356,38.25,297.25000000000006,445.4999999999999,-0.2015571414725966,58.75
45,icmp_chaos,nscsd,0.6932077642749125,0.6639194915750484,49.75,318.75,445.75,-0.1798367273001359,207.0
45,icmp_chaos,nscsd-final,0.6887175737072548,0.6437004368996125,53.25,330.25,446.25,-0.1733578631923577,206.25
45,icmp_chaos,nscsd-tree,0.6943076198764049,0.6701620957221017,50.0,314.99999999999994,445.25,-0.1833544758456968,130.75
45,icmp_chaos,ppo,0.7255892600208182,0.8440552137363395,18.250000000000007,267.0,432.0,-0.2702159537155213,259.75
45,icmp_chaos,ppo-final,0.7244741453992678,0.8370728487719198,19.25,269.0,433.0,-0.266348703372652,259.75
46,benign,Sentinel,1.0,0.0,0.0,0.0,0.0,1.0,500.0
46,benign,Sentinel-final,1.0,0.0,0.0,0.0,0.0,1.0,500.0
46,benign,PPO-NoShield (Sentinel),1.0,0.0,0.0,0.0,0.0,1.0,0.0
46,benign,ShieldOnly,1.0,0.0,0.0,0.0,0.0,1.0,469.75
46,benign,Static,1.0,0.0,0.0,0.0,0.0,1.0,0.0
46,benign,Adaptive,1.0,0.0,0.0,0.0,0.0,1.0,0.0
46,benign,Random,0.9826878182944024,0.0,0.0,0.0,24.75,0.9826878182944024,0.0
46,benign,span,1.0,0.0,0.0,0.0,0.0,1.0,500.0
46,benign,span-final,1.0,0.0,0.0,0.0,0.0,1.0,500.0
46,benign,span_cgrpo,1.0,0.0,0.0,0.0,0.0,1.0,500.0
46,benign,span_cgrpo-final,1.0,0.0,0.0,0.0,0.0,1.0,500.0
46,benign,span_nosafe,1.0,0.0,0.0,0.0,0.0,1.0,500.0
46,benign,span_nosafe-final,1.0,0.0,0.0,0.0,0.0,1.0,500.0
46,benign,span_entropy,1.0,0.0,0.0,0.0,0.0,1.0,500.0
46,benign,span_entropy-final,1.0,0.0,0.0,0.0,0.0,1.0,500.0
46,benign,nscsd,1.0,0.0,0.0,0.0,0.0,1.0,500.0
46,benign,nscsd-final,1.0,0.0,0.0,0.0,0.0,1.0,500.0
46,benign,nscsd-tree,1.0,0.0,0.0,0.0,0.0,1.0,0.0
46,benign,ppo,1.0,0.0,0.0,0.0,0.0,1.0,500.0
46,benign,ppo-final,1.0,0.0,0.0,0.0,0.0,1.0,500.0
46,mild,Sentinel,0.9872731808698246,0.9727880269573717,0.0,0.0,0.0,0.014485153912453,310.75
46,mild,Sentinel-final,0.9809551615898086,0.992951478402072,0.0,0.0,0.0,-0.0119963168122634,310.75
46,mild,PPO-NoShield (Sentinel),0.9830363451001992,0.967853977810842,0.0,0.0,0.0,0.0151823672893574,0.0
46,mild,ShieldOnly,0.9726932964288546,0.9749833097586358,0.5,13.000000000000002,49.5,-0.0092900133297811,325.0
46,mild,Static,1.0,1.0,0.0,0.0,0.0,0.0,0.0
46,mild,Adaptive,0.9995875309208692,0.9985321867163106,0.0,0.0,0.5,0.0010553442045586,0.0
46,mild,Random,0.9318980963506004,0.9631023168418326,2.25,44.5,125.75,-0.055704220491232,0.0
46,mild,span,0.9757501907828408,0.9201697461434084,0.0,0.0,2.0,0.0555804446394322,140.0
46,mild,span-final,0.9779882189705564,0.9243357725366328,0.0,0.0,1.0,0.0536524464339237,139.5
46,mild,span_cgrpo,0.9666324609832512,0.9002109113715869,0.0,0.0,6.0,0.0664215496116643,98.0
46,mild,span_cgrpo-final,0.9732781390447268,0.9141212053068624,0.0,0.0,2.0,0.0591569337378643,98.5
46,mild,span_nosafe,0.9571110549788434,0.8759209201325502,0.0,0.0,34.25,0.0811901348462932,101.5
46,mild,span_nosafe-final,0.9671124379368224,0.8962285046829344,0.0,0.0,3.5,0.0708839332538879,101.5
46,mild,span_entropy,0.9577942224639454,0.8786167711133789,0.0,0.0,41.5,0.0791774513505665,100.75
46,mild,span_entropy-final,0.9675507637960898,0.8955051884630046,0.0,0.0,3.5000000000000004,0.0720455753330852,100.75
46,mild,nscsd,0.9464879563030452,0.8441186241210122,0.0,0.0,47.75,0.102369332182033,108.25
46,mild,nscsd-final,0.9469988561400992,0.8453987714751616,0.0,0.0,46.0,0.1016000846649376,119.5
46,mild,nscsd-tree,0.9470620182735278,0.8462345108017739,0.0,0.0,48.75,0.1008275074717538,0.5
46,mild,ppo,0.9946320449204804,0.9849398161010596,0.0,0.0,0.0,0.0096922288194206,380.0
46,mild,ppo-final,0.991102519365226,0.975129251260542,0.0,0.0,0.0,0.0159732681046838,380.25
46,strong,Sentinel,0.5007071278389148,0.8844004254465766,252.75000000000003,500.0,500.0,-0.8864432976076618,5.0
46,strong,Sentinel-final,0.4919947820649571,0.9319297575276432,327.0,500.0,500.0,-1.0169349754626862,5.0
46,strong,PPO-NoShield (Sentinel),0.5002612566068768,0.8834891193390997,255.00000000000009,500.0,500.0,-0.8882278627322229,0.0
46,strong,ShieldOnly,0.4846871289370514,0.888175659841972,251.50000000000009,500.0,500.0,-0.9049885309049206,46.5
46,strong,Static,0.5135542442232757,0.9112765974606406,141.5,500.0,500.0,-0.7892223532373649,0.0
46,strong,Adaptive,0.5472663667791673,0.982522345105702,4.000000000000001,500.0,500.0,-0.6892559783265347,0.0
46,strong,Random,0.4830235799195616,0.8918206493943306,261.74999999999994,500.0,500.0,-0.9205470694747688,0.0
46,strong,span,0.5202933091254887,0.8418798321918441,26.250000000000004,500.0,500.0,-0.5978365230663555,5.0
46,strong,span-final,0.5108905805506426,0.8085879609152092,115.75,500.0,500.0,-0.6634473803645666,5.0
46,strong,span_cgrpo,0.5128020882888136,0.823881398176073,47.5,500.0,500.0,-0.6085793098872594,5.0
46,strong,span_cgrpo-final,0.51130415864546,0.8181587987963784,68.49999999999999,500.0,500.0,-0.6253546401509185,5.0
46,strong,span_nosafe,0.5115181467334281,0.8136218028669162,76.49999999999999,500.0,500.0,-0.6286036561334881,5.0
46,strong,span_nosafe-final,0.5070209071764957,0.7945422811820573,180.75,500.0,500.0,-0.7182713740055615,5.0
46,strong,span_entropy,0.5149935207153036,0.8241895920319658,39.50000000000001,500.0,500.0,-0.5986960713166622,5.0
46,strong,span_entropy-final,0.5058323895364184,0.7897025819736404,208.25000000000009,500.0,500.0,-0.742120192437222,5.0
46,strong,nscsd,0.4679914384741058,0.6530257464067261,418.75,500.0,500.0,-0.8537843079326202,289.0
46,strong,nscsd-final,0.4680627374007743,0.6540077142546054,420.5,500.0,500.0,-0.856444976853831,117.75
46,strong,nscsd-tree,0.4684794320763928,0.6541350278940623,417.0000000000001,500.0,500.0,-0.8526555958176696,0.0
46,strong,ppo,0.5094923246175332,0.839299950759915,142.25000000000003,500.0,500.0,-0.7220576261423818,71.0
46,strong,ppo-final,0.4910633912448457,0.7744783070996818,333.75,500.0,500.0,-0.867164915854836,71.0
46,chaos,Sentinel,0.8337355378487441,0.923259750283368,18.5,169.50000000000003,225.50000000000003,-0.1927742124346239,186.5
46,chaos,Sentinel-final,0.8293842110886628,0.9483705437804284,18.000000000000007,168.99999999999997,233.25000000000003,-0.2214863326917656,186.5
46,chaos,PPO-NoShield (Sentinel),0.8316690664924646,0.9181561384773048,18.5,171.00000000000003,226.25,-0.1904870719848403,0.0
46,chaos,ShieldOnly,0.8186969598944813,0.915035454906054,38.5,182.75,249.75000000000009,-0.2262134950115726,211.5
46,chaos,Static,0.8527892125377632,0.9561448377793338,8.5,152.00000000000003,220.75,-0.1878556252415706,0.0
46,chaos,Adaptive,0.8657252592616734,0.981517102858794,9.500000000000002,146.25000000000003,208.25,-0.1984168435971205,0.0
46,chaos,Random,0.803215906970437,0.9257194306909714,39.75000000000001,194.75000000000003,272.25,-0.2596285237205344,0.0
46,chaos,span,0.8440909052782282,0.8714551069507326,10.0,152.50000000000003,241.5,-0.1136142016725044,162.5
46,chaos,span-final,0.8402990632729719,0.8550277603695589,10.25,157.50000000000003,243.75,-0.103728697096587,163.0
46,chaos,span_cgrpo,0.8391697821909666,0.8563678136140738,10.25,161.25000000000003,234.5,-0.1080730314231071,158.5
46,chaos,span_cgrpo-final,0.8385940010023305,0.8547028140028112,10.5,164.75,234.75,-0.1089838130004807,156.75
46,chaos,span_nosafe,0.8337433001543515,0.8379933468758697,11.5,163.50000000000003,248.5,-0.0975000467215182,159.25
46,chaos,span_nosafe-final,0.8329125287167418,0.829606952171823,11.25,164.5,248.0,-0.0901944234550811,157.0
46,chaos,span_entropy,0.8371813902775853,0.8478006637633486,10.75,158.25,246.75000000000003,-0.1004942734857633,159.0
46,chaos,span_entropy-final,0.8331902371210728,0.8287396762100989,11.75,164.5,247.25,-0.0895494390890261,157.75
46,chaos,nscsd,0.8031013274936442,0.7248605405021691,36.25000000000001,195.25,269.5,-0.0556342130085249,291.25
46,chaos,nscsd-final,0.8030762374860398,0.7268559386653781,36.75000000000001,196.25,271.75,-0.0586547011793382,224.5
46,chaos,nscsd-tree,0.8036601773083255,0.7266263491032025,35.75000000000001,194.75,271.25,-0.0560911717948769,0.0
46,chaos,ppo,0.8454978761494072,0.8953281292668354,9.500000000000002,161.75,223.0,-0.1402052531174281,239.5
46,chaos,ppo-final,0.8338851871411945,0.851735809908446,18.75,167.50000000000003,228.5,-0.1203506227672514,240.5
46,icmp,Sentinel,0.5308639591079682,0.7454162381260286,0.25,500.0,500.0,-0.4648022790180603,500.0
46,icmp,Sentinel-final,0.5309440398548316,0.7479463735328833,0.25,500.0,500.0,-0.4672523336780516,500.0
46,icmp,PPO-NoShield (Sentinel),0.5309618415011321,0.746163752019939,0.25,500.0,500.0,-0.4654519105188068,0.0
46,icmp,ShieldOnly,0.5053776877972088,0.6764275969131466,149.25000000000003,500.0,500.0,-0.5702999091159378,441.25
46,icmp,Static,0.5368687809793518,0.8068653073648177,0.0,500.0,500.0,-0.5199965263854659,0.0
46,icmp,Adaptive,0.5519748421322861,0.9618127768167716,0.25,500.0,500.0,-0.6600879346844855,0.0
46,icmp,Random,0.4751585403298463,0.9138284557691744,279.75,500.0,500.0,-0.968419915439328,0.0
46,icmp,span,0.5287129997903601,0.7231100941285639,1.0,500.0,500.0,-0.4453970943382037,500.0
46,icmp,span-final,0.5271128057751474,0.7056876885014474,2.5,500.0,500.0,-0.4310748827262999,500.0
46,icmp,span_cgrpo,0.5314010231399404,0.7509354374189016,0.25,500.0,500.0,-0.4697844142789611,500.0
46,icmp,span_cgrpo-final,0.5309697812510376,0.7465915887021813,0.5,500.0,500.0,-0.4661218074511438,500.0
46,icmp,span_nosafe,0.529891698131191,0.7357059776663368,0.5,500.0,500.0,-0.4563142795351458,500.0
46,icmp,span_nosafe-final,0.5281653517157425,0.7181054782105227,1.5,500.0,500.0,-0.4414401264947802,500.0
46,icmp,span_entropy,0.5313647557670037,0.7504990443019511,0.25,500.0,500.0,-0.4693842885349474,500.0
46,icmp,span_entropy-final,0.5287531278823863,0.7238701931669584,1.0,500.0,500.0,-0.4461170652845722,500.0
46,icmp,nscsd,0.5068568446197756,0.499810254820467,188.75,500.0,500.0,-0.4317034102006913,328.25
46,icmp,nscsd-final,0.5068730434950927,0.4988585934830073,188.0,500.0,500.0,-0.4299855499879146,10.5
46,icmp,nscsd-tree,0.5031267756191873,0.4639589401961567,217.75000000000003,500.0,500.0,-0.4285821645769694,0.0
46,icmp,ppo,0.528590623751058,0.7236984613948472,1.0,500.0,500.0,-0.4461078376437891,500.0
46,icmp,ppo-final,0.5184141040826103,0.6194914367020907,77.25,500.0,500.0,-0.4283273326194803,500.0
46,pulse,Sentinel,0.7582216758990951,0.8722806083584518,56.25,250.0,250.0,-0.2953089324593567,252.25
46,pulse,Sentinel-final,0.7495174229992744,0.9572711110441864,140.25,250.0,250.0,-0.473003688044912,252.25
46,pulse,PPO-NoShield (Sentinel),0.7542364410927151,0.8475668904061772,73.49999999999999,250.0,250.0,-0.291830449313462,0.0
46,pulse,ShieldOnly,0.7474471075971456,0.8977323684058847,97.0,250.0,253.0,-0.372285260808739,271.25
46,pulse,Static,0.7598979618763272,0.8839448368233779,44.75000000000001,250.0,250.0,-0.2937968749470507,0.0
46,pulse,Adaptive,0.7577430392851598,0.8678827041370815,81.49999999999999,250.0,250.0,-0.3166396648519216,0.0
46,pulse,Random,0.7316687823919177,0.8971118343753999,130.5,250.0,264.25,-0.4209430519834822,0.0
46,pulse,span,0.7627787401728173,0.8513871405716078,30.500000000000007,250.0,250.0,-0.2441084003987904,252.25
46,pulse,span-final,0.7597348018943054,0.8248533483678393,43.75,250.0,250.0,-0.2338685464735339,252.25
46,pulse,span_cgrpo,0.7593836018004257,0.8317800281321827,42.75,250.0,250.0,-0.2401464263317569,252.25
46,pulse,span_cgrpo-final,0.7590488940343815,0.8298442183281504,46.5,250.0,250.0,-0.2422953242937688,252.25
46,pulse,span_nosafe,0.7580307107154973,0.8204025841330485,50.25,250.0,250.0,-0.2376218734175511,252.25
46,pulse,span_nosafe-final,0.7574235174813029,0.8092693189169285,56.75,250.0,250.0,-0.2335958014356256,252.25
46,pulse,span_entropy,0.7590925913966482,0.8238710266578705,38.5,250.0,250.0,-0.2282784352612223,252.25
46,pulse,span_entropy-final,0.7567134015481686,0.8007587991822765,69.49999999999999,250.0,250.0,-0.2385453976341079,252.25
46,pulse,nscsd,0.7431639758829491,0.6823811727936542,166.99999999999997,250.0,250.0,-0.231217196910705,425.75
46,pulse,nscsd-final,0.7433177743209904,0.6830661507947686,166.5,250.0,250.0,-0.2312483764737782,350.25
46,pulse,nscsd-tree,0.7432990470749935,0.6834381325158968,166.75,250.0,250.0,-0.2318890854409033,0.0
46,pulse,ppo,0.7592313803672648,0.8595467183637983,31.750000000000007,250.0,250.0,-0.2570653379965334,318.25
46,pulse,ppo-final,0.752164485707525,0.8045760108300687,128.0,250.0,250.0,-0.3054115251225436,318.25
46,polymorph,Sentinel,0.6571377186083608,0.904902796730486,21.75,373.0,497.25,-0.4560150781221253,5.0
46,polymorph,Sentinel-final,0.644163992673721,0.957003994105274,23.000000000000004,394.25,498.75000000000006,-0.5329650014315531,5.0
46,polymorph,PPO-NoShield (Sentinel),0.656576924871785,0.9042316062322272,21.75,373.75,497.5,-0.4562796813604421,0.0
46,polymorph,ShieldOnly,0.6323726383149442,0.9214823295979514,70.75,398.25,489.5,-0.5589846912830072,66.5
46,polymorph,Static,0.6803742586703444,0.9385128608575762,5.0,343.0,485.7499999999999,-0.4346386021872318,0.0
46,polymorph,Adaptive,0.7143178384858477,0.9886654084172828,0.25,313.99999999999994,470.00000000000006,-0.4315975699314349,0.0
46,polymorph,Random,0.6312839560988317,0.9280978285825056,76.5,393.25,492.75,-0.5699388724836738,0.0
46,polymorph,span,0.6674707639332536,0.8887883482074719,13.000000000000002,364.0,495.0,-0.4163175842742183,5.0
46,polymorph,span-final,0.6565916869556803,0.8712987874005608,18.000000000000007,373.75,497.5,-0.4195821004448805,5.0
46,polymorph,span_cgrpo,0.6554512871359495,0.8701132847659423,18.500000000000007,378.25,498.50000000000006,-0.4222869976299928,5.0
46,polymorph,span_cgrpo-final,0.6535913490013349,0.8675195784398326,20.000000000000007,378.75000000000006,498.75,-0.4233032294384978,5.0
46,polymorph,span_nosafe,0.653213633266023,0.8651295170530446,23.5,379.75,498.75,-0.4252908837870216,5.0
46,polymorph,span_nosafe-final,0.6490537872052671,0.8621430313136539,23.5,382.75000000000006,499.0,-0.4279642441083868,5.0
46,polymorph,span_entropy,0.6571231518654511,0.8715547749137116,17.500000000000004,376.25,498.25,-0.4200566230482604,5.0
46,polymorph,span_entropy-final,0.646502512894148,0.8566968448879353,24.000000000000004,386.25,499.25,-0.4273193319937873,5.0
46,polymorph,nscsd,0.5909883849977537,0.7593695616018722,120.0,461.5,499.75,-0.5191311766041184,337.5
46,polymorph,nscsd-final,0.5914733619642297,0.7598111082744193,120.25,460.7499999999999,499.75,-0.5189627463101896,174.0
46,polymorph,nscsd-tree,0.5914123049827088,0.760113922036199,120.0,460.75,499.75,-0.5190766170534902,0.0
46,polymorph,ppo,0.6613251195546309,0.900807269708447,10.000000000000002,364.00000000000006,496.7499999999999,-0.4314821501538162,114.75
46,polymorph,ppo-final,0.6358455745560092,0.8590847245992744,57.00000000000001,395.5,499.25,-0.4779891500432652,114.75
46,boundary,Sentinel,0.9090733879445748,0.8974190409977961,0.0,19.75,156.25,0.0017793469467785,5.0
46,boundary,Sentinel-final,0.886189184054506,0.9644187064422196,0.0,8.75,204.00000000000003,-0.0826045223877136,5.0
46,boundary,PPO-NoShield (Sentinel),0.9085825360212368,0.8967546007155105,0.0,20.25,156.25,0.0017029353057263,0.0
46,boundary,ShieldOnly,0.873828644745727,0.9091744312903948,2.75,75.50000000000001,249.5,-0.0758457865446677,74.75
46,boundary,Static,0.9457091209182972,0.9693499452948158,0.0,0.25,126.00000000000004,-0.0237658243765184,0.0
46,boundary,Adaptive,0.9599093502794286,0.9960114027329224,0.0,0.75,101.75,-0.0364770524534938,0.0
46,boundary,Random,0.8666495314460173,0.9287895200536732,4.750000000000001,81.75000000000001,259.49999999999994,-0.1077649886076558,0.0
46,boundary,span,0.9075442022812517,0.8103902007249835,0.0,1.7500000000000002,160.25,0.0962790015562681,6.75
46,boundary,span-final,0.903766979834216,0.8000689707321698,0.0,1.7500000000000002,176.25000000000003,0.1028230091020461,5.5
46,boundary,span_cgrpo,0.9033360147113751,0.8030503750594364,0.0,2.5,166.50000000000003,0.0990356396519388,5.25
46,boundary,span_cgrpo-final,0.903855759517762,0.8059736775894111,0.0,3.0,160.25000000000003,0.0963820819283509,5.75
46,boundary,span_nosafe,0.8887598735969618,0.7688961158779086,0.0,5.0,258.75,0.1173637577190532,7.5
46,boundary,span_nosafe-final,0.8937775082808608,0.7743746328150575,0.0,4.75,210.75,0.1170278754658033,7.5
46,boundary,span_entropy,0.8925214618037117,0.7773350004322082,0.0,3.75,247.0,0.1133114613715035,6.75
46,boundary,span_entropy-final,0.8939474051244686,0.7737102074798975,0.0,4.75,212.75,0.117862197644571,7.25
46,boundary,nscsd,0.8575888025344813,0.6806379494001019,0.0,68.5,307.00000000000006,0.1427008531343794,315.25
46,boundary,nscsd-final,0.857859006026921,0.6816097024664894,0.0,68.0,307.00000000000006,0.1422493035604315,222.5
46,boundary,nscsd-tree,0.8584667252609185,0.6829200691977586,0.0,68.25,305.75,0.1414216560631598,0.0
46,boundary,ppo,0.9233692457455478,0.9001887353553999,0.0,0.5,146.50000000000003,0.0229305103901479,144.25
46,boundary,ppo-final,0.9059180500619712,0.8550853819783256,0.0,8.75,166.25,0.0464576680836456,144.25
46,icmp_chaos,Sentinel,0.7110950222424895,0.828786004130771,23.0,304.50000000000006,423.75000000000006,-0.2929409818882814,233.5
46,icmp_chaos,Sentinel-final,0.7012519581900282,0.8795399112942677,41.50000000000001,311.75,424.75000000000006,-0.3756629531042394,233.5
46,icmp_chaos,PPO-NoShield (Sentinel),0.7106991566938076,0.8275650579290719,23.0,305.24999999999994,424.00000000000006,-0.2924909012352643,0.0
46,icmp_chaos,ShieldOnly,0.6867577444145826,0.8131318869663383,63.25,328.75,420.25000000000006,-0.3539991425517557,242.75
46,icmp_chaos,Static,0.7270806937504284,0.8865788519634329,18.000000000000007,288.25,406.25,-0.3216231582130045,0.0
46,icmp_chaos,Adaptive,0.7451425470660351,0.9732039395015558,17.000000000000004,263.49999999999994,387.5,-0.3768113924355207,0.0
46,icmp_chaos,Random,0.6713926842541594,0.91291581840855,86.75000000000001,334.75,422.5,-0.4956481341543905,0.0
46,icmp_chaos,span,0.7220443501418844,0.812462345388458,22.250000000000004,296.5,410.75,-0.2609179952465735,237.0
46,icmp_chaos,span-final,0.7167608587936326,0.7850274378055818,22.25,304.5,412.5,-0.2427665790119492,236.75
46,icmp_chaos,span_cgrpo,0.7171485913524485,0.8080079820410463,23.750000000000004,301.25,413.25,-0.2652343906885978,240.25
46,icmp_chaos,span_cgrpo-final,0.7158828265795528,0.8030085817856909,23.500000000000004,303.00000000000006,415.75000000000006,-0.2621257552061381,239.25
46,icmp_chaos,span_nosafe,0.7160724251497185,0.7990154958952137,24.5,302.5,415.50000000000006,-0.2586930707454952,240.0
46,icmp_chaos,span_nosafe-final,0.7134364286173591,0.7790015270601409,21.75,307.24999999999994,418.25,-0.2409400984427817,239.5
46,icmp_chaos,span_entropy,0.7189343219371225,0.8075247563991106,23.750000000000004,299.25,411.25000000000006,-0.2619654344619881,240.0
46,icmp_chaos,span_entropy-final,0.7130568735899445,0.7765655067496257,23.0,306.5,416.25,-0.2397586331596811,239.75
46,icmp_chaos,nscsd,0.6807884014999668,0.59276960313974,48.25,335.99999999999994,432.5,-0.1282312016397732,317.25
46,icmp_chaos,nscsd-final,0.680964731460336,0.5938617796472428,47.5,336.49999999999994,432.5,-0.1286470481869068,122.75
46,icmp_chaos,nscsd-tree,0.6795258120079304,0.5794927041501654,50.25,338.25,432.75000000000006,-0.119341892142235,0.0
46,icmp_chaos,ppo,0.7156678144666877,0.813284396262325,19.750000000000004,304.5,412.5,-0.2696165817956372,289.5
46,icmp_chaos,ppo-final,0.7017455250762789,0.7395467256785542,27.000000000000004,316.0,422.75,-0.2228012006022753,290.0
47,benign,Sentinel,1.0,0.0,0.0,0.0,0.0,1.0,500.0
47,benign,Sentinel-final,1.0,0.0,0.0,0.0,0.0,1.0,500.0
47,benign,PPO-NoShield (Sentinel),1.0,0.0,0.0,0.0,0.0,1.0,0.0
47,benign,ShieldOnly,1.0,0.0,0.0,0.0,0.0,1.0,469.25
47,benign,Static,1.0,0.0,0.0,0.0,0.0,1.0,0.0
47,benign,Adaptive,1.0,0.0,0.0,0.0,0.0,1.0,0.0
47,benign,Random,0.9817926560965506,0.0,0.0,0.0,26.750000000000004,0.9817926560965506,0.0
47,benign,span,1.0,0.0,0.0,0.0,0.0,1.0,500.0
47,benign,span-final,1.0,0.0,0.0,0.0,0.0,1.0,500.0
47,benign,span_cgrpo,1.0,0.0,0.0,0.0,0.0,1.0,500.0
47,benign,span_cgrpo-final,1.0,0.0,0.0,0.0,0.0,1.0,500.0
47,benign,span_nosafe,1.0,0.0,0.0,0.0,0.0,1.0,500.0
47,benign,span_nosafe-final,1.0,0.0,0.0,0.0,0.0,1.0,500.0
47,benign,span_entropy,1.0,0.0,0.0,0.0,0.0,1.0,500.0
47,benign,span_entropy-final,1.0,0.0,0.0,0.0,0.0,1.0,500.0
47,benign,nscsd,1.0,0.0,0.0,0.0,0.0,1.0,500.0
47,benign,nscsd-final,1.0,0.0,0.0,0.0,0.0,1.0,500.0
47,benign,nscsd-tree,1.0,0.0,0.0,0.0,0.0,1.0,0.0
47,benign,ppo,1.0,0.0,0.0,0.0,0.0,1.0,500.0
47,benign,ppo-final,1.0,0.0,0.0,0.0,0.0,1.0,500.0
47,mild,Sentinel,0.9876013920186058,0.9826892665505024,0.0,0.0,0.0,0.0049121254681032,309.0
47,mild,Sentinel-final,0.9861335289868866,0.9911714349123104,0.0,0.0,0.0,-0.0050379059254239,309.0
47,mild,PPO-NoShield (Sentinel),0.9856650396830684,0.980956237946413,0.0,0.0,0.0,0.0047088017366554,0.0
47,mild,ShieldOnly,0.9721669229147656,0.9783985041310068,0.5,16.75,46.75,-0.0151065812162413,311.25
47,mild,Static,1.0,0.999444283947776,0.0,0.0,0.0,0.000555716052224,0.0
47,mild,Adaptive,0.9992552426363388,0.9988227348319249,0.0,0.0,2.0,0.0004325078044139,0.0
47,mild,Random,0.9314125947232668,0.9582506039075912,1.0,46.5,127.25000000000004,-0.0510880091843245,0.0
47,mild,span,0.9800837970235668,0.9466385848665028,0.0,0.0,0.5,0.033445212157064,270.0
47,mild,span-final,0.9848477924742814,0.9563001687543216,0.0,0.0,0.5,0.0285476237199598,270.5
47,mild,span_cgrpo,0.9738260873856543,0.9358312465441316,0.0,0.0,27.000000000000004,0.0379948408415227,317.75
47,mild,span_cgrpo-final,0.967648734877314,0.9211832344510396,0.0,0.0,62.25000000000001,0.0464655004262742,319.0
47,mild,span_nosafe,0.974026261147008,0.9358667386433184,0.0,0.0,26.750000000000004,0.0381595225036894,317.25
47,mild,span_nosafe-final,0.9632000365674592,0.9144065286432465,0.0,0.0,81.25000000000001,0.0487935079242127,324.5
47,mild,span_entropy,0.9716940260886489,0.9301267080246608,0.0,0.0,46.75,0.0415673180639881,317.25
47,mild,span_entropy-final,0.9698244675681442,0.9260310018848454,0.0,0.0,50.0,0.0437934656832987,317.75
47,mild,nscsd,0.963957345557014,0.8960288607986386,0.0,0.25,25.25,0.0678034847583754,158.25
47,mild,nscsd-final,0.963957345557014,0.8960288607986386,0.0,0.25,25.25,0.0678034847583754,158.25
47,mild,nscsd-tree,0.966467385974936,0.9062682075161288,0.0,0.0,14.000000000000002,0.060199178458807,1.5
47,mild,ppo,0.9907820209612392,0.9867428463924032,0.0,0.0,0.0,0.0040391745688361,309.0
47,mild,ppo-final,0.989863114058201,0.9767324313615644,0.0,0.0,0.0,0.0131306826966366,344.0
47,strong,Sentinel,0.5063165144310054,0.8677333135899238,210.25,500.0,500.0,-0.8216667991589184,5.0
47,strong,Sentinel-final,0.493706647062513,0.93984009190425,309.99999999999994,500.0,500.0,-1.006133444841737,5.0
47,strong,PPO-NoShield (Sentinel),0.505909858089059,0.8666861844069544,212.5,500.0,500.0,-0.8232763263178955,0.0
47,strong,ShieldOnly,0.4871583567279464,0.8787178535804763,243.0,500.0,500.0,-0.8845594968525298,67.75
47,strong,Static,0.5170245390803828,0.8963699983009038,107.75,500.0,500.0,-0.737095459220521,0.0
47,strong,Adaptive,0.5480717176023058,0.9793303781193108,3.5000000000000004,500.0,500.0,-0.6847586605170048,0.0
47,strong,Random,0.4828148527767327,0.8939090240818196,267.25,500.0,500.0,-0.9283441713050868,0.0
47,strong,span,0.5173332271319655,0.8268242564551509,59.0,500.0,500.0,-0.6184910293231853,5.0
47,strong,span-final,0.5212819895214691,0.8257921885424345,25.25,500.0,500.0,-0.5797601990209654,5.0
47,strong,span_cgrpo,0.4892118391321992,0.7104294995200394,304.50000000000006,500.0,500.0,-0.7757176603878402,5.5
47,strong,span_cgrpo-final,0.4874802148102815,0.7024875389777263,315.75000000000006,500.0,500.0,-0.7807573241674448,5.5
47,strong,span_nosafe,0.483800716019806,0.6891324009382185,341.75,500.0,500.0,-0.7970816849184125,7.25
47,strong,span_nosafe-final,0.4671717433867923,0.6347525665896715,406.25,500.0,500.0,-0.8238308232028793,87.5
47,strong,span_entropy,0.4837371625080565,0.6878626132984436,333.25000000000006,500.0,500.0,-0.7873754507903871,5.5
47,strong,span_entropy-final,0.4711015135035158,0.6424002623206658,391.75,500.0,500.0,-0.81304874881715,28.75
47,strong,nscsd,0.5051251941415295,0.7378580260045519,152.50000000000003,500.0,500.0,-0.6352328318630225,5.0
47,strong,nscsd-final,0.5051251941415295,0.7378580260045519,152.50000000000003,500.0,500.0,-0.6352328318630225,5.0
47,strong,nscsd-tree,0.5055331352290049,0.7405611235879482,156.50000000000003,500.0,500.0,-0.6415279883589433,0.0
47,strong,ppo,0.5149033352519536,0.822116651690757,116.25,500.0,500.0,-0.6734633164388033,5.0
47,strong,ppo-final,0.4969176095803768,0.7771238522779021,284.25,500.0,500.0,-0.8144562426975254,112.0
47,chaos,Sentinel,0.8177694181777545,0.9152532003771392,15.0,180.5,227.75000000000003,-0.2027337821993848,193.0
47,chaos,Sentinel-final,0.8065300935207305,0.969625153296916,33.25000000000001,193.5,226.5,-0.2930950597761854,193.0
47,chaos,PPO-NoShield (Sentinel),0.8163792593803032,0.9120946005028244,15.75,181.0,228.75,-0.2019653411225211,0.0
47,chaos,ShieldOnly,0.7986405728823188,0.9263067442065214,57.49999999999999,197.25,248.5,-0.2837911713242025,223.0
47,chaos,Static,0.8310419478648685,0.9460332926966742,8.749999999999998,179.5,223.75,-0.2134913448318057,0.0
47,chaos,Adaptive,0.8411279846653287,0.9823671335155916,10.75,175.75000000000003,224.25,-0.2398641488502628,0.0
47,chaos,Random,0.7836338795940015,0.929371183835506,56.50000000000001,209.5,274.25,-0.3069873042415044,0.0
47,chaos,span,0.8199385291028992,0.8817559223124943,10.25,180.75,223.5,-0.1624423932095951,187.5
47,chaos,span-final,0.8217265540174961,0.8845392131971554,11.250000000000002,180.25,225.50000000000003,-0.1641876591796593,188.5
47,chaos,span_cgrpo,0.8018432164948257,0.8100539004336031,55.75,181.5,248.50000000000003,-0.1547106839387774,197.0
47,chaos,span_cgrpo-final,0.7988644535812747,0.7975819407523214,56.75,181.75000000000003,252.50000000000009,-0.1463424871710467,196.75
47,chaos,span_nosafe,0.799617237251588,0.8001216887106171,57.00000000000001,182.0,249.25000000000003,-0.1485044514590291,197.0
47,chaos,span_nosafe-final,0.7871966227634011,0.754179587039288,77.5,186.25,262.75,-0.1376079642758869,236.25
47,chaos,span_entropy,0.798552729098214,0.7953350664625717,58.25,181.5,249.75,-0.1457823373643577,196.75
47,chaos,span_entropy-final,0.7903277925742966,0.7641586704628642,75.5,184.75,256.50000000000006,-0.1417058778885676,207.0
47,chaos,nscsd,0.8029964691911878,0.7997510278181503,27.750000000000004,187.0,243.25000000000003,-0.1180045586269624,159.5
47,chaos,nscsd-final,0.8029964691911878,0.7997510278181503,27.750000000000004,187.0,243.25000000000003,-0.1180045586269624,159.5
47,chaos,nscsd-tree,0.8047883514154682,0.8068549052687255,27.250000000000004,184.75,238.25000000000003,-0.1216915538532572,0.25
47,chaos,ppo,0.8223001942341913,0.9031134649781204,14.750000000000004,180.25,224.25,-0.1856882707439291,193.75
47,chaos,ppo-final,0.8129616463616577,0.8769581346257587,52.00000000000001,181.0,226.75,-0.206496488264101,282.0
47,icmp,Sentinel,0.5294374239470769,0.7586104557656652,0.0,500.0,500.0,-0.4791730318185883,500.0
47,icmp,Sentinel-final,0.5293777675885768,0.7594767015129305,0.0,500.0,500.0,-0.4800989339243536,500.0
47,icmp,PPO-NoShield (Sentinel),0.5293201137037548,0.7575462277367141,0.0,500.0,500.0,-0.4782261140329593,0.0
47,icmp,ShieldOnly,0.5014668767594106,0.6821084860938371,174.75000000000003,500.0,500.0,-0.6053916093344265,438.5
47,icmp,Static,0.5353300810976811,0.8131155902806414,0.0,500.0,500.0,-0.5277855091829603,0.0
47,icmp,Adaptive,0.551540356126581,0.9631271200868752,0.5,500.0,500.0,-0.6620867639602943,0.0
47,icmp,Random,0.4775588078624032,0.9189496729779184,278.5,500.0,500.0,-0.9698908651155154,0.0
47,icmp,span,0.5294290684293316,0.7584983424684835,0.0,500.0,500.0,-0.4790692740391519,500.0
47,icmp,span-final,0.5263207831703979,0.7293222615611746,6.0,500.0,500.0,-0.4590014783907767,500.0
47,icmp,span_cgrpo,0.5130133197211905,0.6063797761721744,146.00000000000003,500.0,500.0,-0.489366456450984,481.0
47,icmp,span_cgrpo-final,0.5121351074237596,0.5980073007018024,152.99999999999997,500.0,500.0,-0.4888721932780428,320.0
47,icmp,span_nosafe,0.5090723234116197,0.5700760890955792,179.5,500.0,500.0,-0.4905037656839595,421.75
47,icmp,span_nosafe-final,0.5003468287409554,0.4917796460028883,241.0,500.0,500.0,-0.482432817261933,185.75
47,icmp,span_entropy,0.5102777269925975,0.5802566419076204,170.5,500.0,500.0,-0.4904789149150228,427.5
47,icmp,span_entropy-final,0.5034423071534915,0.5174986395873453,219.50000000000003,500.0,500.0,-0.4835563324338539,5.0
47,icmp,nscsd,0.5292745588123061,0.7566177614159009,0.5,500.0,500.0,-0.4778432026035947,500.0
47,icmp,nscsd-final,0.5292745588123061,0.7566177614159009,0.5,500.0,500.0,-0.4778432026035947,500.0
47,icmp,nscsd-tree,0.5084224799890477,0.5641307792051141,185.5,500.0,500.0,-0.4912082992160664,0.0
47,icmp,ppo,0.5277325866086375,0.7427643909570829,2.0,500.0,500.0,-0.4670318043484454,500.0
47,icmp,ppo-final,0.5168020640184791,0.6432497642040622,100.74999999999996,500.0,500.0,-0.4771977001855831,500.0
47,pulse,Sentinel,0.7562225194426393,0.8955574189802084,83.49999999999999,250.0,250.0,-0.3478348995375691,252.5
47,pulse,Sentinel-final,0.7526596196180945,0.9399883846206812,103.5,250.0,250.0,-0.4158287650025868,252.5
47,pulse,PPO-NoShield (Sentinel),0.7518613143320941,0.8752979234054244,105.25,250.0,250.0,-0.3536866090733303,0.0
47,pulse,ShieldOnly,0.7463817903557706,0.89763967948233,104.25,250.0,252.5,-0.3805078891265595,262.75
47,pulse,Static,0.757657044786267,0.9031285040724086,62.49999999999999,250.0,250.0,-0.3329714592861416,0.0
47,pulse,Adaptive,0.755169231947926,0.8898803835965958,105.0,250.0,250.0,-0.3647111516486698,0.0
47,pulse,Random,0.731157723819128,0.8881743953480857,133.0,250.0,266.99999999999994,-0.4150166715289577,0.0
47,pulse,span,0.7600802058976134,0.8562289863677057,17.000000000000004,250.0,250.0,-0.2381487804700923,252.5
47,pulse,span-final,0.762099360222368,0.8635616680984308,8.0,250.0,250.0,-0.2344623078760628,252.5
47,pulse,span_cgrpo,0.7494667647299642,0.7684889808226875,141.75,250.0,250.0,-0.2857722160927232,252.75
47,pulse,span_cgrpo-final,0.7488113739864458,0.7628163689911988,142.75,250.0,250.0,-0.2817549950047529,252.75
47,pulse,span_nosafe,0.7472886437805641,0.7510303761076497,151.25000000000003,250.0,250.0,-0.2799917323270855,253.0
47,pulse,span_nosafe-final,0.7408583618820413,0.705190997435686,162.74999999999997,250.0,250.0,-0.2520826355536446,299.25
47,pulse,span_entropy,0.7473306309080625,0.7513077534571196,146.0,250.0,250.0,-0.2749771225490571,252.75
47,pulse,span_entropy-final,0.7424407267882748,0.712745156379059,157.75,250.0,250.0,-0.2530544295907842,276.5
47,pulse,nscsd,0.7562828831407464,0.8035747270492131,59.5,250.0,250.0,-0.2317918439084666,252.5
47,pulse,nscsd-final,0.7562828831407464,0.8035747270492131,59.5,250.0,250.0,-0.2317918439084666,252.5
47,pulse,nscsd-tree,0.7567564229437529,0.806969143666494,61.5,250.0,250.0,-0.236712720722741,0.0
47,pulse,ppo,0.7600532804936491,0.8559742979088576,39.25000000000001,250.0,250.0,-0.2601710174152085,252.5
47,pulse,ppo-final,0.7526376468923656,0.8218647316091697,125.25,250.0,250.0,-0.3194770847168041,287.25
47,polymorph,Sentinel,0.6524011191985893,0.904746610561239,18.500000000000004,388.75000000000006,496.25,-0.4652204913626496,5.0
47,polymorph,Sentinel-final,0.6408227620281447,0.9612684720844168,31.250000000000007,402.75,499.75,-0.5530707100562721,5.0
47,polymorph,PPO-NoShield (Sentinel),0.6519177757698194,0.9039366131886114,18.500000000000004,389.25,496.25,-0.465143837418792,0.0
47,polymorph,ShieldOnly,0.6265614024341211,0.9227280097516908,73.0,407.75,490.7499999999999,-0.5730416073175696,66.0
47,polymorph,Static,0.6730043710007452,0.93530086149117,3.2500000000000004,368.0,484.5,-0.4495464904904248,0.0
47,polymorph,Adaptive,0.7066537783841361,0.9879888600627836,1.0,330.49999999999994,463.25000000000006,-0.4475850816786475,0.0
47,polymorph,Random,0.6217657183994254,0.9260047227013444,88.75000000000003,411.75,489.7499999999999,-0.5988640043019191,0.0
47,polymorph,span,0.6611752187237185,0.8979832237593264,8.75,378.75000000000006,492.24999999999983,-0.4349330050356078,5.0
47,polymorph,span-final,0.6612392261441155,0.8938202682400485,12.25,377.25000000000006,491.5,-0.433456042095933,5.0
47,polymorph,span_cgrpo,0.6124125422587291,0.8127767877118792,72.75,434.25,500.0,-0.4902392454531501,5.0
47,polymorph,span_cgrpo-final,0.6093658057673718,0.8069341184490417,77.49999999999999,436.75,500.0,-0.4934433126816699,5.0
47,polymorph,span_nosafe,0.6050751135608518,0.7993924048056902,92.0,439.75,500.0,-0.5061922912448384,5.0
47,polymorph,span_nosafe-final,0.5807754720564914,0.7557121383668944,133.5,458.25,500.0,-0.537561666310403,92.75
47,polymorph,span_entropy,0.6048198921961934,0.7986260417131203,89.75000000000001,440.5,500.0,-0.503806149516927,5.0
47,polymorph,span_entropy-final,0.585897641481572,0.7644229422123762,126.25,454.25,500.0,-0.5319003007308041,36.75
47,polymorph,nscsd,0.6183770194399054,0.8166569444416236,72.00000000000001,422.50000000000006,498.75,-0.4815299250017182,5.0
47,polymorph,nscsd-final,0.6183770194399054,0.8166569444416236,72.00000000000001,422.50000000000006,498.75,-0.4815299250017182,5.0
47,polymorph,nscsd-tree,0.6218719355015548,0.8221374976785025,62.0,423.0,499.75,-0.4737655621769476,0.0
47,polymorph,ppo,0.6563500800426942,0.8928095051958789,12.750000000000002,386.75000000000006,496.0,-0.4425844251531846,5.0
47,polymorph,ppo-final,0.6338933294856839,0.8673860260329116,51.00000000000001,404.5,499.75,-0.4867426965472277,131.5
47,boundary,Sentinel,0.9195636312326756,0.9223723871341496,0.0,5.75,119.00000000000004,-0.0056837559014741,5.0
47,boundary,Sentinel-final,0.9119051038349804,0.9559268545730346,0.0,1.25,128.74999999999997,-0.0446467507380542,5.0
47,boundary,PPO-NoShield (Sentinel),0.9191153990461152,0.9216759373629506,0.0,6.0,120.25000000000004,-0.0055605383168354,0.0
47,boundary,ShieldOnly,0.8851932048990501,0.9195905177546182,2.5,65.5,216.00000000000003,-0.0696473128555681,52.75
47,boundary,Static,0.9587616417340576,0.9758367301119952,0.0,0.0,74.0,-0.0170750883779375,0.0
47,boundary,Adaptive,0.9737722262286368,0.9967128664699828,0.0,0.25,52.00000000000001,-0.023065640241346,0.0
47,boundary,Random,0.8853778720186822,0.9235624085707268,2.25,65.25,223.0,-0.0730595365520445,0.0
47,boundary,span,0.9226843445504918,0.8558148010561915,0.0,0.75,132.25,0.0664945434943003,5.75
47,boundary,span-final,0.9222740374879764,0.8520509750526498,0.0,0.75,123.0,0.0698480624353265,6.25
47,boundary,span_cgrpo,0.8912331303701638,0.7753931086734098,0.0,3.2500000000000004,255.5,0.114215021696754,8.25
47,boundary,span_cgrpo-final,0.8821137664411156,0.7529618653743657,0.0,5.5,285.75000000000006,0.1264019010667499,9.75
47,boundary,span_nosafe,0.8888151175467789,0.7695530625904968,0.0,6.500000000000001,265.75,0.116012054956282,9.5
47,boundary,span_nosafe-final,0.858242064884867,0.7112877316721139,0.0,21.750000000000004,353.50000000000006,0.1360793332127531,124.25
47,boundary,span_entropy,0.8856817028193056,0.7611892840920236,0.0,5.5,260.5,0.121742418727282,8.25
47,boundary,span_entropy-final,0.8683793936229888,0.7227052632328163,0.0,15.750000000000004,315.7500000000001,0.1377991303901725,23.75
47,boundary,nscsd,0.9050511943592408,0.7912314453050401,0.0,2.5,169.5,0.1125697490542006,7.0
47,boundary,nscsd-final,0.9050511943592408,0.7912314453050401,0.0,2.5,169.5,0.1125697490542006,7.0
47,boundary,nscsd-tree,0.9056423554577236,0.7918797773460996,0.0,3.0,165.25,0.112262578111624,0.0
47,boundary,ppo,0.9291716764609368,0.913440538878302,0.0,0.0,92.5,0.015731137582635,5.0
47,boundary,ppo-final,0.9203140510931684,0.8734258386663519,0.0,0.75,122.75,0.0465132124268165,65.25
47,icmp_chaos,Sentinel,0.7220286243674259,0.8335144712424697,26.000000000000004,277.25000000000006,425.5,-0.2761108468750438,292.75
47,icmp_chaos,Sentinel-final,0.7134168462292774,0.8772529564149141,29.000000000000004,310.5,428.00000000000006,-0.3480861101856367,292.75
47,icmp_chaos,PPO-NoShield (Sentinel),0.7214681406056008,0.8312003450164477,26.750000000000007,276.75000000000006,425.5,-0.2748572044108469,0.0
47,icmp_chaos,ShieldOnly,0.6941211394175064,0.8075136724874803,52.50000000000001,324.50000000000006,428.25,-0.3281425330699739,308.25
47,icmp_chaos,Static,0.7350651569078626,0.8880012847955017,16.750000000000004,252.25000000000003,422.5,-0.2958111278876391,0.0
47,icmp_chaos,Adaptive,0.7530755559423621,0.9718714087227458,13.500000000000002,238.75000000000003,421.0,-0.3516708527803837,0.0
47,icmp_chaos,Random,0.6790026084310934,0.9206654719660228,73.25000000000001,330.99999999999994,430.2499999999999,-0.4804128635349295,0.0
47,icmp_chaos,span,0.7279662099759833,0.8221016132011117,18.75,268.25,425.0,-0.2470104032251284,293.5
47,icmp_chaos,span-final,0.726099176104401,0.8029815522691713,19.0,277.25,424.75,-0.2345073761647703,293.25
47,icmp_chaos,span_cgrpo,0.7022558235317544,0.6846440105778452,43.0,320.5,430.0,-0.1856381870460907,286.25
47,icmp_chaos,span_cgrpo-final,0.700704883796065,0.6757954971837503,46.75000000000001,322.0,430.2499999999999,-0.1828406133876853,225.0
47,icmp_chaos,span_nosafe,0.6980581959711059,0.6603240418254779,55.25,324.75,430.2499999999999,-0.179890845854372,268.5
47,icmp_chaos,span_nosafe-final,0.6841663136761225,0.5944402370595647,66.0,341.0,430.5,-0.1467739233834422,198.0
47,icmp_chaos,span_entropy,0.6984921755816822,0.6627742114499966,54.49999999999999,325.25000000000006,430.2499999999999,-0.1814070358683144,268.25
47,icmp_chaos,span_entropy-final,0.6883153780147975,0.6096818330726276,63.0,336.5,430.5,-0.1526164550578301,80.75
47,icmp_chaos,nscsd,0.7178570607855159,0.7616314455003419,27.500000000000004,298.75,427.5,-0.2206493847148259,299.25
47,icmp_chaos,nscsd-final,0.7178570607855159,0.7616314455003419,27.500000000000004,298.75,427.5,-0.2206493847148259,299.25
47,icmp_chaos,nscsd-tree,0.705558611806608,0.6780685066579559,30.000000000000007,322.75,429.0,-0.1638848948513479,0.0
47,icmp_chaos,ppo,0.7251820401246457,0.8101311379127418,19.25,275.75000000000006,425.5,-0.2420740977880961,294.75
47,icmp_chaos,ppo-final,0.7120608770455076,0.7493890287161307,30.750000000000007,299.00000000000006,429.0,-0.2175781516706231,374.0
48,benign,Sentinel,1.0,0.0,0.0,0.0,0.0,1.0,500.0
48,benign,Sentinel-final,1.0,0.0,0.0,0.0,0.0,1.0,500.0
48,benign,PPO-NoShield (Sentinel),1.0,0.0,0.0,0.0,0.0,1.0,0.0
48,benign,ShieldOnly,1.0,0.0,0.0,0.0,0.0,1.0,473.25
48,benign,Static,1.0,0.0,0.0,0.0,0.0,1.0,0.0
48,benign,Adaptive,1.0,0.0,0.0,0.0,0.0,1.0,0.0
48,benign,Random,0.9807377780169586,0.0,0.0,0.0,32.00000000000001,0.9807377780169586,0.0
48,benign,span,1.0,0.0,0.0,0.0,0.0,1.0,500.0
48,benign,span-final,1.0,0.0,0.0,0.0,0.0,1.0,500.0
48,benign,span_cgrpo,1.0,0.0,0.0,0.0,0.0,1.0,500.0
48,benign,span_cgrpo-final,1.0,0.0,0.0,0.0,0.0,1.0,500.0
48,benign,span_nosafe,1.0,0.0,0.0,0.0,0.0,1.0,500.0
48,benign,span_nosafe-final,1.0,0.0,0.0,0.0,0.0,1.0,500.0
48,benign,span_entropy,1.0,0.0,0.0,0.0,0.0,1.0,500.0
48,benign,span_entropy-final,1.0,0.0,0.0,0.0,0.0,1.0,500.0
48,benign,nscsd,1.0,0.0,0.0,0.0,0.0,1.0,500.0
48,benign,nscsd-final,1.0,0.0,0.0,0.0,0.0,1.0,500.0
48,benign,nscsd-tree,1.0,0.0,0.0,0.0,0.0,1.0,0.0
48,benign,ppo,1.0,0.0,0.0,0.0,0.0,1.0,500.0
48,benign,ppo-final,1.0,0.0,0.0,0.0,0.0,1.0,500.0
48,mild,Sentinel,0.9873542071399128,0.9750141692633536,0.0,0.0,0.0,0.0123400378765591,303.75
48,mild,Sentinel-final,0.9890505023511906,0.9777655443224456,0.0,0.0,0.0,0.011284958028745,303.75
48,mild,PPO-NoShield (Sentinel),0.9843049613242528,0.9715638858093818,0.0,0.0,0.0,0.0127410755148711,0.0
48,mild,ShieldOnly,0.9695181226843388,0.97423468484584,0.75,17.750000000000004,53.25,-0.0143415621615011,312.0
48,mild,Static,1.0,1.0,0.0,0.0,0.0,0.0,0.0
48,mild,Adaptive,0.9992282937269452,0.9985791599553137,0.0,0.0,1.25,0.0006491337716316,0.0
48,mild,Random,0.9310078121752288,0.9591516571122224,1.0,42.0,132.75,-0.0501438449369935,0.0
48,mild,span,0.9802762205576286,0.9414258655722456,0.0,0.0,1.25,0.038850354985383,305.5
48,mild,span-final,0.98717332522498,0.958411783451628,0.0,0.0,0.0,0.0287615417733518,305.0
48,mild,span_cgrpo,0.9738600159614896,0.9285372756660292,0.0,0.0,17.0,0.0453227402954604,305.5
48,mild,span_cgrpo-final,0.9720774042375824,0.9224626045110916,0.0,0.0,23.25,0.0496147997264908,306.25
48,mild,span_nosafe,0.966441098010631,0.9062913859986846,0.0,0.0,21.5,0.0601497120119464,240.25
48,mild,span_nosafe-final,0.963553387854283,0.8999964967872216,0.0,0.0,34.49999999999999,0.0635568910670614,241.25
48,mild,span_entropy,0.9686617007473468,0.9108124996403216,0.0,0.0,14.000000000000002,0.0578492011070251,212.25
48,mild,span_entropy-final,0.9565010110719268,0.8882355121494866,0.0,0.0,78.99999999999999,0.0682654989224401,214.25
48,mild,nscsd,0.9324577275722936,0.8361661000778314,0.0,0.0,141.75,0.0962916274944621,91.75
48,mild,nscsd-final,0.9354910227080652,0.8417370564534694,0.0,0.0,134.74999999999997,0.0937539662545957,91.25
48,mild,nscsd-tree,0.932437674448239,0.8371161308061119,0.0,0.0,138.99999999999997,0.095321543642127,0.0
48,mild,ppo,0.9956733897377834,0.98951997120505,0.0,0.0,0.0,0.0061534185327334,355.0
48,mild,ppo-final,0.9899828576174192,0.9762755374797306,0.0,0.0,0.0,0.0137073201376886,355.5
48,strong,Sentinel,0.5074202701174443,0.8577104992174327,171.75,500.0,500.0,-0.7720402290999884,5.0
48,strong,Sentinel-final,0.5031359789242443,0.844805642239078,201.25,500.0,500.0,-0.7929196633148337,5.0
48,strong,PPO-NoShield (Sentinel),0.506965233964189,0.8568807925265112,174.25000000000003,500.0,500.0,-0.7741655585623222,0.0
48,strong,ShieldOnly,0.4879758140561446,0.8737971692604658,239.5,500.0,500.0,-0.8753213552043212,83.0
48,strong,Static,0.5182964868416746,0.890191526569329,111.25,500.0,500.0,-0.7331450397276544,0.0
48,strong,Adaptive,0.5481136184025261,0.9789587425623528,4.750000000000002,500.0,500.0,-0.6855951241598266,0.0
48,strong,Random,0.482972594950438,0.8954148445032688,255.75,500.0,500.0,-0.9181922495528309,0.0
48,strong,span,0.5174788337259194,0.7870698101760476,74.49999999999999,500.0,500.0,-0.5940909764501282,5.0
48,strong,span-final,0.5200583945642705,0.8113131419008882,34.0,500.0,500.0,-0.5752547473366177,5.0
48,strong,span_cgrpo,0.5126056475019,0.7863570724932165,104.0,500.0,500.0,-0.6277514249913165,5.0
48,strong,span_cgrpo-final,0.5096597900548292,0.772248490933977,141.50000000000003,500.0,500.0,-0.6540887008791478,5.0
48,strong,span_nosafe,0.5116319989797173,0.7640130706592603,98.5,500.0,500.0,-0.600881071679543,5.0
48,strong,span_nosafe-final,0.5052965750035667,0.737258731740319,164.00000000000003,500.0,500.0,-0.6459621567367523,5.0
48,strong,span_entropy,0.51511977842442,0.7838407322357368,58.50000000000001,500.0,500.0,-0.5772209538113168,5.0
48,strong,span_entropy-final,0.5036719162960782,0.7240053887068365,193.75,500.0,500.0,-0.6640834724107583,5.0
48,strong,nscsd,0.4772033672907926,0.631210580407944,400.75000000000006,500.0,500.0,-0.8047572131171514,11.25
48,strong,nscsd-final,0.4777177330537128,0.6324833573225355,397.25,500.0,500.0,-0.8020156242688226,10.75
48,strong,nscsd-tree,0.4772683206254439,0.6307121969737348,399.25,500.0,500.0,-0.8026938763482909,0.0
48,strong,ppo,0.5143549501607597,0.823986149325451,79.99999999999999,500.0,500.0,-0.6396311991646912,158.75
48,strong,ppo-final,0.5105615404144803,0.807545048707555,131.00000000000003,500.0,500.0,-0.6779835082930746,158.75
48,chaos,Sentinel,0.8425407192961762,0.9217152608583444,16.5,152.75,210.00000000000003,-0.172049541562168,197.0
48,chaos,Sentinel-final,0.8416499791981848,0.9183077459888408,20.0,152.49999999999997,210.00000000000003,-0.172907766790656,197.0
48,chaos,PPO-NoShield (Sentinel),0.8403392103321281,0.9171387364783194,16.5,153.50000000000003,211.50000000000003,-0.1700495261461913,0.0
48,chaos,ShieldOnly,0.8258189133760971,0.927861403664797,35.75000000000001,173.25000000000003,236.25,-0.2244174902886998,229.5
48,chaos,Static,0.856973473616455,0.9554616049063837,9.000000000000002,150.75,200.75000000000003,-0.1828631312899286,0.0
48,chaos,Adaptive,0.868028152334464,0.9864719587514262,8.749999999999998,139.0,193.75,-0.1966938064169623,0.0
48,chaos,Random,0.8072293200280226,0.9254228876389148,39.75,183.5,270.49999999999994,-0.2496935676108921,0.0
48,chaos,span,0.849690868513105,0.8726313014264461,9.25,152.24999999999997,211.25000000000003,-0.108315432913341,198.75
48,chaos,span-final,0.8523387452872759,0.8871889158109509,9.500000000000002,151.75,206.00000000000003,-0.120225170523675,199.0
48,chaos,span_cgrpo,0.8436637116352348,0.8539606440533494,13.250000000000002,153.0,214.00000000000003,-0.1000469324181145,200.75
48,chaos,span_cgrpo-final,0.841235054610161,0.8424305879052154,14.000000000000002,153.0,217.0,-0.0916955332950544,201.0
48,chaos,span_nosafe,0.8407248364880907,0.8437390023681999,13.250000000000002,153.75,217.75000000000003,-0.0931391658801091,175.5
48,chaos,span_nosafe-final,0.8355945812358481,0.8245519701014343,15.000000000000004,153.99999999999997,221.75000000000003,-0.0809573888655862,176.5
48,chaos,span_entropy,0.8433146145178604,0.8555149292276619,11.250000000000002,153.0,215.25000000000003,-0.0999503147098015,171.75
48,chaos,span_entropy-final,0.8335283365770267,0.8147557543542409,15.000000000000004,153.75,232.75,-0.0731024177772141,173.75
48,chaos,nscsd,0.8097878390581963,0.7246862612088238,34.99999999999999,173.75,258.0,-0.0367734221506275,147.0
48,chaos,nscsd-final,0.8110273759300698,0.7275590496673747,34.75,173.49999999999997,252.5,-0.0380316737373049,146.0
48,chaos,nscsd-tree,0.80987476308095,0.7253047380477866,35.25,174.5,252.50000000000009,-0.0379299749668366,0.25
48,chaos,ppo,0.8525222690208981,0.9071584071633164,10.5,151.5,204.5,-0.1408861381424181,282.75
48,chaos,ppo-final,0.847482373900385,0.8889229554208656,12.250000000000002,153.0,208.00000000000003,-0.1301905815204805,283.25
48,icmp,Sentinel,0.5301758402549612,0.7523830438193438,0.25,500.0,500.0,-0.4724572035643826,500.0
48,icmp,Sentinel-final,0.5272281909226434,0.7233290414222743,4.500000000000001,500.0,500.0,-0.4506008504996309,500.0
48,icmp,PPO-NoShield (Sentinel),0.5300784517944741,0.751012298465163,0.25,500.0,500.0,-0.4711838466706889,0.0
48,icmp,ShieldOnly,0.5037834840866967,0.6786124852729012,161.25,500.0,500.0,-0.5860790011862045,445.25
48,icmp,Static,0.5359957389815692,0.8092974040965206,0.0,500.0,500.0,-0.5233016651149515,0.0
48,icmp,Adaptive,0.5515833513162292,0.9621480832606334,0.5,500.0,500.0,-0.6610647319444043,0.0
48,icmp,Random,0.4761554083377007,0.9146772997668912,280.74999999999994,500.0,500.0,-0.9692718914291903,0.0
48,icmp,span,0.5243200499274079,0.6914252224456889,19.5,500.0,500.0,-0.436605172518281,499.5
48,icmp,span-final,0.5228718271329946,0.6805526726734896,38.75000000000001,500.0,500.0,-0.446430845540495,499.75
48,icmp,span_cgrpo,0.5287571662368198,0.7382200494365307,1.25,500.0,500.0,-0.4607128831997109,500.0
48,icmp,span_cgrpo-final,0.5266820531554635,0.7175994641074088,5.5,500.0,500.0,-0.4464174109519453,490.5
48,icmp,span_nosafe,0.5302545361991443,0.7528968047099944,0.25,500.0,500.0,-0.4728922685108501,500.0
48,icmp,span_nosafe-final,0.5280733591508627,0.7303156878753687,2.5,500.0,500.0,-0.454742328724506,500.0
48,icmp,span_entropy,0.5302876694818836,0.7534854640600748,0.25,500.0,500.0,-0.4734477945781912,500.0
48,icmp,span_entropy-final,0.5258371970065621,0.7072165758746369,11.25,500.0,500.0,-0.4426293788680748,500.0
48,icmp,nscsd,0.5054089796885807,0.5093330700559922,201.25,500.0,500.0,-0.4551740903674114,367.0
48,icmp,nscsd-final,0.5057149909247796,0.5123098036469991,199.0,500.0,500.0,-0.4555948127222195,228.75
48,icmp,nscsd-tree,0.5055693513583852,0.5104831402100924,200.25,500.0,500.0,-0.4551637888517072,0.0
48,icmp,ppo,0.5265239645527291,0.717941705125824,6.500000000000001,500.0,500.0,-0.4479177405730949,500.0
48,icmp,ppo-final,0.5263692129561466,0.7165544824758552,6.750000000000001,500.0,500.0,-0.4469352695197086,500.0
48,pulse,Sentinel,0.756395298242648,0.8909866382623823,89.75000000000001,250.0,250.0,-0.3493413400197344,253.0
48,pulse,Sentinel-final,0.7546244687408311,0.8818092900743315,100.74999999999996,250.0,250.0,-0.3529348213335004,253.0
48,pulse,PPO-NoShield (Sentinel),0.7521949616575928,0.8689058521612292,111.75,250.0,250.0,-0.3534608905036364,0.0
48,pulse,ShieldOnly,0.7472430881592327,0.8942134024948698,101.75,250.0,253.0,-0.3737203143356371,269.0
48,pulse,Static,0.7581404270227912,0.8992304643909002,78.99999999999999,250.0,250.0,-0.3450900373681089,0.0
48,pulse,Adaptive,0.7552922211963826,0.8897517801265022,86.75000000000001,250.0,250.0,-0.3462095589301196,0.0
48,pulse,Random,0.7307599655941621,0.8899014264299725,128.75,250.0,270.00000000000006,-0.4128914608358104,0.0
48,pulse,span,0.7647998492722065,0.850771166025071,9.500000000000002,250.0,250.0,-0.2204713167528645,253.0
48,pulse,span-final,0.7640283968974166,0.8490162035149466,9.5,250.0,250.0,-0.2194878066175299,253.0
48,pulse,span_cgrpo,0.7610823731792629,0.822882821049484,37.50000000000001,250.0,250.0,-0.2243004478702211,253.0
48,pulse,span_cgrpo-final,0.7598634061004893,0.8100162986911739,47.50000000000001,250.0,250.0,-0.2226528925906845,253.0
48,pulse,span_nosafe,0.7608046337427553,0.8239614079127309,16.75,250.0,250.0,-0.2049067741699755,253.0
48,pulse,span_nosafe-final,0.7581186285155506,0.8006986475531713,30.250000000000007,250.0,250.0,-0.1978300190376207,253.0
48,pulse,span_entropy,0.7630413011667171,0.8403995398667092,10.5,250.0,250.0,-0.2128582386999921,253.0
48,pulse,span_entropy-final,0.75972221625633,0.800082527055712,36.00000000000001,250.0,250.0,-0.201360310799382,253.0
48,pulse,nscsd,0.7469751354142444,0.6877636139503958,144.75000000000003,250.0,250.0,-0.2105384785361513,257.75
48,pulse,nscsd-final,0.7471391361735729,0.6893130709395493,144.25000000000003,250.0,250.0,-0.2114239347659764,257.5
48,pulse,nscsd-tree,0.7469171216060029,0.6872943550869942,144.75000000000003,250.0,250.0,-0.2101272334809913,0.0
48,pulse,ppo,0.7609235266323646,0.8498907629592919,27.750000000000004,250.0,250.0,-0.2417172363269272,295.75
48,pulse,ppo-final,0.7594021097198912,0.8361385897610374,41.0,250.0,250.0,-0.2427364800411462,295.75
48,polymorph,Sentinel,0.6561996928535643,0.9023767987737902,15.250000000000004,388.25000000000006,497.0,-0.4555521059202259,5.0
48,polymorph,Sentinel-final,0.6519561706358543,0.8954730417120214,25.25,391.75,497.75,-0.464641871076167,5.0
48,polymorph,PPO-NoShield (Sentinel),0.6556743433449521,0.9016395289395728,15.500000000000004,389.25,497.2499999999999,-0.4560901855946206,0.0
48,polymorph,ShieldOnly,0.6283565078348671,0.9181698632532396,72.50000000000001,406.75,490.5,-0.5656883554183725,70.25
48,polymorph,Static,0.6782079645724822,0.9350731001335634,2.75,355.5,485.5,-0.4373651355610811,0.0
48,polymorph,Adaptive,0.7117247618347633,0.9879160652112896,1.0,318.50000000000006,468.25,-0.4364413033765263,0.0
48,polymorph,Random,0.6268908548363856,0.9252270813776652,79.25000000000001,403.25,490.2499999999999,-0.5792112265412797,0.0
48,polymorph,span,0.6574664046948558,0.8712104306998562,21.0,384.25000000000006,493.5,-0.4268690260050003,5.0
48,polymorph,span-final,0.6675350077053774,0.8968844160668799,7.750000000000002,371.0,493.2499999999999,-0.4225994083615024,5.0
48,polymorph,span_cgrpo,0.6504951560260275,0.8688290014440436,21.5,396.25,499.0,-0.4379588454180161,5.0
48,polymorph,span_cgrpo-final,0.6457334463636604,0.8602452070807013,26.250000000000004,401.5,499.25,-0.4415117607170409,5.0
48,polymorph,span_nosafe,0.6479648495916818,0.8558548690887473,26.500000000000007,398.75000000000006,497.5,-0.4337650194970656,5.0
48,polymorph,span_nosafe-final,0.6375256174381049,0.8376779887777401,37.75000000000001,409.0,499.25,-0.4424023713396352,5.0
48,polymorph,span_entropy,0.6548369823970076,0.8710359164635472,17.250000000000004,389.0,496.75,-0.4279489340665395,5.0
48,polymorph,span_entropy-final,0.6338487525205594,0.8299070788952412,45.25000000000001,413.25,499.5,-0.4479333263746817,5.0
48,polymorph,nscsd,0.5941817391246501,0.7658624643586143,109.5,456.25,499.5,-0.5093057252339642,5.0
48,polymorph,nscsd-final,0.595001615817282,0.7671737774190623,109.0,455.5,499.5,-0.5089221616017804,5.0
48,polymorph,nscsd-tree,0.5941925989327673,0.7660713919384812,110.25,456.25,499.5,-0.5102537930057138,0.0
48,polymorph,ppo,0.6613684002931215,0.9046302493777378,12.25,378.5,496.25,-0.4447618490846163,127.75
48,polymorph,ppo-final,0.6528338046948647,0.8910879845758485,23.0,390.75000000000006,499.0,-0.4566291798809838,127.75
48,boundary,Sentinel,0.8994740212193552,0.9140648362450616,0.0,13.750000000000002,171.24999999999997,-0.0214658150257064,5.0
48,boundary,Sentinel-final,0.8987152896475884,0.9126659990176714,0.0,16.0,173.5,-0.021950709370083,5.0
48,boundary,PPO-NoShield (Sentinel),0.8990515893000535,0.9132768676028312,0.0,14.000000000000002,171.75,-0.0212252783027776,0.0
48,boundary,ShieldOnly,0.8704587980270079,0.9155299508017992,3.2500000000000004,77.25,256.75,-0.0869461527747912,59.75
48,boundary,Static,0.938005698107881,0.9717531494706566,0.0,0.0,152.75,-0.0337474513627755,0.0
48,boundary,Adaptive,0.9533653441525406,0.995242682777422,0.0,0.25,131.74999999999997,-0.0420023386248815,0.0
48,boundary,Random,0.8598965928529552,0.9286022292186592,5.500000000000001,87.25000000000001,280.25,-0.1178306363657039,0.0
48,boundary,span,0.8968307434850109,0.8367746525162859,0.0,2.25,208.0,0.0589310909687249,6.25
48,boundary,span-final,0.904481011754498,0.8589992883697113,0.0,1.25,167.74999999999997,0.0448567233847867,5.75
48,boundary,span_cgrpo,0.8890405336105991,0.8170466312096607,0.0,3.750000000000001,236.25000000000003,0.0701189024009383,6.0
48,boundary,span_cgrpo-final,0.8827400655297539,0.7998420899135057,0.0,6.750000000000001,252.25,0.0795229756162482,6.0
48,boundary,span_nosafe,0.8838112923182434,0.8033787213956085,0.0,4.500000000000001,271.49999999999994,0.0781825709226348,6.25
48,boundary,span_nosafe-final,0.8753953162356443,0.7846045674731419,0.0,6.25,304.5,0.0876657487625023,6.75
48,boundary,span_entropy,0.885551962352493,0.8097843705505531,0.0,3.2500000000000004,266.5,0.0741425918019399,6.25
48,boundary,span_entropy-final,0.8668243794056201,0.7672165005451062,0.0,8.5,338.5,0.0953578788605139,8.75
48,boundary,nscsd,0.8433276288608713,0.7092391584569075,0.0,67.75,387.5,0.1002134704039637,16.5
48,boundary,nscsd-final,0.8451371781252897,0.7118146865382354,0.0,66.99999999999999,384.0,0.0998224915870542,15.25
48,boundary,nscsd-tree,0.8434497533442118,0.7092752183571922,0.0,68.24999999999999,387.0,0.1000495349870196,0.5
48,boundary,ppo,0.9187128863462336,0.915569236389311,0.0,0.75,158.75,0.0027686499569227,98.75
48,boundary,ppo-final,0.907382630979014,0.8894274020846386,0.0,1.25,170.0,0.0173302288943755,99.0
48,icmp_chaos,Sentinel,0.6839405409203063,0.8389114295441213,33.75,348.0,459.4999999999999,-0.362720888623815,246.75
48,icmp_chaos,Sentinel-final,0.6806193342436979,0.8231999471617758,41.99999999999999,349.75,462.2499999999999,-0.3594556129180778,246.0
48,icmp_chaos,PPO-NoShield (Sentinel),0.6834071295223624,0.83770657189962,34.49999999999999,348.0,459.75,-0.3627994423772576,0.0
48,icmp_chaos,ShieldOnly,0.6583763097579663,0.8075361792019617,69.99999999999999,364.0,468.25,-0.4011598694439954,254.25
48,icmp_chaos,Static,0.6999063918406339,0.8924077296256374,19.0,333.0,450.25,-0.3780013377850035,0.0
48,icmp_chaos,Adaptive,0.7212820912195045,0.9784269422907114,17.250000000000004,299.75,441.75000000000006,-0.4242698510712068,0.0
48,icmp_chaos,Random,0.6411070734486385,0.91487667343679,91.5,377.75,466.25,-0.5541445999881516,0.0
48,icmp_chaos,span,0.6895848820488306,0.7814560894208246,25.250000000000004,334.49999999999994,465.7499999999999,-0.2843712073719939,246.0
48,icmp_chaos,span-final,0.6899573893055632,0.782245325258933,23.000000000000004,338.25,466.7499999999999,-0.2844129359533698,245.5
48,icmp_chaos,span_cgrpo,0.6881694003334048,0.7829140429419532,27.000000000000004,341.74999999999994,462.75,-0.2926196426085484,250.25
48,icmp_chaos,span_cgrpo-final,0.685069974239372,0.7653933856931974,29.750000000000007,343.5,466.25,-0.2818234114538254,240.0
48,icmp_chaos,span_nosafe,0.6890428732404552,0.7953792211899259,28.250000000000004,339.25,460.5,-0.3042113479494707,253.0
48,icmp_chaos,span_nosafe-final,0.6836272620295176,0.7701229508392822,30.500000000000007,344.0,462.75,-0.2889956888097645,253.25
48,icmp_chaos,span_entropy,0.6905855198067317,0.8025854387852032,25.500000000000004,339.5,460.25,-0.3072499189784715,253.0
48,icmp_chaos,span_entropy-final,0.6817036635043996,0.7536180811554798,31.75,343.5,466.4999999999999,-0.2754144176510802,253.0
48,icmp_chaos,nscsd,0.652338901226166,0.604607050373243,58.75000000000001,377.75,475.25,-0.199893149147077,212.25
48,icmp_chaos,nscsd-final,0.6530852418669923,0.6066869452190689,58.50000000000001,375.5,475.25,-0.1998517033520765,147.75
48,icmp_chaos,nscsd-tree,0.6526493010641798,0.6054855882009886,59.75000000000001,376.25000000000006,475.25,-0.2007112871368088,0.0
48,icmp_chaos,ppo,0.6897273129261964,0.8046817854208035,23.750000000000004,341.0,462.75,-0.3092044724946071,312.25
48,icmp_chaos,ppo-final,0.6865051312483526,0.7926541507849927,27.000000000000004,343.24999999999994,462.9999999999999,-0.3047740195366401,312.5
49,benign,Sentinel,1.0,0.0,0.0,0.0,0.0,1.0,500.0
49,benign,Sentinel-final,1.0,0.0,0.0,0.0,0.0,1.0,500.0
49,benign,PPO-NoShield (Sentinel),1.0,0.0,0.0,0.0,0.0,1.0,0.0
49,benign,ShieldOnly,1.0,0.0,0.0,0.0,0.0,1.0,473.75
49,benign,Static,1.0,0.0,0.0,0.0,0.0,1.0,0.0
49,benign,Adaptive,1.0,0.0,0.0,0.0,0.0,1.0,0.0
49,benign,Random,0.9821396090178852,0.0,0.0,0.0,21.5,0.9821396090178852,0.0
49,benign,span,1.0,0.0,0.0,0.0,0.0,1.0,500.0
49,benign,span-final,1.0,0.0,0.0,0.0,0.0,1.0,500.0
49,benign,span_cgrpo,1.0,0.0,0.0,0.0,0.0,1.0,500.0
49,benign,span_cgrpo-final,1.0,0.0,0.0,0.0,0.0,1.0,500.0
49,benign,span_nosafe,1.0,0.0,0.0,0.0,0.0,1.0,500.0
49,benign,span_nosafe-final,1.0,0.0,0.0,0.0,0.0,1.0,500.0
49,benign,span_entropy,1.0,0.0,0.0,0.0,0.0,1.0,500.0
49,benign,span_entropy-final,1.0,0.0,0.0,0.0,0.0,1.0,500.0
49,benign,nscsd,1.0,0.0,0.0,0.0,0.0,1.0,500.0
49,benign,nscsd-final,1.0,0.0,0.0,0.0,0.0,1.0,500.0
49,benign,nscsd-tree,1.0,0.0,0.0,0.0,0.0,1.0,0.0
49,benign,ppo,1.0,0.0,0.0,0.0,0.0,1.0,500.0
49,benign,ppo-final,1.0,0.0,0.0,0.0,0.0,1.0,500.0
49,mild,Sentinel,0.9916007247158886,0.9842255589514344,0.0,0.0,0.0,0.007375165764454,323.0
49,mild,Sentinel-final,0.9870739225528388,0.9945858711828748,0.0,0.0,0.0,-0.0075119486300359,323.0
49,mild,PPO-NoShield (Sentinel),0.9900690058695704,0.9812796993274352,0.0,0.0,0.0,0.0087893065421351,0.0
49,mild,ShieldOnly,0.9728735474401772,0.9767577283708622,0.0,14.750000000000004,50.24999999999999,-0.0112591809306848,334.0
49,mild,Static,1.0,1.0,0.0,0.0,0.0,0.0,0.0
49,mild,Adaptive,0.999007967896168,0.9989556852536372,0.0,0.0,1.25,5.228264253076542e-05,0.0
49,mild,Random,0.9341032392745796,0.9618466484127244,1.0,43.75000000000001,121.24999999999996,-0.0506184091381447,0.0
49,mild,span,0.9793374380766324,0.93134563703379,0.0,0.0,2.2500000000000004,0.0479918010428421,222.0
49,mild,span-final,0.9835445753730256,0.9477651111432296,0.0,0.0,1.5,0.0357794642297961,222.0
49,mild,span_cgrpo,0.9751831184794394,0.9199118343297076,0.0,0.0,1.25,0.0552712841497317,245.5
49,mild,span_cgrpo-final,0.9751831184794394,0.9199118343297076,0.0,0.0,1.25,0.0552712841497317,245.5
49,mild,span_nosafe,0.9797343578077128,0.9318355421829908,0.0,0.0,4.000000000000001,0.0478988156247222,326.25
49,mild,span_nosafe-final,0.9797343578077128,0.9318355421829908,0.0,0.0,4.000000000000001,0.0478988156247222,326.25
49,mild,span_entropy,0.9772706339110644,0.9272183307452588,0.0,0.0,11.25,0.0500523031658056,328.0
49,mild,span_entropy-final,0.9772706339110644,0.9272183307452588,0.0,0.0,11.25,0.0500523031658056,328.0
49,mild,nscsd,0.9471337386152064,0.8429715361925808,0.0,0.0,49.75,0.1041622024226255,68.25
49,mild,nscsd-final,0.951270196036728,0.8534401831047962,0.0,0.0,42.24999999999999,0.0978300129319318,67.25
49,mild,nscsd-tree,0.9488222023000372,0.8491481677207139,0.0,0.0,49.50000000000001,0.0996740345793234,1.5
49,mild,ppo,0.9925013192365596,0.98561424794493,0.0,0.0,0.0,0.0068870712916293,323.0
49,mild,ppo-final,0.9956845857706658,0.988264034512657,0.0,0.0,0.0,0.0074205512580087,395.25
49,strong,Sentinel,0.5131658666993308,0.8483156200348427,134.75,500.0,500.0,-0.7198997533355119,5.0
49,strong,Sentinel-final,0.4950674762022823,0.957787126544608,327.5,500.0,500.0,-1.0402196503423258,5.0
49,strong,PPO-NoShield (Sentinel),0.5127982241360975,0.8472131541583765,136.5,500.0,500.0,-0.720914930022279,0.0
49,strong,ShieldOnly,0.4894453995841229,0.8705191623928416,236.75000000000003,500.0,500.0,-0.8678237628087186,86.5
49,strong,Static,0.5211690062180396,0.8767977508567512,96.75,500.0,500.0,-0.7023787446387115,0.0
49,strong,Adaptive,0.5486497585125408,0.9760564992907506,3.5000000000000004,500.0,500.0,-0.6809067407782097,0.0
49,strong,Random,0.4831150570216324,0.8985950717968393,266.5,500.0,500.0,-0.9319800147752068,0.0
49,strong,span,0.5173767895046861,0.7714382589725896,49.50000000000001,500.0,500.0,-0.5535614694679034,5.0
49,strong,span-final,0.5220739546417015,0.8155658686746838,29.5,500.0,500.0,-0.5729919140329823,5.0
49,strong,span_cgrpo,0.522098975171249,0.8199594750053452,18.250000000000004,500.0,500.0,-0.5661104998340961,5.0
49,strong,span_cgrpo-final,0.522098975171249,0.8199594750053452,18.250000000000004,500.0,500.0,-0.5661104998340961,5.0
49,strong,span_nosafe,0.5133923122438908,0.7627342935375829,94.75,500.0,500.0,-0.5940919812936921,5.0
49,strong,span_nosafe-final,0.5133923122438908,0.7627342935375829,94.75,500.0,500.0,-0.5940919812936921,5.0
49,strong,span_entropy,0.5110352829380771,0.7440823450840647,124.75,500.0,500.0,-0.6077970621459876,5.0
49,strong,span_entropy-final,0.5110352829380771,0.7440823450840647,124.75,500.0,500.0,-0.6077970621459876,5.0
49,strong,nscsd,0.4963104623075686,0.6697532642888592,269.75000000000006,500.0,500.0,-0.6931928019812906,10.75
49,strong,nscsd-final,0.4879977371938424,0.6373443741041382,308.5,500.0,500.0,-0.7078466369102958,13.5
49,strong,nscsd-tree,0.4965855031463498,0.6717113729161684,270.75,500.0,500.0,-0.6958758697698186,0.0
49,strong,ppo,0.521246745451771,0.8135052318110876,39.0,500.0,500.0,-0.5812584863593167,139.25
49,strong,ppo-final,0.5117269608843321,0.7944717601150435,161.25000000000003,500.0,500.0,-0.6939947992307114,177.75
49,chaos,Sentinel,0.839830630642427,0.8683167141510403,12.25,168.74999999999997,221.0,-0.1251110835086132,200.75
49,chaos,Sentinel-final,0.8288053164846888,0.9216582887942956,18.0,181.00000000000003,235.00000000000003,-0.2013529723096069,200.75
49,chaos,PPO-NoShield (Sentinel),0.8387144142484967,0.865238662252471,12.25,169.25,222.75,-0.1233992480039743,0.0
49,chaos,ShieldOnly,0.8206321354149054,0.8761391001001826,38.99999999999999,183.25,242.00000000000009,-0.1861319646852771,223.25
49,chaos,Static,0.8505468542638536,0.9016285703439202,8.750000000000002,155.75,213.75000000000003,-0.1377067160800666,0.0
49,chaos,Adaptive,0.8631135905581745,0.9350596165834576,9.000000000000002,147.25,211.25,-0.1545710260252831,0.0
49,chaos,Random,0.8024109174212442,0.873605958039516,39.75,197.0,268.5,-0.2094450406182718,0.0
49,chaos,span,0.8431589851192823,0.8133629482492377,12.5,165.74999999999997,221.5,-0.0655789631299553,188.75
49,chaos,span-final,0.8449222105603511,0.831366790640826,9.500000000000002,163.49999999999997,220.25,-0.0776945800804748,188.0
49,chaos,span_cgrpo,0.8428990445560769,0.8361695295779299,11.500000000000002,164.25,222.00000000000003,-0.086895485021853,199.5
49,chaos,span_cgrpo-final,0.8428990445560769,0.8361695295779299,11.500000000000002,164.25,222.00000000000003,-0.086895485021853,199.5
49,chaos,span_nosafe,0.8382465197434795,0.8050158960487319,14.250000000000002,173.25,227.75000000000003,-0.0676443763052523,208.0
49,chaos,span_nosafe-final,0.8382465197434795,0.8050158960487319,14.250000000000002,173.25,227.75000000000003,-0.0676443763052523,208.0
49,chaos,span_entropy,0.8367424954593601,0.7924413073182249,16.5,173.25,228.25,-0.0588238118588648,206.25
49,chaos,span_entropy-final,0.8367424954593601,0.7924413073182249,16.5,173.25,228.25,-0.0588238118588648,206.25
49,chaos,nscsd,0.8272976675413254,0.7395302486939361,21.0,178.75,236.50000000000003,-0.0226075811526107,168.5
49,chaos,nscsd-final,0.819715994575289,0.7133078058081306,42.49999999999999,180.25000000000003,239.75000000000009,-0.0262168112328416,170.75
49,chaos,nscsd-tree,0.826391485543969,0.7373532764099748,22.75,178.00000000000003,237.50000000000009,-0.0227117908660058,0.5
49,chaos,ppo,0.8460097458921993,0.8467255797665256,9.750000000000002,167.24999999999997,220.75,-0.0940908338743262,224.75
49,chaos,ppo-final,0.841898680931936,0.8478317851966428,13.750000000000002,168.75,221.0,-0.1040581042647068,268.75
49,icmp,Sentinel,0.5323173185368544,0.746647198648631,0.5,500.0,500.0,-0.4648298801117766,500.0
49,icmp,Sentinel-final,0.5322064541655999,0.7471406460236449,0.5,500.0,500.0,-0.4654341918580451,500.0
49,icmp,PPO-NoShield (Sentinel),0.5330609836231052,0.7549047260682633,0.25,500.0,500.0,-0.4720937424451581,0.0
49,icmp,ShieldOnly,0.5049678640816285,0.6700358906146322,159.24999999999997,500.0,500.0,-0.5743180265330037,439.75
49,icmp,Static,0.5375438636307611,0.8035715118830524,0.0,500.0,500.0,-0.5160276482522913,0.0
49,icmp,Adaptive,0.5520218460494906,0.9613400713008676,0.5,500.0,500.0,-0.6598182252513771,0.0
49,icmp,Random,0.4771955530894656,0.9194624107440814,275.75,500.0,500.0,-0.9680168576546158,0.0
49,icmp,span,0.5250446416124555,0.6652771613592594,25.000000000000004,500.0,500.0,-0.415232519746804,500.0
49,icmp,span-final,0.5267385984255804,0.6860256133547179,16.500000000000004,500.0,500.0,-0.4257870149291375,500.0
49,icmp,span_cgrpo,0.5323391876061851,0.7468720644558813,0.5,500.0,500.0,-0.4650328768496961,500.0
49,icmp,span_cgrpo-final,0.5323391876061851,0.7468720644558813,0.5,500.0,500.0,-0.4650328768496961,500.0
49,icmp,span_nosafe,0.5320208313839081,0.7431340137868752,0.5,500.0,500.0,-0.461613182402967,500.0
49,icmp,span_nosafe-final,0.5320208313839081,0.7431340137868752,0.5,500.0,500.0,-0.461613182402967,500.0
49,icmp,span_entropy,0.5306062042234605,0.7268934007847947,1.25,500.0,500.0,-0.4475371965613341,500.0
49,icmp,span_entropy-final,0.5306062042234605,0.7268934007847947,1.25,500.0,500.0,-0.4475371965613341,500.0
49,icmp,nscsd,0.5140454286114261,0.5484242095556209,137.00000000000003,500.0,500.0,-0.4213787809441948,242.25
49,icmp,nscsd-final,0.5109020361545745,0.5135729093153467,156.25,500.0,500.0,-0.4089208731607722,22.5
49,icmp,nscsd-tree,0.5127726687515748,0.5370399633271407,143.25000000000006,500.0,500.0,-0.4175172945755659,1.0
49,icmp,ppo,0.532274489536569,0.7462156657401918,0.5,500.0,500.0,-0.4644411762036228,500.0
49,icmp,ppo-final,0.5252825300095532,0.6718446025992657,24.75,500.0,500.0,-0.4213120725897125,500.0
49,pulse,Sentinel,0.7578300973058083,0.891748284861932,75.25,250.0,250.0,-0.3341681875561237,252.25
49,pulse,Sentinel-final,0.7534559623356308,0.9531235168069212,111.0,250.0,250.0,-0.4356675544712902,252.25
49,pulse,PPO-NoShield (Sentinel),0.7538786189366358,0.8705956359410589,95.0,250.0,250.0,-0.3367170170044231,0.0
49,pulse,ShieldOnly,0.7472589782417114,0.895567809826449,95.75,250.0,254.0,-0.3690588315847376,266.5
49,pulse,Static,0.7586058777668027,0.8958168563739461,67.25,250.0,250.0,-0.3294609786071435,0.0
49,pulse,Adaptive,0.7555515102297365,0.8827202647740805,85.75,250.0,250.0,-0.3379187545443439,0.0
49,pulse,Random,0.732011453587987,0.8963446291353743,129.0,250.0,264.00000000000006,-0.4183331755473872,0.0
49,pulse,span,0.762095648283392,0.8249926424647054,10.5,250.0,250.0,-0.1983969941813133,252.25
49,pulse,span-final,0.7634498309080651,0.8499987348152113,11.500000000000002,250.0,250.0,-0.2230489039071462,252.25
49,pulse,span_cgrpo,0.7641674265649612,0.8619798747549533,4.25,250.0,250.0,-0.2270624481899921,252.25
49,pulse,span_cgrpo-final,0.7641674265649612,0.8619798747549533,4.25,250.0,250.0,-0.2270624481899921,252.25
49,pulse,span_nosafe,0.7603394531071086,0.8159673574003907,28.000000000000004,250.0,250.0,-0.2086279042932821,252.25
49,pulse,span_nosafe-final,0.7603394531071086,0.8159673574003907,28.000000000000004,250.0,250.0,-0.2086279042932821,252.25
49,pulse,span_entropy,0.7594779182147915,0.8014460920609313,35.25,250.0,250.0,-0.2022181738461398,252.25
49,pulse,span_entropy-final,0.7594779182147915,0.8014460920609313,35.25,250.0,250.0,-0.2022181738461398,252.25
49,pulse,nscsd,0.75195841568781,0.7315746425170504,117.25,250.0,250.0,-0.2218662268292404,254.5
49,pulse,nscsd-final,0.7490925641926307,0.709575479036209,137.0,250.0,250.0,-0.2224829148435783,255.5
49,pulse,nscsd-tree,0.752298937300796,0.7322206225280025,113.75,250.0,250.0,-0.2186716852272064,0.0
49,pulse,ppo,0.7628437555839562,0.8483060716769062,17.249999999999996,250.0,250.0,-0.2277123160929499,304.25
49,pulse,ppo-final,0.7591074314295096,0.8323293767631753,51.50000000000001,250.0,250.0,-0.2497219453336656,322.5
49,polymorph,Sentinel,0.6569398812840904,0.9101460808640645,13.750000000000002,382.5,496.25,-0.4582061995799739,5.0
49,polymorph,Sentinel-final,0.6484274895108392,0.9635366574794496,21.5,389.5,499.0,-0.5313591679686105,5.0
49,polymorph,PPO-NoShield (Sentinel),0.6564256069825374,0.9095043436818212,13.750000000000002,382.75,496.25,-0.4582037366992837,0.0
49,polymorph,ShieldOnly,0.628373219164369,0.9195886806117912,77.75000000000001,400.25,487.75,-0.5690904614474223,72.75
49,polymorph,Static,0.6753238851085199,0.9362128796942752,4.25,355.0,481.75000000000006,-0.4426389945857553,0.0
49,polymorph,Adaptive,0.709124570071759,0.9883013711597344,1.25,331.0,463.25000000000006,-0.4459268010879754,0.0
49,polymorph,Random,0.6261338666494516,0.93065589144896,80.75000000000001,407.25,489.7499999999999,-0.5888970247995085,0.0
49,polymorph,span,0.6583790893924237,0.8820448687451028,13.750000000000004,378.75000000000006,494.5,-0.426790779352679,5.0
49,polymorph,span-final,0.6664357774981786,0.9038602592103996,6.750000000000001,367.0,493.0,-0.4276744817122209,5.0
49,polymorph,span_cgrpo,0.6639061179953263,0.9034272004939452,5.249999999999999,375.50000000000006,493.75,-0.4325210824986188,5.0
49,polymorph,span_cgrpo-final,0.6639061179953263,0.9034272004939452,5.249999999999999,375.50000000000006,493.75,-0.4325210824986188,5.0
49,polymorph,span_nosafe,0.6480213385079896,0.8676305797907207,21.750000000000004,394.5,499.5,-0.438609241282731,5.0
49,polymorph,span_nosafe-final,0.6480213385079896,0.8676305797907207,21.750000000000004,394.5,499.5,-0.438609241282731,5.0
49,polymorph,span_entropy,0.6428451041632097,0.8548501835576072,27.750000000000007,399.5,499.5,-0.4395050793943975,5.0
49,polymorph,span_entropy-final,0.6428451041632097,0.8548501835576072,27.750000000000007,399.5,499.5,-0.4395050793943975,5.0
49,polymorph,nscsd,0.6247131042897759,0.8203837069451444,69.5,415.25,499.25,-0.4727956026553685,5.0
49,polymorph,nscsd-final,0.6062182216788291,0.7878199093645493,92.0,435.50000000000006,500.0,-0.4913516876857201,5.0
49,polymorph,nscsd-tree,0.6255245883021305,0.8225209508650677,68.0,413.25,499.25,-0.4716213625629372,0.0
49,polymorph,ppo,0.6625711020557017,0.897326772173988,8.500000000000002,372.5,495.9999999999999,-0.4295056701182863,103.0
49,polymorph,ppo-final,0.6537858110187538,0.8928986385505793,21.25,381.25,495.74999999999983,-0.4509878275318255,131.25
49,boundary,Sentinel,0.928311074284909,0.9080913288299212,0.0,2.5,93.25,0.0189697454549877,5.0
49,boundary,Sentinel-final,0.9086024744646932,0.971084946877177,0.0,0.25,145.24999999999997,-0.0626074724124837,5.0
49,boundary,PPO-NoShield (Sentinel),0.9278929578468142,0.9074657449261812,0.0,2.5,93.5,0.019177212920633,0.0
49,boundary,ShieldOnly,0.8845545967089873,0.9156579916719544,2.0,69.24999999999999,219.00000000000003,-0.067728394962967,71.0
49,boundary,Static,0.9598862693808896,0.9663222172944972,0.0,0.0,68.0,-0.0064359479136075,0.0
49,boundary,Adaptive,0.9732987584101912,0.9955276348033728,0.0,0.0,55.49999999999999,-0.0222288763931818,0.0
49,boundary,Random,0.8836051527554174,0.9321373339080298,3.0,64.5,223.0,-0.0837821811526123,0.0
49,boundary,span,0.909221385750458,0.8120393803997142,0.0,1.5,185.5,0.0964320053507438,8.25
49,boundary,span-final,0.9184302274073516,0.8443889073659132,0.0,1.25,124.5,0.0734163200414382,8.5
49,boundary,span_cgrpo,0.9156142815503988,0.8326271543772057,0.0,0.5,140.75,0.082737127173193,6.0
49,boundary,span_cgrpo-final,0.9156142815503988,0.8326271543772057,0.0,0.5,140.75,0.082737127173193,6.0
49,boundary,span_nosafe,0.9058918440473832,0.802612362523357,0.0,0.75,209.0,0.1029044815240262,6.0
49,boundary,span_nosafe-final,0.9058918440473832,0.802612362523357,0.0,0.75,209.0,0.1029044815240262,6.0
49,boundary,span_entropy,0.9001877945311477,0.7872802819442708,0.0,2.0,242.50000000000003,0.1119075125868769,7.25
49,boundary,span_entropy-final,0.9001877945311477,0.7872802819442708,0.0,2.0,242.50000000000003,0.1119075125868769,7.25
49,boundary,nscsd,0.8822493653457721,0.7533240851709817,0.0,4.0,293.00000000000006,0.1269252801747904,21.5
49,boundary,nscsd-final,0.8739770675971018,0.7305977221918829,0.0,9.25,317.0,0.1387543454052189,20.0
49,boundary,nscsd-tree,0.8812051603406159,0.7532636215845172,0.0,7.000000000000001,290.0,0.1244415387560987,0.0
49,boundary,ppo,0.9321397428495812,0.9072905595129288,0.0,0.0,84.25,0.0248491833366524,65.75
49,boundary,ppo-final,0.9344410877585672,0.9029204126141634,0.0,0.0,89.75000000000001,0.0315206751444037,133.25
49,icmp_chaos,Sentinel,0.7096493420684631,0.8403732760135256,20.500000000000007,322.25,416.5,-0.3123489339450626,250.5
49,icmp_chaos,Sentinel-final,0.7052922980276191,0.8696562528081747,29.250000000000004,340.74999999999994,420.5,-0.3639889547805556,250.5
49,icmp_chaos,PPO-NoShield (Sentinel),0.7096038376569395,0.8430513517848202,20.500000000000007,322.0,416.25000000000006,-0.3149475141278807,0.0
49,icmp_chaos,ShieldOnly,0.6845037730976427,0.8083725209224228,56.75,345.50000000000006,419.75,-0.3533687478247802,258.5
49,icmp_chaos,Static,0.7217984842468074,0.8889731783244763,18.000000000000007,318.0,411.25,-0.344174694077669,0.0
49,icmp_chaos,Adaptive,0.7406695356952293,0.9743438460168936,18.000000000000007,294.75,402.5,-0.3990493103216642,0.0
49,icmp_chaos,Random,0.6709883649086783,0.9135727267895504,71.00000000000001,355.50000000000006,424.25,-0.4913343618808721,0.0
49,icmp_chaos,span,0.7137313423183578,0.7833219808023709,20.25,326.25,421.0,-0.2529656384840131,254.0
49,icmp_chaos,span-final,0.7148132467561342,0.802003834665982,19.750000000000007,323.24999999999994,417.0,-0.2685655879098477,249.25
49,icmp_chaos,span_cgrpo,0.7181331376493104,0.8293261255653732,20.500000000000007,322.75,419.25,-0.2930679879160628,256.5
49,icmp_chaos,span_cgrpo-final,0.7181331376493104,0.8293261255653732,20.500000000000007,322.75,419.25,-0.2930679879160628,256.5
49,icmp_chaos,span_nosafe,0.7121377355616552,0.8043641533988121,20.500000000000007,327.5,420.0,-0.2764764178371569,256.75
49,icmp_chaos,span_nosafe-final,0.7121377355616552,0.8043641533988121,20.500000000000007,327.5,420.0,-0.2764764178371569,256.75
49,icmp_chaos,span_entropy,0.7109610944793553,0.7924826063609194,21.0,329.75,421.0,-0.2673965118815641,256.25
49,icmp_chaos,span_entropy-final,0.7109610944793553,0.7924826063609194,21.0,329.75,421.0,-0.2673965118815641,256.25
49,icmp_chaos,nscsd,0.6950294766559879,0.6826450207163611,24.250000000000004,339.99999999999994,423.00000000000006,-0.1818655440603732,160.25
49,icmp_chaos,nscsd-final,0.6862698529491642,0.6454867711571257,25.000000000000004,348.5,423.75,-0.1584669182079615,86.75
49,icmp_chaos,nscsd-tree,0.6937625144468955,0.6758669711831591,23.750000000000004,338.25,423.00000000000006,-0.1749794567362635,0.5
49,icmp_chaos,ppo,0.7151374694567305,0.8200423220113209,20.500000000000007,322.25,416.25,-0.2865298525545904,295.5
49,icmp_chaos,ppo-final,0.7092224666585544,0.7860608630503486,21.5,325.49999999999994,418.25,-0.2610883963917942,312.25
50,benign,Sentinel,1.0,0.0,0.0,0.0,0.0,1.0,500.0
50,benign,Sentinel-final,1.0,0.0,0.0,0.0,0.0,1.0,500.0
50,benign,PPO-NoShield (Sentinel),1.0,0.0,0.0,0.0,0.0,1.0,0.0
50,benign,ShieldOnly,1.0,0.0,0.0,0.0,0.0,1.0,469.75
50,benign,Static,1.0,0.0,0.0,0.0,0.0,1.0,0.0
50,benign,Adaptive,1.0,0.0,0.0,0.0,0.0,1.0,0.0
50,benign,Random,0.9819644661949352,0.0,0.0,0.0,27.500000000000007,0.9819644661949352,0.0
50,benign,span,1.0,0.0,0.0,0.0,0.0,1.0,500.0
50,benign,span-final,1.0,0.0,0.0,0.0,0.0,1.0,500.0
50,benign,span_cgrpo,1.0,0.0,0.0,0.0,0.0,1.0,500.0
50,benign,span_cgrpo-final,1.0,0.0,0.0,0.0,0.0,1.0,500.0
50,benign,span_nosafe,1.0,0.0,0.0,0.0,0.0,1.0,500.0
50,benign,span_nosafe-final,1.0,0.0,0.0,0.0,0.0,1.0,500.0
50,benign,span_entropy,1.0,0.0,0.0,0.0,0.0,1.0,500.0
50,benign,span_entropy-final,1.0,0.0,0.0,0.0,0.0,1.0,500.0
50,benign,nscsd,1.0,0.0,0.0,0.0,0.0,1.0,500.0
50,benign,nscsd-final,1.0,0.0,0.0,0.0,0.0,1.0,500.0
50,benign,nscsd-tree,1.0,0.0,0.0,0.0,0.0,1.0,0.0
50,benign,ppo,1.0,0.0,0.0,0.0,0.0,1.0,500.0
50,benign,ppo-final,1.0,0.0,0.0,0.0,0.0,1.0,500.0
50,mild,Sentinel,0.9931716651196232,0.9809924451463272,0.0,0.0,0.0,0.012179219973296,378.0
50,mild,Sentinel-final,0.98918627573265,0.993999746263272,0.0,0.0,0.0,-0.0048134705306221,378.0
50,mild,PPO-NoShield (Sentinel),0.9904972228280572,0.9760049552721868,0.0,0.0,0.0,0.0144922675558702,0.0
50,mild,ShieldOnly,0.9829040022990404,0.9832275880858156,0.25,8.500000000000002,28.750000000000004,-0.0048235857867752,369.0
50,mild,Static,1.0,0.9974253918497143,0.0,0.0,0.0,0.0025746081502855,0.0
50,mild,Adaptive,0.9994282745740656,0.9960358336418184,0.0,0.0,0.5,0.0033924409322469,0.0
50,mild,Random,0.935311296588194,0.9663836524827776,2.25,45.75,120.5,-0.0561973558945836,0.0
50,mild,span,0.9913936107319052,0.9594570787727422,0.0,0.0,1.0,0.0319365319591629,286.5
50,mild,span-final,0.9934564197612124,0.9713253809174988,0.0,0.0,0.0,0.0221310388437134,286.5
50,mild,span_cgrpo,0.9674149679572556,0.8944014839887515,0.0,0.0,14.499999999999998,0.0730134839685039,177.0
50,mild,span_cgrpo-final,0.9664531398781976,0.8911920808360465,0.0,0.0,19.0,0.0752610590421511,177.25
50,mild,span_nosafe,0.9859580939744468,0.9501110753841608,0.0,0.0,1.7500000000000002,0.0358470185902859,378.25
50,mild,span_nosafe-final,0.9811912429114982,0.9367404038254028,0.0,0.0,26.500000000000004,0.0444508390860953,379.5
50,mild,span_entropy,0.9815986486372232,0.9375790257789908,0.0,0.0,22.75,0.0440196228582326,379.5
50,mild,span_entropy-final,0.9813624362193034,0.9365310863507016,0.0,0.0,25.0,0.0448313498686019,379.25
50,mild,nscsd,0.950567062287606,0.8556403388638149,0.0,0.0,49.25,0.094926723423791,112.0
50,mild,nscsd-final,0.9551569753172794,0.8640430110222781,0.0,0.0,40.25,0.0911139642950012,111.75
50,mild,nscsd-tree,0.9485258389411312,0.8546721017348571,0.0,0.0,53.00000000000001,0.0938537372062739,1.5
50,mild,ppo,0.996268086056754,0.988023388760584,0.0,0.0,0.0,0.0082446972961699,416.0
50,mild,ppo-final,0.9915303326025936,0.9769034459488836,0.0,0.0,0.0,0.0146268866537101,416.5
50,strong,Sentinel,0.5037095870334923,0.8834032401699468,211.5,500.0,500.0,-0.8411936531364543,5.0
50,strong,Sentinel-final,0.4992496535160955,0.9292550095649408,219.75000000000003,500.0,500.0,-0.8997553560488454,5.0
50,strong,PPO-NoShield (Sentinel),0.5032620553291587,0.8825841218599354,213.75,500.0,500.0,-0.8430720665307767,0.0
50,strong,ShieldOnly,0.4874309651241993,0.8838291489824716,250.0,500.0,500.0,-0.8963981838582722,49.25
50,strong,Static,0.5144687100827069,0.9078074417850124,131.74999999999997,500.0,500.0,-0.7750887317023054,0.0
50,strong,Adaptive,0.5475060681006999,0.9820644842220808,4.000000000000001,500.0,500.0,-0.6885584161213809,0.0
50,strong,Random,0.4832079174742328,0.8912962791047276,266.25,500.0,500.0,-0.9243383616304948,0.0
50,strong,span,0.5251393621078396,0.856841815367304,22.25,500.0,500.0,-0.6039524532594643,5.0
50,strong,span-final,0.5235180590904801,0.8632817942829615,7.750000000000002,500.0,500.0,-0.5975137351924813,5.0
50,strong,span_cgrpo,0.5123286817219806,0.8233371138167863,52.50000000000001,500.0,500.0,-0.6135084320948057,5.0
50,strong,span_cgrpo-final,0.5086606097178138,0.8061912869821273,112.5,500.0,500.0,-0.6600306772643134,5.0
50,strong,span_nosafe,0.5042337070666622,0.7946763330894474,213.0,500.0,500.0,-0.7534426260227852,5.0
50,strong,span_nosafe-final,0.4937798190643095,0.7387498499968066,287.5,500.0,500.0,-0.782470030932497,5.0
50,strong,span_entropy,0.5077202397409343,0.7948104375963894,122.75000000000004,500.0,500.0,-0.6598401978554551,5.0
50,strong,span_entropy-final,0.4985242159632255,0.7538303622484002,259.75000000000006,500.0,500.0,-0.7650561462851746,5.0
50,strong,nscsd,0.4734385577840007,0.6737327583630626,399.25,500.0,500.0,-0.8495442005790619,9.75
50,strong,nscsd-final,0.4768231347652499,0.6824259316841146,390.5,500.0,500.0,-0.8461027969188646,7.5
50,strong,nscsd-tree,0.4734824789560494,0.6738630725803973,398.25,500.0,500.0,-0.8486305936243479,0.25
50,strong,ppo,0.5080999185556145,0.8265101794939176,157.99999999999997,500.0,500.0,-0.726410260938303,82.75
50,strong,ppo-final,0.4997382002497803,0.7960035428489107,270.0,500.0,500.0,-0.8162653425991304,82.75
50,chaos,Sentinel,0.8626372822396495,0.9316809359892804,14.000000000000002,136.5,195.5,-0.1512936537496309,224.25
50,chaos,Sentinel-final,0.8579855339688928,0.9648671592238176,14.750000000000004,149.50000000000003,195.5,-0.1963816252549247,224.25
50,chaos,PPO-NoShield (Sentinel),0.8607499089499415,0.9273477271841536,14.500000000000002,138.5,196.0,-0.1503478182342121,0.0
50,chaos,ShieldOnly,0.8458989389694626,0.9335913837206368,24.75,155.5,224.5,-0.190192444751174,246.75
50,chaos,Static,0.8782318460340758,0.95522521783626,7.250000000000001,122.75,194.0,-0.1456183718021841,0.0
50,chaos,Adaptive,0.8885872694293815,0.9808322881571008,7.250000000000001,104.5,194.25,-0.1517450187277194,0.0
50,chaos,Random,0.8250851131726007,0.9259479852792538,27.750000000000004,169.5,258.50000000000006,-0.2133628721066531,0.0
50,chaos,span,0.8731110914751697,0.9083583163340178,8.5,129.25,195.25,-0.108372224858848,214.5
50,chaos,span-final,0.8734658994709003,0.9208766389966052,8.250000000000002,124.0,195.5,-0.117660739525705,214.5
50,chaos,span_cgrpo,0.8502422286957007,0.8564498742807789,11.250000000000002,142.25000000000003,219.75,-0.0885826455850782,146.5
50,chaos,span_cgrpo-final,0.8478492951920155,0.8444190728804554,11.250000000000002,144.50000000000003,226.00000000000003,-0.0800697776884399,146.5
50,chaos,span_nosafe,0.8592010651515107,0.8756333506230043,10.0,139.25,213.50000000000003,-0.0960572854714935,231.75
50,chaos,span_nosafe-final,0.8489616994534191,0.8304753100237715,11.750000000000002,145.5,230.25,-0.0660136105703523,229.0
50,chaos,span_entropy,0.8548355147545594,0.8612844207417935,10.5,142.0,224.00000000000003,-0.087948905987234,229.0
50,chaos,span_entropy-final,0.8505337991048789,0.837120272005569,11.750000000000002,143.5,227.5,-0.0700864729006901,229.25
50,chaos,nscsd,0.8270426406518387,0.7607083133484882,25.750000000000004,157.24999999999997,265.25000000000006,-0.0380406726966494,128.25
50,chaos,nscsd-final,0.8310325958527374,0.7709827848739181,22.000000000000004,154.75,260.25,-0.0393251890211807,126.75
50,chaos,nscsd-tree,0.8259208603926889,0.7627739682925447,26.250000000000004,156.49999999999997,264.5,-0.0413531078998558,0.0
50,chaos,ppo,0.8686963747099181,0.910163419012872,9.000000000000002,134.0,195.25,-0.1174670443029539,297.25
50,chaos,ppo-final,0.8610993555968045,0.8876583533408313,10.5,140.0,198.0,-0.1070589977440268,297.25
50,icmp,Sentinel,0.5301496557658232,0.7525645867299653,0.5,500.0,500.0,-0.4729149309641421,500.0
50,icmp,Sentinel-final,0.5302044047324583,0.7547220904695235,0.5,500.0,500.0,-0.4750176857370652,500.0
50,icmp,PPO-NoShield (Sentinel),0.5307377465113267,0.7580543677042723,0.5,500.0,500.0,-0.4778166211929456,0.0
50,icmp,ShieldOnly,0.5033592197000821,0.6790567759582002,160.50000000000003,500.0,500.0,-0.5861975562581181,450.5
50,icmp,Static,0.5360593672746955,0.8099491450826772,0.0,500.0,500.0,-0.5238897778079817,0.0
50,icmp,Adaptive,0.551737012778187,0.9622457201140432,0.75,500.0,500.0,-0.6612587073358562,0.0
50,icmp,Random,0.4774379936820058,0.9110113406229188,264.5,500.0,500.0,-0.948073346940913,0.0
50,icmp,span,0.5303656084478615,0.7546243650978511,0.5,500.0,500.0,-0.4747587566499896,500.0
50,icmp,span-final,0.5302215988712674,0.7531269001599432,0.5,500.0,500.0,-0.4734053012886758,500.0
50,icmp,span_cgrpo,0.5284637335182534,0.7359654671272416,2.25,500.0,500.0,-0.4597517336089882,500.0
50,icmp,span_cgrpo-final,0.5264285217111149,0.7155597581606996,5.75,500.0,500.0,-0.4448812364495847,500.0
50,icmp,span_nosafe,0.526091255903241,0.7124237606674739,7.500000000000002,500.0,500.0,-0.4438325047642329,500.0
50,icmp,span_nosafe-final,0.5176707831223956,0.6251484402903712,76.49999999999999,500.0,500.0,-0.4339776571679756,461.75
50,icmp,span_entropy,0.5244231340386911,0.6934022473998982,14.250000000000002,500.0,500.0,-0.433229113361207,500.0
50,icmp,span_entropy-final,0.5165561634409965,0.6135104554733212,88.0,500.0,500.0,-0.4349542920323246,496.25
50,icmp,nscsd,0.5070505796936128,0.5270123537283227,199.5,500.0,500.0,-0.4694617740347099,28.0
50,icmp,nscsd-final,0.5088110504705137,0.5441390250707675,180.5,500.0,500.0,-0.4658279746002538,11.0
50,icmp,nscsd-tree,0.5077066040280044,0.5339961827565579,193.0,500.0,500.0,-0.4692895787285535,0.0
50,icmp,ppo,0.5260832298772647,0.7144253340792104,7.500000000000002,500.0,500.0,-0.4458421042019456,500.0
50,icmp,ppo-final,0.5238028563166145,0.6922252342918673,20.0,500.0,500.0,-0.4384223779752528,500.0
50,pulse,Sentinel,0.7591423271760461,0.8718943562653477,59.25000000000001,250.0,250.0,-0.2970020290893016,252.5
50,pulse,Sentinel-final,0.7519199967632929,0.9574246219051616,123.75,250.0,250.0,-0.4542546251418687,252.5
50,pulse,PPO-NoShield (Sentinel),0.7554074392656724,0.8469343484639819,75.5,250.0,250.0,-0.2920269091983094,0.0
50,pulse,ShieldOnly,0.7471832433024053,0.8914666063385972,101.75,250.0,251.25,-0.3710333630361919,268.75
50,pulse,Static,0.7602046380131184,0.8799628560324505,50.75,250.0,250.0,-0.295508218019332,0.0
50,pulse,Adaptive,0.7577003179240368,0.8631274460851971,77.25,250.0,250.0,-0.3076771281611603,0.0
50,pulse,Random,0.7331170543692077,0.887408533500867,131.0,250.0,264.25,-0.4102914791316593,0.0
50,pulse,span,0.7646639032826317,0.8506666157677533,12.5,250.0,250.0,-0.2235027124851216,252.5
50,pulse,span-final,0.7649594628676715,0.8662163522808587,3.2500000000000004,250.0,250.0,-0.2295068894131872,252.5
50,pulse,span_cgrpo,0.761073317810624,0.8356701905425661,20.5,250.0,250.0,-0.220096872731942,252.5
50,pulse,span_cgrpo-final,0.7595622750800332,0.8176880260424195,38.00000000000001,250.0,250.0,-0.2211257509623863,252.5
50,pulse,span_nosafe,0.7580952821542408,0.8025858560689587,62.0,250.0,250.0,-0.2314905739147179,252.5
50,pulse,span_nosafe-final,0.7543447680573505,0.7439076349316143,92.0,250.0,250.0,-0.2065628668742637,252.5
50,pulse,span_entropy,0.758458067509598,0.8016739704418316,51.00000000000001,250.0,250.0,-0.2192159029322336,252.5
50,pulse,span_entropy-final,0.7550920824353387,0.7617038787454262,83.49999999999999,250.0,250.0,-0.2151117963100875,252.5
50,pulse,nscsd,0.747757239774831,0.6909626325970143,142.74999999999997,250.0,250.0,-0.2109553928221832,255.75
50,pulse,nscsd-final,0.7489223767353239,0.7005114714002229,134.49999999999997,250.0,250.0,-0.2110890946648989,255.0
50,pulse,nscsd-tree,0.7477465875243743,0.6916534353858457,142.75,250.0,250.0,-0.2116568478614713,0.0
50,pulse,ppo,0.7591908592570431,0.8425859723787523,43.0,250.0,250.0,-0.2513951131217092,312.25
50,pulse,ppo-final,0.7560053025615063,0.8149807013699896,88.24999999999999,250.0,250.0,-0.2722253988084832,312.25
50,polymorph,Sentinel,0.6475625528870623,0.9043911738118016,12.5,395.75000000000006,497.2499999999999,-0.4672036209247392,5.0
50,polymorph,Sentinel-final,0.6380500533888689,0.9626245756469356,25.750000000000007,408.75000000000006,499.75,-0.5546995222580668,5.0
50,polymorph,PPO-NoShield (Sentinel),0.6470831850758101,0.9035784922713566,12.5,396.0,497.5,-0.4669953071955465,0.0
50,polymorph,ShieldOnly,0.62260568145264,0.9207283352095664,81.75,409.0000000000001,492.0,-0.5843726537569264,63.5
50,polymorph,Static,0.6675123313440327,0.9342070536022364,2.0,371.00000000000006,484.25,-0.4541947222582039,0.0
50,polymorph,Adaptive,0.701181948712309,0.9879178261592976,0.25,338.75,469.5,-0.4563608774469884,0.0
50,polymorph,Random,0.6205251013493107,0.928284887880808,80.25,416.5,492.4999999999999,-0.5962597865314972,0.0
50,polymorph,span,0.6606740025959242,0.9009360712078018,12.500000000000002,383.00000000000006,488.7499999999999,-0.4442620686118776,5.0
50,polymorph,span-final,0.6650434830489822,0.9146178178522084,4.500000000000001,377.75,487.75,-0.442949334803226,5.0
50,polymorph,span_cgrpo,0.6411898910434923,0.8733337083560266,17.750000000000004,406.0,499.25,-0.4528938173125343,5.0
50,polymorph,span_cgrpo-final,0.634247544552848,0.8591347430110761,26.750000000000007,412.5,499.5,-0.457887198458228,5.0
50,polymorph,span_nosafe,0.6333761163073346,0.8605044786752274,32.00000000000001,414.75,499.5,-0.4665033623678928,5.0
50,polymorph,span_nosafe-final,0.6089130824117961,0.8080655553214532,75.5,434.25,499.75,-0.4917774729096571,5.0
50,polymorph,span_entropy,0.6269395297266376,0.8403478957478729,46.25000000000001,420.75,499.5,-0.4700333660212353,5.0
50,polymorph,span_entropy-final,0.6106732499386684,0.8110025168677277,73.00000000000001,433.75,499.5,-0.4902042669290593,5.0
50,polymorph,nscsd,0.5872056716491497,0.7728731935659436,117.5,453.4999999999999,499.75,-0.5299175219167939,5.0
50,polymorph,nscsd-final,0.592329538637608,0.7807068673722448,107.25,449.4999999999999,499.75,-0.5203773287346368,5.0
50,polymorph,nscsd-tree,0.5877012674112595,0.774060800192029,117.25,454.0,499.75,-0.5306095327807695,0.0
50,polymorph,ppo,0.6445043311945853,0.8956071977120045,20.75,399.5,498.25,-0.4716028665174192,118.0
50,polymorph,ppo-final,0.6298097918755101,0.8722570095227056,40.24999999999999,414.75,499.75,-0.4900722176471954,118.0
50,boundary,Sentinel,0.9017125594247531,0.9049788740602036,0.0,2.7500000000000004,187.0,-0.0046413146354503,5.0
50,boundary,Sentinel-final,0.8876327637775825,0.9623707105153548,0.0,1.25,212.75,-0.0753629467377724,5.0
50,boundary,PPO-NoShield (Sentinel),0.9012692491303144,0.904202555363248,0.0,3.0,188.0,-0.0044333062329336,0.0
50,boundary,ShieldOnly,0.8693314294866783,0.9217826962016232,3.2500000000000004,78.25000000000001,256.25,-0.0948262667149449,61.75
50,boundary,Static,0.9378120580944364,0.9612815536907062,0.0,0.0,137.25,-0.0234694955962698,0.0
50,boundary,Adaptive,0.9546152039736848,0.9943966550144788,0.0,0.25,112.49999999999996,-0.039906451040794,0.0
50,boundary,Random,0.8652729602644935,0.9257808083304488,2.75,80.0,267.49999999999994,-0.1032578480659552,0.0
50,boundary,span,0.919692052967164,0.8970617585427811,0.0,0.5,141.5,0.0223802944243829,5.0
50,boundary,span-final,0.9194491008455794,0.90836759780606,0.0,1.0,142.50000000000003,0.0105815030395192,5.0
50,boundary,span_cgrpo,0.8760779006822992,0.8170267162363667,0.0,2.5,311.75,0.0578011844459324,6.0
50,boundary,span_cgrpo-final,0.8719583647218659,0.8057208866343938,0.0,3.0,319.75000000000006,0.0647374780874721,6.75
50,boundary,span_nosafe,0.8847974374393404,0.832226834780659,0.0,6.25,277.75,0.0494456026586814,5.0
50,boundary,span_nosafe-final,0.8538236480972958,0.7573863590241868,0.0,38.25,348.75,0.077312289073109,7.0
50,boundary,span_entropy,0.8711235359424748,0.79809921398364,0.0,9.000000000000002,317.5,0.0685243219588347,6.75
50,boundary,span_entropy-final,0.8584943256155781,0.7646292341277442,0.0,28.000000000000004,341.5,0.0798650914878339,6.5
50,boundary,nscsd,0.8389275026184043,0.7323251148663796,0.0,59.5,402.75,0.0768523877520246,14.75
50,boundary,nscsd-final,0.84461842282382,0.7428369351399481,0.0,54.25,395.5,0.0746564876838719,14.25
50,boundary,nscsd-tree,0.8400225505136023,0.7346515486388978,0.0,59.25000000000001,402.75,0.0757460018747045,0.5
50,boundary,ppo,0.9077710451613809,0.9017511700044862,0.0,1.0,181.25000000000003,0.0055198751568945,82.5
50,boundary,ppo-final,0.891300733600804,0.8685489697190872,0.0,7.75,203.75,0.0188767638817167,82.5
50,icmp_chaos,Sentinel,0.6966268881113613,0.8316635273427175,27.250000000000004,326.5,437.0,-0.3255366392313562,218.75
50,icmp_chaos,Sentinel-final,0.6874784429397055,0.8899382630840457,61.74999999999999,321.5,442.5,-0.4249598201443401,218.75
50,icmp_chaos,PPO-NoShield (Sentinel),0.6963768440460061,0.831797878369977,27.250000000000004,327.0,437.25,-0.3261710343239709,0.0
50,icmp_chaos,ShieldOnly,0.6727526020064287,0.8196765181110758,71.00000000000001,341.24999999999994,433.25,-0.388548916104647,235.5
50,icmp_chaos,Static,0.7112273168467964,0.8826468428300143,19.000000000000004,314.25000000000006,420.5,-0.3475445259832179,0.0
50,icmp_chaos,Adaptive,0.7309355509015167,0.9707714557724758,15.5,299.5,398.0,-0.4050859048709591,0.0
50,icmp_chaos,Random,0.6579343899239187,0.9077855066720206,91.75,353.24999999999994,435.75,-0.5182261167481019,0.0
50,icmp_chaos,span,0.7082654285312767,0.818626927046003,24.5,314.5,428.75,-0.2921114985147263,224.5
50,icmp_chaos,span-final,0.7100931234499316,0.8313886397197671,19.500000000000004,315.5,422.5,-0.2985455162698355,222.25
50,icmp_chaos,span_cgrpo,0.6979037469865037,0.7860991534891647,28.000000000000007,322.25,441.75,-0.277320406502661,224.5
50,icmp_chaos,span_cgrpo-final,0.6943942879939444,0.7654874478891807,32.25000000000001,323.5,442.75,-0.2650931598952362,225.0
50,icmp_chaos,span_nosafe,0.6953999636285542,0.7672525810049012,34.75000000000001,323.24999999999994,440.0,-0.268227617376347,226.5
50,icmp_chaos,span_nosafe-final,0.6842899949128634,0.6809480219130291,56.74999999999999,328.75,444.00000000000006,-0.2177830270001657,205.75
50,icmp_chaos,span_entropy,0.6928308140007837,0.7475253962609287,36.75000000000001,323.5,441.5,-0.253194582260145,224.5
50,icmp_chaos,span_entropy-final,0.6845199188795578,0.6847096173891347,56.75,328.75,442.25000000000006,-0.2213146985095769,222.25
50,icmp_chaos,nscsd,0.6693774601562098,0.6109675815872324,76.99999999999999,345.25,445.4999999999999,-0.1912151214310226,73.0
50,icmp_chaos,nscsd-final,0.6728157212009934,0.6246082809867144,71.99999999999999,341.0,445.4999999999999,-0.1942925597857209,67.25
50,icmp_chaos,nscsd-tree,0.6696629004894321,0.6141540960904692,75.25000000000001,344.0,445.4999999999999,-0.1917411956010371,0.25
50,icmp_chaos,ppo,0.6992446854811282,0.7983857513749705,29.250000000000004,321.5,434.7499999999999,-0.2891410658938423,308.75
50,icmp_chaos,ppo-final,0.6921603931121482,0.7678977414760696,38.25,323.5,441.5,-0.2757373483639214,309.0
51,benign,Sentinel,1.0,0.0,0.0,0.0,0.0,1.0,500.0
51,benign,Sentinel-final,1.0,0.0,0.0,0.0,0.0,1.0,500.0
51,benign,PPO-NoShield (Sentinel),1.0,0.0,0.0,0.0,0.0,1.0,0.0
51,benign,ShieldOnly,1.0,0.0,0.0,0.0,0.0,1.0,469.0
51,benign,Static,1.0,0.0,0.0,0.0,0.0,1.0,0.0
51,benign,Adaptive,1.0,0.0,0.0,0.0,0.0,1.0,0.0
51,benign,Random,0.981537341058946,0.0,0.0,0.0,26.750000000000007,0.981537341058946,0.0
51,benign,span,1.0,0.0,0.0,0.0,0.0,1.0,500.0
51,benign,span-final,1.0,0.0,0.0,0.0,0.0,1.0,500.0
51,benign,span_cgrpo,1.0,0.0,0.0,0.0,0.0,1.0,500.0
51,benign,span_cgrpo-final,1.0,0.0,0.0,0.0,0.0,1.0,500.0
51,benign,span_nosafe,1.0,0.0,0.0,0.0,0.0,1.0,500.0
51,benign,span_nosafe-final,1.0,0.0,0.0,0.0,0.0,1.0,500.0
51,benign,span_entropy,1.0,0.0,0.0,0.0,0.0,1.0,500.0
51,benign,span_entropy-final,1.0,0.0,0.0,0.0,0.0,1.0,500.0
51,benign,nscsd,1.0,0.0,0.0,0.0,0.0,1.0,500.0
51,benign,nscsd-final,1.0,0.0,0.0,0.0,0.0,1.0,500.0
51,benign,nscsd-tree,1.0,0.0,0.0,0.0,0.0,1.0,0.0
51,benign,ppo,1.0,0.0,0.0,0.0,0.0,1.0,500.0
51,benign,ppo-final,1.0,0.0,0.0,0.0,0.0,1.0,500.0
51,mild,Sentinel,0.993042175971762,0.9796220452657768,0.0,0.0,0.0,0.0134201307059852,350.25
51,mild,Sentinel-final,0.9933691224838814,0.9802372083841692,0.0,0.0,0.0,0.0131319140997123,350.0
51,mild,PPO-NoShield (Sentinel),0.990262950834101,0.9802551981706378,0.0,0.0,0.0,0.0100077526634632,0.0
51,mild,ShieldOnly,0.9725956062903068,0.972707149768958,0.25,17.0,48.25,-0.0088615434786511,319.5
51,mild,Static,1.0,0.9937849092519168,0.0,0.0,0.0,0.0062150907480832,0.0
51,mild,Adaptive,0.9984942977048012,0.9916023728141728,0.0,0.0,3.0,0.0068919248906285,0.0
51,mild,Random,0.9283507605042268,0.9509784122564008,1.0,45.50000000000001,139.25,-0.0463776517521739,0.0
51,mild,span,0.9751403346442722,0.9265366340645412,0.0,0.0,1.25,0.048603700579731,207.25
51,mild,span-final,0.9751403346442722,0.9265366340645412,0.0,0.0,1.25,0.048603700579731,207.25
51,mild,span_cgrpo,0.9601663411542648,0.8909929554550772,0.0,0.0,45.25,0.0691733856991877,187.25
51,mild,span_cgrpo-final,0.959578395014634,0.889990952378154,0.0,0.0,48.0,0.0695874426364799,187.25
51,mild,span_nosafe,0.9755487098554738,0.932796305832895,0.0,0.0,21.5,0.0427524040225788,324.0
51,mild,span_nosafe-final,0.978007807039582,0.9373542078098114,0.0,0.0,3.5,0.0406535992297705,323.25
51,mild,span_entropy,0.96372823452993,0.9006782294574052,0.0,0.0,30.250000000000007,0.0630500050725247,181.75
51,mild,span_entropy-final,0.9675413993337676,0.9074640212781248,0.0,0.0,23.75,0.0600773780556428,180.75
51,mild,nscsd,0.9574654676217624,0.8866745631044308,0.0,0.0,20.75,0.0707909045173316,134.5
51,mild,nscsd-final,0.9457551607403086,0.8606105807981855,0.0,0.0,86.5,0.0851445799421231,136.75
51,mild,nscsd-tree,0.9582415242105984,0.890421052568151,0.0,0.0,31.25,0.0678204716424474,1.5
51,mild,ppo,0.9890349993307728,0.971705141262561,0.0,0.0,0.0,0.0173298580682116,350.5
51,mild,ppo-final,0.988151084704695,0.9698403568608204,0.0,0.0,0.0,0.0183107278438745,350.75
51,strong,Sentinel,0.526017668789427,0.8563468826663317,12.25,500.0,500.0,-0.5925792138769047,171.0
51,strong,Sentinel-final,0.5234415183187565,0.8438579279342802,20.250000000000007,500.0,500.0,-0.5906664096155236,171.0
51,strong,PPO-NoShield (Sentinel),0.511997146256667,0.9170110941672855,152.00000000000003,500.0,500.0,-0.8070139479106186,0.0
51,strong,ShieldOnly,0.4884251744980395,0.8716161400844241,237.25000000000003,500.0,500.0,-0.8704409655863845,78.0
51,strong,Static,0.5206921940968603,0.8787120350598251,120.5,500.0,500.0,-0.7285198409629647,0.0
51,strong,Adaptive,0.5485822151116422,0.9761723461650692,2.75,500.0,500.0,-0.6803401310534272,0.0
51,strong,Random,0.4830576037865347,0.8935764265093011,257.75,500.0,500.0,-0.9182688227227664,0.0
51,strong,span,0.5232386982452216,0.7998827928123995,17.25,500.0,500.0,-0.5438940945671779,5.0
51,strong,span-final,0.5232386982452216,0.7998827928123995,17.25,500.0,500.0,-0.5438940945671779,5.0
51,strong,span_cgrpo,0.5159345357029947,0.7379840583420825,87.5,500.0,500.0,-0.5595495226390877,13.5
51,strong,span_cgrpo-final,0.5123894715590666,0.7193343177472119,120.25,500.0,500.0,-0.5771948461881453,15.75
51,strong,span_nosafe,0.5154700869005857,0.748843421274002,88.75,500.0,500.0,-0.5721233343734163,5.0
51,strong,span_nosafe-final,0.5145458663127557,0.7440782510180818,107.25,500.0,500.0,-0.5867823847053262,5.0
51,strong,span_entropy,0.5159345142929939,0.7522759552159289,80.50000000000001,500.0,500.0,-0.5668414409229351,5.0
51,strong,span_entropy-final,0.5128337489509145,0.7287915331870558,127.75,500.0,500.0,-0.5937077842361413,5.0
51,strong,nscsd,0.5126678942986309,0.7430755860397205,125.75000000000004,500.0,500.0,-0.6061576917410896,7.0
51,strong,nscsd-final,0.4949630805530571,0.647161910590295,287.5,500.0,500.0,-0.689698830037238,8.75
51,strong,nscsd-tree,0.5141313064921417,0.7433735945789259,117.0,500.0,500.0,-0.5962422880867843,0.0
51,strong,ppo,0.517924379672481,0.8159713823943069,64.00000000000001,500.0,500.0,-0.6120470027218259,171.0
51,strong,ppo-final,0.5050524836813045,0.7520327036866716,205.0,500.0,500.0,-0.7019802200053671,171.0
51,chaos,Sentinel,0.8532939995953613,0.9296290810788006,9.5,147.75,214.00000000000003,-0.1597100814834392,265.0
51,chaos,Sentinel-final,0.8520260772399892,0.9251473848056267,9.75,149.25000000000003,215.0,-0.1574963075656375,265.25
51,chaos,PPO-NoShield (Sentinel),0.8463228863902306,0.9519185560320472,10.5,158.75,217.0,-0.1954706696418167,0.0
51,chaos,ShieldOnly,0.8187772402714852,0.9302467306319182,34.00000000000001,179.75,257.25,-0.2353444903604329,203.5
51,chaos,Static,0.8595974198174396,0.9573382039111812,8.499999999999998,143.50000000000003,207.0,-0.1779907840937414,0.0
51,chaos,Adaptive,0.8714015230341359,0.9819716180140684,7.000000000000001,137.5,207.0,-0.1863200949799325,0.0
51,chaos,Random,0.8055397864691625,0.9322375621395644,35.5,188.5,278.5,-0.2564477756704018,0.0
51,chaos,span,0.8424325619314355,0.8828262030012892,11.000000000000002,153.75,223.50000000000003,-0.1282686410698537,153.5
51,chaos,span-final,0.8424325619314355,0.8828262030012892,11.000000000000002,153.75,223.50000000000003,-0.1282686410698537,153.5
51,chaos,span_cgrpo,0.8287680839787825,0.8369236649013738,12.750000000000002,163.75,257.49999999999994,-0.1027805809225912,154.0
51,chaos,span_cgrpo-final,0.82588547065093,0.828278659943282,13.500000000000002,165.99999999999997,263.99999999999994,-0.0988931892923519,158.25
51,chaos,span_nosafe,0.834643506395613,0.8592030216007958,12.0,161.99999999999997,241.00000000000003,-0.1175595152051827,166.75
51,chaos,span_nosafe-final,0.8354822527202825,0.860226208153678,12.0,162.25,231.75,-0.1178689554333954,165.25
51,chaos,span_entropy,0.833353889550323,0.8536901991331604,11.75,160.25,243.75,-0.1122113095828373,149.75
51,chaos,span_entropy-final,0.8304141463136745,0.8412853900050964,13.000000000000002,165.25,250.00000000000009,-0.1064962436914219,147.0
51,chaos,nscsd,0.8289865883131403,0.8410191895158896,15.25,166.99999999999997,238.5,-0.1107826012027492,117.75
51,chaos,nscsd-final,0.8083300663241456,0.7820979008018791,29.75,183.75,292.00000000000006,-0.0953928344777335,120.0
51,chaos,nscsd-tree,0.8291624160879667,0.8432940372606224,13.750000000000002,165.75,248.5,-0.1107566211726556,0.25
51,chaos,ppo,0.845398013714312,0.9073474091894622,10.75,154.5,220.5,-0.1499493954751502,266.5
51,chaos,ppo-final,0.8366605230974734,0.8795058761414347,21.5,163.49999999999997,227.0,-0.1460953530439613,266.75
51,icmp,Sentinel,0.5270555724519925,0.7701472508660189,0.0,500.0,500.0,-0.4930916784140263,500.0
51,icmp,Sentinel-final,0.5270569415173479,0.7701472508660189,0.0,500.0,500.0,-0.4930903093486709,500.0
51,icmp,PPO-NoShield (Sentinel),0.4917951349850934,1.0,474.25000000000006,500.0,500.0,-1.2324548650149063,0.0
51,icmp,ShieldOnly,0.4993410878728683,0.6949328058244912,173.50000000000006,500.0,500.0,-0.6190917179516229,445.75
51,icmp,Static,0.5335506268776743,0.8213540130911479,0.0,500.0,500.0,-0.5378033862134736,0.0
51,icmp,Adaptive,0.551239191425981,0.9647375879858472,1.0,500.0,500.0,-0.6644983965598663,0.0
51,icmp,Random,0.4746468993668025,0.9291508975090338,284.50000000000006,500.0,500.0,-0.9890039981422312,0.0
51,icmp,span,0.5271605531944148,0.7696923901397803,0.0,500.0,500.0,-0.4925318369453655,500.0
51,icmp,span-final,0.5271605531944148,0.7696923901397803,0.0,500.0,500.0,-0.4925318369453655,500.0
51,icmp,span_cgrpo,0.5271512774994505,0.7696137897794968,0.0,500.0,500.0,-0.4924625122800463,500.0
51,icmp,span_cgrpo-final,0.5259814834387291,0.7601179294957896,1.5,500.0,500.0,-0.4856364460570605,500.0
51,icmp,span_nosafe,0.5247678590343986,0.7497374625218078,1.7499999999999998,500.0,500.0,-0.4767196034874092,500.0
51,icmp,span_nosafe-final,0.5234978637205834,0.7398247430740355,4.0,500.0,500.0,-0.4703268793534521,500.0
51,icmp,span_entropy,0.5237560940407817,0.7417071882951497,3.2500000000000004,500.0,500.0,-0.4712010942543679,500.0
51,icmp,span_entropy-final,0.524223330439083,0.7457352027151383,2.5,500.0,500.0,-0.4740118722760553,500.0
51,icmp,nscsd,0.5151328827499613,0.6733261292139177,103.75,500.0,500.0,-0.5119432464639564,499.75
51,icmp,nscsd-final,0.5057293450090767,0.5962766332622041,211.0,500.0,500.0,-0.5515472882531274,483.25
51,icmp,nscsd-tree,0.5116431264680601,0.643934638289617,158.0,500.0,500.0,-0.5402915118215569,0.0
51,icmp,ppo,0.5270516567165695,0.7701472508660189,0.0,500.0,500.0,-0.4930955941494493,500.0
51,icmp,ppo-final,0.5170657158398285,0.6888829539383698,65.5,500.0,500.0,-0.4873172380985413,500.0
51,pulse,Sentinel,0.7641004408662588,0.8906829327500043,5.5,250.0,250.0,-0.2570824918837455,317.75
51,pulse,Sentinel-final,0.7629813721848799,0.8816273059192641,9.5,250.0,250.0,-0.2531459337343841,317.75
51,pulse,PPO-NoShield (Sentinel),0.756404922062557,0.9110433447079768,61.000000000000014,250.0,250.0,-0.3406384226454197,0.0
51,pulse,ShieldOnly,0.7484051648732613,0.8969829349609592,100.0,250.0,252.0,-0.3735777700876979,266.25
51,pulse,Static,0.7591018871002915,0.8919463042947555,53.75,250.0,250.0,-0.311594417194464,0.0
51,pulse,Adaptive,0.757201409618937,0.8805792155814622,81.74999999999999,250.0,250.0,-0.3301278059625252,0.0
51,pulse,Random,0.7312592289593677,0.9009748523293032,133.75,250.0,266.25,-0.4284656233699355,0.0
51,pulse,span,0.7634291606479495,0.850933913050534,6.249999999999999,250.0,250.0,-0.2187547524025845,253.5
51,pulse,span-final,0.7634291606479495,0.850933913050534,6.249999999999999,250.0,250.0,-0.2187547524025845,253.5
51,pulse,span_cgrpo,0.7606996242089776,0.8093656517877236,23.5,250.0,250.0,-0.1971660275787459,269.0
51,pulse,span_cgrpo-final,0.7590089867950328,0.7952346951432097,35.50000000000001,250.0,250.0,-0.1967257083481768,270.25
51,pulse,span_nosafe,0.7598703724669813,0.8146110007058007,33.50000000000001,250.0,250.0,-0.2132406282388194,253.5
51,pulse,span_nosafe-final,0.7595013343050863,0.810418676957003,40.25,250.0,250.0,-0.2161673426519167,253.5
51,pulse,span_entropy,0.7605289651764873,0.8190879903827473,26.750000000000004,250.0,250.0,-0.21030902520626,253.5
51,pulse,span_entropy-final,0.7592510659176612,0.802125018626513,45.50000000000001,250.0,250.0,-0.2133739527088517,253.5
51,pulse,nscsd,0.7593866706223,0.805078348093437,42.5,250.0,250.0,-0.213191677471137,253.5
51,pulse,nscsd-final,0.7508618157412668,0.7348460434970284,128.5,250.0,250.0,-0.2374842277557616,254.0
51,pulse,nscsd-tree,0.7598412486237736,0.8086583883397237,40.0,250.0,250.0,-0.2138171397159501,0.0
51,pulse,ppo,0.7605497816141608,0.8614118108968724,33.75,250.0,250.0,-0.2596120292827116,317.75
51,pulse,ppo-final,0.7549803805510277,0.8152870865540993,99.5,250.0,250.0,-0.2848067060030717,317.75
51,polymorph,Sentinel,0.6765733081644156,0.9235415622194552,0.75,353.24999999999994,492.5,-0.4243432540550395,120.75
51,polymorph,Sentinel-final,0.6729766339094334,0.9175628326037224,3.5000000000000004,357.5,494.2499999999999,-0.4268361986942891,120.75
51,polymorph,PPO-NoShield (Sentinel),0.6717937820400532,0.938878053366078,2.0,354.99999999999994,492.25,-0.4465842713260246,0.0
51,polymorph,ShieldOnly,0.6371824340124916,0.9219856206296614,71.50000000000003,388.25,489.0,-0.5504281866171697,66.0
51,polymorph,Static,0.6820639249648336,0.935820714548365,6.000000000000001,349.74999999999994,483.0,-0.4346317895835314,0.0
51,polymorph,Adaptive,0.7154957450070117,0.9880117760763084,1.0,320.25,459.75,-0.4336410310692965,0.0
51,polymorph,Random,0.6304460072532387,0.9293634153732626,75.50000000000001,399.75000000000006,488.25,-0.5742924081200239,0.0
51,polymorph,span,0.6706087097007,0.8979987706078136,9.250000000000004,359.0,492.25,-0.4161400609071136,5.0
51,polymorph,span-final,0.6706087097007,0.8979987706078136,9.250000000000004,359.0,492.25,-0.4161400609071136,5.0
51,polymorph,span_cgrpo,0.6532645463433585,0.8603293115309214,27.500000000000004,380.25,495.5,-0.4246897651875628,41.25
51,polymorph,span_cgrpo-final,0.6470946561305879,0.8497061295587377,31.750000000000007,385.0,498.0,-0.4268614734281498,48.75
51,polymorph,span_nosafe,0.6559272901683253,0.8691140579301855,19.500000000000004,372.5,496.0,-0.4189367677618602,5.0
51,polymorph,span_nosafe-final,0.6545492980082266,0.8668998928281283,22.250000000000004,373.75,497.5,-0.4214755948199017,5.0
51,polymorph,span_entropy,0.6575127206655881,0.8722538679986217,19.750000000000004,370.25,495.5,-0.4196161473330336,5.0
51,polymorph,span_entropy-final,0.6500382435218648,0.8571495889345953,28.500000000000004,379.25000000000006,498.00000000000006,-0.4252363454127305,5.0
51,polymorph,nscsd,0.6501409642940662,0.8593028545606053,36.50000000000001,376.25000000000006,494.75,-0.4337868902665391,5.0
51,polymorph,nscsd-final,0.6153259810848875,0.7986619197012694,79.0,421.25,500.0,-0.472960938616382,5.0
51,polymorph,nscsd-tree,0.6524373435266074,0.8632717042353724,32.75000000000001,375.25,496.7499999999999,-0.4312093607087649,0.0
51,polymorph,ppo,0.6630104221906254,0.9012389592141112,8.250000000000002,368.75,498.25,-0.4308535370234858,120.75
51,polymorph,ppo-final,0.6431059701219243,0.8681808304025621,42.25,383.5,500.0,-0.4590748602806378,120.75
51,boundary,Sentinel,0.9306982385294422,0.9216662680534384,0.0,0.0,125.5,0.0090319704760036,90.0
51,boundary,Sentinel-final,0.9287102685420184,0.9173915848909336,0.0,0.0,128.24999999999997,0.0113186836510849,90.0
51,boundary,PPO-NoShield (Sentinel),0.9232963825505892,0.9401772820087756,0.0,1.0,127.74999999999996,-0.0173808994581863,0.0
51,boundary,ShieldOnly,0.8796733142456507,0.91841576164436,1.5,67.25,241.50000000000009,-0.0738674473987092,53.5
51,boundary,Static,0.9488975061766995,0.9663494712046476,0.0,0.0,119.25,-0.0174519650279479,0.0
51,boundary,Adaptive,0.9646799592510228,0.9951844224905791,0.0,0.0,80.25,-0.0305044632395563,0.0
51,boundary,Random,0.8719511020775217,0.9232762392279532,3.2500000000000004,81.99999999999999,248.75,-0.0955751371504315,0.0
51,boundary,span,0.9040384574447844,0.8382602263820947,0.0,1.5,218.00000000000003,0.0650282310626897,7.0
51,boundary,span-final,0.9040384574447844,0.8382602263820947,0.0,1.5,218.00000000000003,0.0650282310626897,7.0
51,boundary,span_cgrpo,0.8900348267480686,0.8009550350106336,0.0,5.25,301.75,0.0864547917374349,12.25
51,boundary,span_cgrpo-final,0.8849294703678842,0.7888087071175526,0.0,6.25,325.24999999999994,0.0929957632503315,19.0
51,boundary,span_nosafe,0.8960504399424639,0.8172710028174338,0.0,1.7500000000000002,255.5,0.0779044371250301,6.75
51,boundary,span_nosafe-final,0.8994411028742576,0.8228986200085394,0.0,1.7500000000000002,236.5,0.0756674828657181,6.75
51,boundary,span_entropy,0.8953454396383934,0.8167532136974541,0.0,2.0,270.0,0.0775922259409392,7.5
51,boundary,span_entropy-final,0.8908522231233512,0.8017464733836952,0.0,3.0,277.75,0.087605749739656,8.0
51,boundary,nscsd,0.8973714877738385,0.8229201714587578,0.0,1.5,240.5,0.0737013163150806,11.5
51,boundary,nscsd-final,0.8681241905604606,0.751060807699614,0.0,15.25,362.75,0.1094383828608466,13.5
51,boundary,nscsd-tree,0.8940682964462964,0.8192534255203103,0.0,1.7500000000000002,274.5,0.073939870925986,0.0
51,boundary,ppo,0.9176347090507184,0.894057982736699,0.0,0.5,137.5,0.0233267263140194,90.0
51,boundary,ppo-final,0.9043103577181556,0.8650438595303225,0.0,5.0,157.25,0.036766498187833,90.25
51,icmp_chaos,Sentinel,0.7077247406921625,0.8465178649950923,20.5,292.0,439.75,-0.3052931243029297,309.0
51,icmp_chaos,Sentinel-final,0.7062671377573719,0.8419995364741991,20.75,295.00000000000006,441.25,-0.3039823987168272,309.0
51,icmp_chaos,PPO-NoShield (Sentinel),0.686497781396967,0.9560708303899444,31.500000000000007,317.25,440.5,-0.4596980489929774,0.0
51,icmp_chaos,ShieldOnly,0.6733951281854152,0.808654268586519,63.75,332.5,443.50000000000006,-0.3652591404011037,260.0
51,icmp_chaos,Static,0.7134506026337022,0.8914442080002445,18.5,287.75000000000006,432.5,-0.3403686053665423,0.0
51,icmp_chaos,Adaptive,0.7341611062378652,0.9761199704077884,16.25,278.25,419.50000000000006,-0.397333864169923,0.0
51,icmp_chaos,Random,0.6559291156147715,0.91628489943151,89.5,345.75,443.75,-0.5227307838167387,0.0
51,icmp_chaos,span,0.7079729413852853,0.8329184569756463,20.5,300.5,436.75,-0.2956955155903609,256.0
51,icmp_chaos,span-final,0.7079729413852853,0.8329184569756463,20.5,300.5,436.75,-0.2956955155903609,256.0
51,icmp_chaos,span_cgrpo,0.7030824546640639,0.8125708464933326,21.75,307.00000000000006,439.5,-0.2847383918292686,260.75
51,icmp_chaos,span_cgrpo-final,0.699762969256998,0.799824712946014,22.25,309.5,443.5,-0.277061743689016,259.5
51,icmp_chaos,span_nosafe,0.7012732130147412,0.8046769705170455,22.25,308.25,441.5,-0.2797787575023042,261.5
51,icmp_chaos,span_nosafe-final,0.7001307654483145,0.7986058107942932,22.5,309.25,442.75,-0.2756000453459786,260.75
51,icmp_chaos,span_entropy,0.7016700226975949,0.8041035877611863,21.75,307.75000000000006,439.25000000000006,-0.2780585650635914,261.75
51,icmp_chaos,span_entropy-final,0.699160676633497,0.7958553823247219,22.5,310.74999999999994,443.75,-0.2745697056912248,255.5
51,icmp_chaos,nscsd,0.6972216964068191,0.7698566359148596,23.75,311.0,442.25,-0.2518849395080406,251.25
51,icmp_chaos,nscsd-final,0.6752178471085866,0.683224917621226,50.75,333.75,451.75,-0.2256320705126394,245.75
51,icmp_chaos,nscsd-tree,0.695235989753839,0.7554631336065694,23.75,312.25,446.25,-0.2401021438527303,0.0
51,icmp_chaos,ppo,0.702196043629026,0.8300858524543588,22.25,304.50000000000006,444.0,-0.3023898088253328,309.0
51,icmp_chaos,ppo-final,0.6899905329352723,0.7718228869451295,35.75000000000001,319.5,449.4999999999999,-0.2773323540098571,309.75
