seed,scenario,defender,quality,leakage,severe,degraded,sla_miss,benchmark,repairs
42,benign,Sentinel,1.0,0.0,0.0,0.0,0.0,1.0,500.0
42,benign,Sentinel-final,1.0,0.0,0.0,0.0,0.0,1.0,500.0
42,benign,PPO-NoShield (Sentinel),1.0,0.0,0.0,0.0,0.0,1.0,0.0
42,benign,ShieldOnly,1.0,0.0,0.0,0.0,0.0,1.0,468.25
42,benign,Static,1.0,0.0,0.0,0.0,0.0,1.0,0.0
42,benign,Adaptive,1.0,0.0,0.0,0.0,0.0,1.0,0.0
42,benign,Random,0.9818859066573419,0.0,0.0,0.0,25.750000000000007,0.9818859066573419,0.0
42,benign,nscsd,1.0,0.0,0.0,0.0,0.0,1.0,500.0
42,benign,nscsd-final,1.0,0.0,0.0,0.0,0.0,1.0,500.0
42,benign,nscsd-tree,1.0,0.0,0.0,0.0,0.0,1.0,0.0
42,benign,grpo_vanilla,1.0,0.0,0.0,0.0,0.0,1.0,500.0
42,benign,grpo_vanilla-final,1.0,0.0,0.0,0.0,0.0,1.0,500.0
42,benign,ppo,1.0,0.0,0.0,0.0,0.0,1.0,500.0
42,benign,ppo-final,1.0,0.0,0.0,0.0,0.0,1.0,500.0
42,mild,Sentinel,0.9913612040841187,0.9870270083099756,0.0,0.0,0.0,0.004334195774143068,320.25
42,mild,Sentinel-final,0.9843374045815019,0.9907302690009306,0.0,0.0,0.0,-0.006392864419428768,320.25
42,mild,PPO-NoShield (Sentinel),0.9904416355996737,0.9858045624865351,0.0,0.0,0.0,0.004637073113138546,0.0
42,mild,ShieldOnly,0.9710962229043096,0.9777716817537391,0.25,16.750000000000004,54.25,-0.015300458849429441,322.0
42,mild,Static,1.0,1.0,0.0,0.0,0.0,0.0,0.0
42,mild,Adaptive,0.9993491233705966,0.9991513011206414,0.0,0.0,1.0,0.00019782224995512632,0.0
42,mild,Random,0.9353052972140553,0.9624519142189527,1.25,41.50000000000001,124.0,-0.049146617004897405,0.0
42,mild,nscsd,0.9688349251711278,0.9262554611822983,0.0,0.0,17.0,0.0425794639888295,248.0
42,mild,nscsd-final,0.9580978005849781,0.9005346781265662,0.0,0.0,40.25,0.057563122458411886,177.0
42,mild,nscsd-tree,0.9687860081650348,0.9257118821576003,0.0,0.0,17.0,0.04307412600743454,8.75
42,mild,grpo_vanilla,0.9935254168856893,0.9872032701444636,0.0,0.0,0.0,0.006322146741225665,350.25
42,mild,grpo_vanilla-final,0.9578213393186505,0.9155715404969621,0.0,0.0,107.25,0.042249798821688445,500.0
42,mild,ppo,0.9934618451870119,0.987143552576128,0.0,0.0,0.0,0.006318292610883902,350.75
42,mild,ppo-final,0.9979460393433944,0.9963356969182545,0.0,0.0,0.0,0.00161034242513991,350.0
42,strong,Sentinel,0.509438140185709,0.7602069105703861,161.75,500.0,500.0,-0.6625187703846771,5.0
42,strong,Sentinel-final,0.4646974647230503,0.9341607818428826,479.49999999999994,500.0,500.0,-1.1989633171198322,5.0
42,strong,PPO-NoShield (Sentinel),0.5089808504696854,0.7586728468408325,164.50000000000003,500.0,500.0,-0.6641919963711471,0.0
42,strong,ShieldOnly,0.4878676549124541,0.8681140733589243,241.00000000000003,500.0,500.0,-0.8712464184464702,79.75
42,strong,Static,0.5222332935382059,0.8716266862566892,61.0,500.0,500.0,-0.6603933927184833,0.0
42,strong,Adaptive,0.5488149463023675,0.9747265670414789,4.000000000000001,500.0,500.0,-0.6799116207391114,0.0
42,strong,Random,0.482456664226112,0.8962931677651499,268.5,500.0,500.0,-0.9323365035390379,0.0
42,strong,nscsd,0.5030383876682184,0.7251093009928116,207.75000000000003,500.0,500.0,-0.6798209133245932,5.25
42,strong,nscsd-final,0.4974710369409471,0.6979316189985744,250.5,500.0,500.0,-0.7009605820576272,7.5
42,strong,nscsd-tree,0.5029991932487117,0.7252076790008939,208.00000000000003,500.0,500.0,-0.6802084857521822,0.25
42,strong,grpo_vanilla,0.5015660533720161,0.7584979481615395,250.0,500.0,500.0,-0.7569318947895234,175.0
42,strong,grpo_vanilla-final,0.47053498150506784,0.5959983033532743,411.00000000000006,500.0,500.0,-0.7864633218482064,500.0
42,strong,ppo,0.5185551542838198,0.8357364102109569,36.75000000000001,500.0,500.0,-0.603931255927137,174.75
42,strong,ppo-final,0.5133467529812437,0.8122577590158286,115.25,500.0,500.0,-0.664161006034585,174.75
42,chaos,Sentinel,0.837427326907928,0.8663044372645057,19.250000000000004,166.0,228.24999999999997,-0.1311271103565777,194.25
42,chaos,Sentinel-final,0.8086567702770637,0.9620015857385754,54.25,179.25000000000003,261.0,-0.29721981546151166,187.0
42,chaos,PPO-NoShield (Sentinel),0.8359272409674035,0.8624810103199211,19.500000000000004,167.5,229.24999999999994,-0.12980376935251764,0.0
42,chaos,ShieldOnly,0.8191936497714185,0.9256057441258653,39.50000000000001,183.5,244.74999999999997,-0.23766209435444677,227.0
42,chaos,Static,0.8512616298725743,0.9434163637797663,9.250000000000004,160.25,221.0,-0.1815297339071921,0.0
42,chaos,Adaptive,0.8625742565908942,0.9811254386477243,10.0,153.75,211.0,-0.20542618205683014,0.0
42,chaos,Random,0.7945055260312095,0.9294691241135385,43.75,204.00000000000003,284.25,-0.2807135980823291,0.0
42,chaos,nscsd,0.8234795927382619,0.8094068621406907,27.750000000000004,181.50000000000003,233.74999999999997,-0.10442726940242883,170.25
42,chaos,nscsd-final,0.8162584747676049,0.7773642137668183,32.50000000000001,188.0,241.24999999999997,-0.08760573899921337,140.5
42,chaos,nscsd-tree,0.8234341748871534,0.8095945555695486,27.250000000000004,181.25000000000003,233.74999999999997,-0.1040353806823952,2.25
42,chaos,grpo_vanilla,0.8339539865453937,0.8644746945385618,23.750000000000004,171.75,227.99999999999997,-0.14014570799316822,296.75
42,chaos,grpo_vanilla-final,0.8012703181696169,0.7186966465188084,40.75000000000001,202.75,260.75000000000006,-0.05955132834919147,500.0
42,chaos,ppo,0.8426464286858957,0.9044019510751925,11.75,162.75,226.74999999999994,-0.15488052238929684,296.5
42,chaos,ppo-final,0.8432526708010648,0.9008787122371051,12.499999999999998,163.25,225.74999999999997,-0.15175104143604035,296.25
42,icmp,Sentinel,0.5214935958184639,0.6737217596903564,41.5,500.0,500.0,-0.4437281638718925,500.0
42,icmp,Sentinel-final,0.5206438782141815,0.6672362895001095,51.00000000000001,500.0,500.0,-0.447592411285928,500.0
42,icmp,PPO-NoShield (Sentinel),0.4558486973366975,0.9958804666000036,493.7499999999998,500.0,500.0,-1.2837817692633058,0.0
42,icmp,ShieldOnly,0.5019268687885053,0.680024907629478,170.99999999999997,500.0,500.0,-0.5990980388409726,444.0
42,icmp,Static,0.53597356400518,0.8113784662020903,0.0,500.0,500.0,-0.5254049021969103,0.0
42,icmp,Adaptive,0.5518911229651475,0.9626278963954483,0.75,500.0,500.0,-0.6614867734303007,0.0
42,icmp,Random,0.47849129001585033,0.9166934786197627,263.49999999999994,500.0,500.0,-0.9517021886039123,0.0
42,icmp,nscsd,0.5180780242782534,0.6438888518652962,79.75,500.0,500.0,-0.45556082758704275,489.5
42,icmp,nscsd-final,0.5133888946974838,0.6008042914903559,129.0,500.0,500.0,-0.46641539679287203,15.0
42,icmp,nscsd-tree,0.517039198647801,0.6338343579509024,91.0,500.0,500.0,-0.45779515930310133,495.0
42,icmp,grpo_vanilla,0.5183887048496097,0.6457570702183422,73.50000000000001,500.0,500.0,-0.4508683653687324,500.0
42,icmp,grpo_vanilla-final,0.49875864581236823,0.472474449383684,267.99999999999994,500.0,500.0,-0.4917158035713157,500.0
42,icmp,ppo,0.5301094820732961,0.7572966279604316,0.25,500.0,500.0,-0.4774371458871355,500.0
42,icmp,ppo-final,0.5246915879467497,0.7057409772154448,9.25,500.0,500.0,-0.44029938926869505,500.0
42,pulse,Sentinel,0.7567889385437782,0.8192396623887157,85.0,250.0,250.0,-0.27245072384493757,252.25
42,pulse,Sentinel-final,0.7415772373699647,0.9337159373769269,194.5,250.0,250.0,-0.5116387000069622,252.25
42,pulse,PPO-NoShield (Sentinel),0.7516881373285539,0.7903124335497745,111.25,250.0,250.0,-0.27487429622122067,0.0
42,pulse,ShieldOnly,0.7463660105935972,0.9001578124174628,103.75000000000001,250.0,251.74999999999997,-0.38254180182386566,264.25
42,pulse,Static,0.7589185841344943,0.8929578529905067,53.49999999999999,250.0,250.0,-0.31253926885601235,0.0
42,pulse,Adaptive,0.7565941174089004,0.8773634590517915,89.25000000000001,250.0,250.0,-0.3350193416428911,0.0
42,pulse,Random,0.7322751081336476,0.8969722581151041,129.25000000000003,250.0,264.24999999999994,-0.4189471499814565,0.0
42,pulse,nscsd,0.7543669157600407,0.7960981985084079,111.00000000000001,250.0,250.0,-0.2777312827483672,252.25
42,pulse,nscsd-final,0.7520799809278382,0.7756461968794144,126.25,250.0,250.0,-0.2748162159515761,252.25
42,pulse,nscsd-tree,0.7543573934557852,0.7961677383719492,111.25,250.0,250.0,-0.278060344916164,0.0
42,pulse,grpo_vanilla,0.7533628837138245,0.8210589506483513,123.75,250.0,250.0,-0.3164460669345268,299.25
42,pulse,grpo_vanilla-final,0.7405620463196074,0.6905065534122603,165.5,250.0,250.0,-0.2404445070926529,500.0
42,pulse,ppo,0.7606996904344591,0.8761085509221666,19.25,250.0,250.0,-0.2596588604877075,299.25
42,pulse,ppo-final,0.7584958133916431,0.8594922606568858,53.50000000000001,250.0,250.0,-0.2794964472652427,299.25
42,polymorph,Sentinel,0.6431860190244361,0.8680830519903717,31.750000000000007,396.0,497.99999999999994,-0.45464703296593567,5.0
42,polymorph,Sentinel-final,0.6118460421793989,0.9452071175590501,86.25,429.0000000000001,500.0,-0.6341110753796513,5.0
42,polymorph,PPO-NoShield (Sentinel),0.6425726495381372,0.8671310419312622,32.00000000000001,396.75000000000006,497.99999999999994,-0.4549333923931251,0.0
42,polymorph,ShieldOnly,0.6241177894445109,0.9181333227839035,82.75000000000001,405.7500000000001,489.50000000000006,-0.5796405333393926,69.5
42,polymorph,Static,0.6731189960872935,0.9356500270165252,3.5000000000000004,364.25,486.74999999999994,-0.44815603092923173,0.0
42,polymorph,Adaptive,0.7069049409154259,0.9877242168659593,1.0,327.00000000000006,468.7499999999999,-0.4453192759505335,0.0
42,polymorph,Random,0.6220061959786042,0.9259213792211389,85.5,402.75,493.2499999999999,-0.5907901832425347,0.0
42,polymorph,nscsd,0.6245153459110139,0.8355113860095026,51.00000000000001,419.00000000000006,500.0,-0.4714960400984887,5.0
42,polymorph,nscsd-final,0.6146998835788755,0.8176384879964234,72.75000000000001,427.74999999999994,500.0,-0.4895636044175478,5.0
42,polymorph,nscsd-tree,0.6246635697503066,0.8358552477522799,50.75,418.75,500.0,-0.4713166780019734,0.0
42,polymorph,grpo_vanilla,0.634314398151908,0.8698503768169413,44.50000000000001,404.24999999999994,499.25,-0.48216097866503327,119.75
42,polymorph,grpo_vanilla-final,0.5758382938688749,0.7492919782586339,143.25000000000003,464.75,500.0,-0.549078684389759,500.0
42,polymorph,ppo,0.6584612941432486,0.909527846708704,6.750000000000001,382.25000000000006,497.2499999999999,-0.4489415525654554,119.75
42,polymorph,ppo-final,0.6539673584447441,0.9015949944889083,19.000000000000004,385.25000000000006,496.4999999999999,-0.45925263604416433,119.75
42,boundary,Sentinel,0.9110695437028825,0.8738664549607374,0.0,0.5,176.75,0.03695308874214506,5.0
42,boundary,Sentinel-final,0.8649039685759352,0.961745788160434,0.0,56.25,311.75,-0.12496681958449878,5.0
42,boundary,PPO-NoShield (Sentinel),0.9106013796182693,0.8729004527367158,0.0,0.5,177.25,0.037450926881553465,0.0
42,boundary,ShieldOnly,0.8755809860652543,0.9181218891624722,3.5000000000000004,67.75,250.0,-0.07991590309721792,64.5
42,boundary,Static,0.9453920159171698,0.9623354474889647,0.0,0.0,133.74999999999997,-0.016943431571794898,0.0
42,boundary,Adaptive,0.9593099100290852,0.9942608930406307,0.0,0.0,99.25,-0.03495098301154553,0.0
42,boundary,Random,0.8675640295168554,0.9267033686843031,3.2500000000000004,79.49999999999999,267.49999999999994,-0.10213933916744773,0.0
42,boundary,nscsd,0.8885758055134503,0.7798068545025238,0.0,5.500000000000001,255.5,0.10601895101092643,7.0
42,boundary,nscsd-final,0.8787924663192717,0.7545290584256563,0.0,10.0,284.5,0.11926340789361534,9.75
42,boundary,nscsd-tree,0.8887344760870572,0.7799265137013024,0.0,5.500000000000001,258.25000000000006,0.10605796238575485,2.0
42,boundary,grpo_vanilla,0.9082729437827245,0.869903279967345,0.0,1.7499999999999998,176.0,0.03749466381537954,109.75
42,boundary,grpo_vanilla-final,0.8439536929928689,0.6644297511578907,0.0,40.00000000000001,395.25000000000006,0.1595239418349782,500.0
42,boundary,ppo,0.9219695730516098,0.9036171452452526,0.0,0.0,152.5,0.018352427806357152,109.25
42,boundary,ppo-final,0.9256703749933968,0.9127003401738577,0.0,0.0,150.99999999999997,0.012970034819539067,109.25
42,icmp_chaos,Sentinel,0.6969870309361048,0.7621839334819038,22.750000000000004,332.24999999999994,434.99999999999994,-0.254071902545799,243.75
42,icmp_chaos,Sentinel-final,0.6714032827041506,0.8401328339579388,31.750000000000007,359.50000000000006,441.0,-0.3802295512537882,236.0
42,icmp_chaos,PPO-NoShield (Sentinel),0.6695492040309666,0.8804063875325371,50.75,366.25,440.75,-0.4447321835015705,0.0
42,icmp_chaos,ShieldOnly,0.6734675868378457,0.8151263496527248,61.5,351.0,439.00000000000006,-0.3786587628148791,249.25
42,icmp_chaos,Static,0.713696168466348,0.8900783734172764,19.250000000000004,317.5,428.00000000000006,-0.35438220495092837,0.0
42,icmp_chaos,Adaptive,0.7330377588341304,0.9755316331838546,18.500000000000004,297.5,421.5,-0.40974387434972426,0.0
42,icmp_chaos,Random,0.6548219545423613,0.9085283420276447,80.99999999999999,365.74999999999994,439.49999999999994,-0.5175813874852834,0.0
42,icmp_chaos,nscsd,0.6870447278128344,0.715527075275719,24.5,349.5,437.75,-0.22773234746288457,232.0
42,icmp_chaos,nscsd-final,0.6812806272264404,0.6843202848571555,26.500000000000004,355.49999999999994,439.75,-0.20728965763071497,61.25
42,icmp_chaos,nscsd-tree,0.6865420929406002,0.7120806166641835,24.75,350.25,438.5,-0.22541352372358334,189.0
42,icmp_chaos,grpo_vanilla,0.6905127150317605,0.7553610904259644,23.000000000000004,338.99999999999994,438.5,-0.25734837539420397,303.75
42,icmp_chaos,grpo_vanilla-final,0.6580717824971164,0.5794983032357223,54.49999999999999,368.25,444.25,-0.16005152073860587,500.0
42,icmp_chaos,ppo,0.7047732441715382,0.830981139706161,21.750000000000004,323.5,434.5,-0.30970789553462286,303.25
42,icmp_chaos,ppo-final,0.7010519076461958,0.8048631541177371,21.5,325.5,434.99999999999994,-0.2880612464715413,303.25
43,benign,Sentinel,1.0,0.0,0.0,0.0,0.0,1.0,500.0
43,benign,Sentinel-final,1.0,0.0,0.0,0.0,0.0,1.0,500.0
43,benign,PPO-NoShield (Sentinel),1.0,0.0,0.0,0.0,0.0,1.0,0.0
43,benign,ShieldOnly,1.0,0.0,0.0,0.0,0.0,1.0,473.75
43,benign,Static,1.0,0.0,0.0,0.0,0.0,1.0,0.0
43,benign,Adaptive,1.0,0.0,0.0,0.0,0.0,1.0,0.0
43,benign,Random,0.980450050236515,0.0,0.0,0.0,26.500000000000004,0.980450050236515,0.0
43,benign,nscsd,1.0,0.0,0.0,0.0,0.0,1.0,500.0
43,benign,nscsd-final,1.0,0.0,0.0,0.0,0.0,1.0,500.0
43,benign,nscsd-tree,1.0,0.0,0.0,0.0,0.0,1.0,500.0
43,benign,grpo_vanilla,1.0,0.0,0.0,0.0,0.0,1.0,500.0
43,benign,grpo_vanilla-final,1.0,0.0,0.0,0.0,0.0,1.0,500.0
43,benign,ppo,1.0,0.0,0.0,0.0,0.0,1.0,500.0
43,benign,ppo-final,1.0,0.0,0.0,0.0,0.0,1.0,500.0
43,mild,Sentinel,0.995218950795206,0.9897760784536274,0.0,0.0,0.0,0.005442872341578586,366.0
43,mild,Sentinel-final,0.9962115195931378,0.9922432920461048,0.0,0.0,0.0,0.003968227547032965,366.0
43,mild,PPO-NoShield (Sentinel),0.9945665851042624,0.9880194639999835,0.0,0.0,0.0,0.006547121104278908,0.0
43,mild,ShieldOnly,0.9800763213821966,0.9817120948245959,0.75,10.249999999999998,34.50000000000001,-0.00751077344239929,366.5
43,mild,Static,1.0,1.0,0.0,0.0,0.0,0.0,0.0
43,mild,Adaptive,0.9994465965260145,0.9983689768832935,0.0,0.0,0.25,0.0010776196427210172,0.0
43,mild,Random,0.9354090868114673,0.9647882663666115,2.0,44.25,121.24999999999997,-0.05350417955514424,0.0
43,mild,nscsd,0.9721212123003047,0.9084686505272691,0.0,0.0,20.5,0.06365256177303558,163.0
43,mild,nscsd-final,0.9645661754597935,0.8942363682887867,0.0,0.0,29.250000000000004,0.07032980717100679,163.75
43,mild,nscsd-tree,0.9723573377398033,0.9071328023215202,0.0,0.0,15.5,0.0652245354182831,161.5
43,mild,grpo_vanilla,0.9767889235128223,0.9306314629302394,0.0,0.0,42.0,0.046157460582582965,500.0
43,mild,grpo_vanilla-final,0.9721854676798423,0.9223699228321214,0.0,0.0,57.49999999999999,0.04981554484772088,500.0
43,mild,ppo,0.9963446465819679,0.9904771683455598,0.0,0.0,0.0,0.005867478236408097,415.25
43,mild,ppo-final,0.9908024857809681,0.9767511706781598,0.0,0.0,0.0,0.014051315102808326,415.25
43,strong,Sentinel,0.5110285345415915,0.8713205132373061,170.99999999999997,500.0,500.0,-0.7812919786957147,5.0
43,strong,Sentinel-final,0.5124386597199366,0.8761663289707421,161.50000000000003,500.0,500.0,-0.7752276692508056,5.0
43,strong,PPO-NoShield (Sentinel),0.51069135491189,0.8701515248479164,172.5,500.0,500.0,-0.7819601699360264,0.0
43,strong,ShieldOnly,0.48890269577468387,0.8736012127811265,246.5,500.0,500.0,-0.8811985170064426,62.25
43,strong,Static,0.5181459197981588,0.8915226770725418,128.0,500.0,500.0,-0.751376757274383,0.0
43,strong,Adaptive,0.5484000999838501,0.9783115776130351,2.9999999999999996,500.0,500.0,-0.682911477629185,0.0
43,strong,Random,0.48363509188426157,0.895303015510286,256.99999999999994,500.0,500.0,-0.9186679236260245,0.0
43,strong,nscsd,0.4980501619379366,0.6850192180604917,229.74999999999997,500.0,500.0,-0.6667190561225551,7.0
43,strong,nscsd-final,0.4841853291701746,0.6374761129612129,333.5,500.0,500.0,-0.7367907837910384,8.0
43,strong,nscsd-tree,0.49781803274553243,0.685653741988379,234.74999999999997,500.0,500.0,-0.6725857092428466,5.0
43,strong,grpo_vanilla,0.47333943124440375,0.613675754642969,363.00000000000006,500.0,500.0,-0.7533363233985653,500.0
43,strong,grpo_vanilla-final,0.4680531918626004,0.6031160452065413,381.25,500.0,500.0,-0.7663128533439408,500.0
43,strong,ppo,0.5206584178002285,0.8532787542824319,18.250000000000007,500.0,500.0,-0.6008703364822034,106.5
43,strong,ppo-final,0.5022143814660504,0.7751712899744356,236.0,500.0,500.0,-0.7589569085083853,106.5
43,chaos,Sentinel,0.8312565503781526,0.9168450067673156,12.25,184.25,251.0,-0.189963456389163,160.5
43,chaos,Sentinel-final,0.8332300180928172,0.9212956390020313,11.500000000000002,180.25,248.75000000000003,-0.1896906209092141,160.5
43,chaos,PPO-NoShield (Sentinel),0.8300005814323296,0.9131637333180391,12.5,184.75,253.24999999999997,-0.18803815188570955,0.0
43,chaos,ShieldOnly,0.8062064085841314,0.9210538901134854,28.750000000000004,206.00000000000003,278.25,-0.24659748152935398,201.25
43,chaos,Static,0.8447112580683687,0.9421455421838342,8.75,168.74999999999997,241.25000000000003,-0.19055928411546552,0.0
43,chaos,Adaptive,0.8570680711751233,0.9752146808950457,6.25,159.74999999999997,240.5,-0.20427160971992242,0.0
43,chaos,Random,0.7920364010114633,0.9252315823833502,39.5,210.75000000000006,299.50000000000006,-0.27807018137188694,0.0
43,chaos,nscsd,0.8128620813832136,0.8030369748925569,12.0,190.0,275.0,-0.09717489350934329,129.25
43,chaos,nscsd-final,0.7958164621100179,0.7619248407926766,17.5,209.0,299.00000000000006,-0.08810837868265875,130.0
43,chaos,nscsd-tree,0.8129439366219329,0.8047739487619123,13.500000000000002,189.49999999999997,272.25,-0.10008001213997944,125.25
43,chaos,grpo_vanilla,0.7892179498162833,0.7506519594903379,17.750000000000004,220.24999999999997,310.25,-0.08930900967405456,500.0
43,chaos,grpo_vanilla-final,0.7819439130172159,0.7372001519021116,20.5,228.74999999999994,313.75000000000006,-0.09013123888489573,500.0
43,chaos,ppo,0.8359909906561868,0.9201723906423961,11.000000000000002,174.0,245.99999999999994,-0.1821813999862093,248.5
43,chaos,ppo-final,0.8204119482902582,0.8732853332542911,16.75,186.0,262.50000000000006,-0.16262338496403295,249.75
43,icmp,Sentinel,0.5307579710699046,0.7534690667862705,0.5,500.0,500.0,-0.4732110957163658,500.0
43,icmp,Sentinel-final,0.5307587852037093,0.7534776156064114,0.5,500.0,500.0,-0.473218830402702,500.0
43,icmp,PPO-NoShield (Sentinel),0.5322897566026258,0.7686466140477828,0.0,500.0,500.0,-0.486356857445157,0.0
43,icmp,ShieldOnly,0.5043107740831307,0.6773045677200253,158.75,500.0,500.0,-0.5817437936368945,445.5
43,icmp,Static,0.5363360275372995,0.8087958757031537,0.0,500.0,500.0,-0.5224598481658542,0.0
43,icmp,Adaptive,0.5517546722210033,0.9620797333841933,1.0,500.0,500.0,-0.66132506116319,0.0
43,icmp,Random,0.47570552528330123,0.9154145655219124,274.75,500.0,500.0,-0.9644590402386111,0.0
43,icmp,nscsd,0.508563563184283,0.5323798471851743,188.0,500.0,500.0,-0.4618162840008913,6.0
43,icmp,nscsd-final,0.5069582738683234,0.5163033420357369,205.25000000000003,500.0,500.0,-0.4645950681674136,7.25
43,icmp,nscsd-tree,0.5073036230403107,0.5329369272342479,194.24999999999997,500.0,500.0,-0.46988330419393715,499.75
43,icmp,grpo_vanilla,0.5030347994757005,0.4807553653893318,236.00000000000006,500.0,500.0,-0.4637205659136313,500.0
43,icmp,grpo_vanilla-final,0.4996949632495526,0.4614892666620857,260.00000000000006,500.0,500.0,-0.47179430341253314,500.0
43,icmp,ppo,0.5306506248780313,0.7539586550029208,0.5,500.0,500.0,-0.47380803012488953,500.0
43,icmp,ppo-final,0.522324574373233,0.6695232478676023,34.5,500.0,500.0,-0.4316986734943693,500.0
43,pulse,Sentinel,0.7584102572543636,0.8948006565162613,68.75,250.0,250.0,-0.33014039926189764,252.5
43,pulse,Sentinel-final,0.7590005266090314,0.898662649578011,64.00000000000001,250.0,250.0,-0.3286621229689796,252.5
43,pulse,PPO-NoShield (Sentinel),0.7545531254891551,0.8740020638553464,87.50000000000001,250.0,250.0,-0.3319489383661913,0.0
43,pulse,ShieldOnly,0.7473614075821848,0.9010907548041514,99.0,250.0,254.0,-0.3777293472219665,264.0
43,pulse,Static,0.7584170039785427,0.894986585693171,68.5,250.0,250.0,-0.3300695817146283,0.0
43,pulse,Adaptive,0.755704279898389,0.8806249663030806,88.25000000000003,250.0,250.0,-0.3381706864046917,0.0
43,pulse,Random,0.7323152808280793,0.8897005709821059,133.0,250.0,263.99999999999994,-0.4153852901540266,0.0
43,pulse,nscsd,0.7515839792107453,0.7368253813196401,123.00000000000003,250.0,250.0,-0.2332414021088949,253.5
43,pulse,nscsd-final,0.7476709467202747,0.7092466496347869,156.0,250.0,250.0,-0.24257570291451222,253.75
43,pulse,nscsd-tree,0.751869418810259,0.7371521321522507,130.0,250.0,250.0,-0.2402827133419917,252.5
43,pulse,grpo_vanilla,0.743668060409236,0.6836387425296835,164.25,250.0,250.0,-0.22922068212044744,500.0
43,pulse,grpo_vanilla-final,0.7411888548505655,0.675399109522962,170.24999999999997,250.0,250.0,-0.22946025467239647,500.0
43,pulse,ppo,0.7624367728923753,0.8788389798491801,6.750000000000001,250.0,250.0,-0.24815220695680482,307.0
43,pulse,ppo-final,0.7549378932837362,0.8160007444287725,101.5,250.0,250.0,-0.28756285114503627,307.0
43,polymorph,Sentinel,0.6614961171352425,0.9136896356553953,9.5,379.0,495.24999999999983,-0.4511935185201528,5.0
43,polymorph,Sentinel-final,0.6640378256666032,0.9176427866690959,8.5,375.0,495.24999999999983,-0.44960496100249275,5.0
43,polymorph,PPO-NoShield (Sentinel),0.6610346631993679,0.9129737635128781,9.5,379.75,495.74999999999983,-0.45131410031351016,0.0
43,polymorph,ShieldOnly,0.6285375412163431,0.9211561637116581,75.0,403.25,489.49999999999994,-0.569243622495315,70.25
43,polymorph,Static,0.6771739890692553,0.9359121355042742,2.2500000000000004,357.0,485.99999999999994,-0.4394881464350189,0.0
43,polymorph,Adaptive,0.7111146205088958,0.9877297607945446,0.25,320.25000000000006,469.25,-0.4369901402856487,0.0
43,polymorph,Random,0.6289973972134071,0.9289670577319127,74.00000000000001,399.00000000000006,491.49999999999994,-0.5734696605185057,0.0
43,polymorph,nscsd,0.6119065935679217,0.796106917112616,82.5,434.25,498.74999999999994,-0.48382532354469443,5.0
43,polymorph,nscsd-final,0.5981373677434927,0.7764002649400366,101.25000000000001,450.4999999999999,499.5,-0.5047628971965439,5.0
43,polymorph,nscsd-tree,0.614544506458298,0.7983944301544447,75.25000000000001,431.00000000000006,498.99999999999994,-0.4745999236961468,5.0
43,polymorph,grpo_vanilla,0.5872172901198788,0.7572883216019409,115.00000000000001,456.24999999999994,499.5,-0.513196031482062,500.0
43,polymorph,grpo_vanilla-final,0.5782280884048576,0.7457968487247223,130.74999999999997,465.9999999999999,499.5,-0.5313187603198646,500.0
43,polymorph,ppo,0.6675856614468988,0.9182409552724226,5.5,363.50000000000006,494.25000000000006,-0.4379052938255238,124.25
43,polymorph,ppo-final,0.6390151462440058,0.8722872073442746,35.25,404.99999999999994,499.5,-0.4710220611002688,124.25
43,boundary,Sentinel,0.9168461238949561,0.9139270673557197,0.0,0.0,166.0,0.0029190565392364087,5.0
43,boundary,Sentinel-final,0.9200865151634421,0.9204110619840729,0.0,0.0,161.50000000000003,-0.0003245468206307667,5.0
43,boundary,PPO-NoShield (Sentinel),0.9164890327430376,0.9132747189099364,0.0,0.0,166.5,0.0032143138331012233,0.0
43,boundary,ShieldOnly,0.874279739696403,0.912163177121361,2.4999999999999996,70.0,256.5,-0.07538343742495793,83.0
43,boundary,Static,0.9441092216585927,0.9642777001507048,0.0,0.0,123.74999999999999,-0.02016847849211212,0.0
43,boundary,Adaptive,0.9602564743982624,0.9948699863602821,0.0,0.0,84.0,-0.03461351196201967,0.0
43,boundary,Random,0.8694690499418541,0.933491039631142,4.0,73.75000000000001,257.0,-0.10489698968928786,0.0
43,boundary,nscsd,0.8837148697024672,0.7374506302328167,0.0,16.250000000000004,281.75,0.1381392394696505,10.25
43,boundary,nscsd-final,0.8650614788902589,0.7020438131880813,0.0,19.0,355.25,0.15351766570217756,12.0
43,boundary,nscsd-tree,0.8846572709489162,0.7381979735151563,0.0,15.250000000000004,277.99999999999994,0.13883429743375997,5.5
43,boundary,grpo_vanilla,0.8518584104726292,0.6876793224969846,0.0,29.000000000000004,375.25,0.1496790879756446,500.0
43,boundary,grpo_vanilla-final,0.8376228576140001,0.6696021808073894,0.0,47.5,391.75000000000006,0.1442706768066107,500.0
43,boundary,ppo,0.9278263095251524,0.9069326046352794,0.0,0.0,128.00000000000003,0.020893704889873077,169.25
43,boundary,ppo-final,0.9057208085799762,0.8473774301678854,0.0,1.5,191.74999999999997,0.05759337841209081,169.25
43,icmp_chaos,Sentinel,0.7257395618991144,0.8477264599899055,31.5,297.5,409.75,-0.30223689809079113,243.25
43,icmp_chaos,Sentinel-final,0.7268342371321597,0.850848414158742,30.750000000000007,296.74999999999994,409.5000000000001,-0.30313917702658233,243.25
43,icmp_chaos,PPO-NoShield (Sentinel),0.7263798148131463,0.8532238209892256,30.750000000000007,295.00000000000006,409.5000000000001,-0.3050940061760793,0.0
43,icmp_chaos,ShieldOnly,0.6933564134084689,0.8094801861803301,58.5,327.5,420.00000000000006,-0.33837377277186126,261.75
43,icmp_chaos,Static,0.7377916579498638,0.8961509424270435,24.25,279.0,398.25,-0.32210928447717974,0.0
43,icmp_chaos,Adaptive,0.75764686747525,0.9739634705282546,14.000000000000002,270.0,378.0,-0.3653166030530046,0.0
43,icmp_chaos,Random,0.67938529942369,0.9153697448721688,74.25000000000001,337.5,426.50000000000006,-0.4789844454484789,0.0
43,icmp_chaos,nscsd,0.701358668479273,0.6439522869452647,28.250000000000004,321.5,426.75,-0.13159361846599177,64.5
43,icmp_chaos,nscsd-final,0.6942858582010489,0.6158878934160933,31.25,327.75,427.99999999999994,-0.11672703521504435,65.5
43,icmp_chaos,nscsd-tree,0.7005670335049888,0.6451843242529649,28.499999999999996,320.75,428.00000000000006,-0.13349229074797606,243.75
43,icmp_chaos,grpo_vanilla,0.6873424746147592,0.5921149373406959,53.25000000000001,331.49999999999994,430.5,-0.12377246272593669,500.0
43,icmp_chaos,grpo_vanilla-final,0.6803692979267328,0.5754969030992602,63.0,341.5,432.49999999999994,-0.12887760517252733,500.0
43,icmp_chaos,ppo,0.7321749766041715,0.8357502062590715,18.25,291.24999999999994,409.25,-0.26745022965489995,335.5
43,icmp_chaos,ppo-final,0.7177765802230517,0.7627727655636228,20.0,308.74999999999994,416.24999999999994,-0.21937118534057115,336.25
44,benign,Sentinel,1.0,0.0,0.0,0.0,0.0,1.0,500.0
44,benign,Sentinel-final,1.0,0.0,0.0,0.0,0.0,1.0,500.0
44,benign,PPO-NoShield (Sentinel),1.0,0.0,0.0,0.0,0.0,1.0,0.0
44,benign,ShieldOnly,1.0,0.0,0.0,0.0,0.0,1.0,462.75
44,benign,Static,1.0,0.0,0.0,0.0,0.0,1.0,0.0
44,benign,Adaptive,1.0,0.0,0.0,0.0,0.0,1.0,0.0
44,benign,Random,0.9816364760930385,0.0,0.0,0.0,29.000000000000004,0.9816364760930385,0.0
44,benign,nscsd,1.0,0.0,0.0,0.0,0.0,1.0,498.75
44,benign,nscsd-final,1.0,0.0,0.0,0.0,0.0,1.0,498.75
44,benign,nscsd-tree,1.0,0.0,0.0,0.0,0.0,1.0,0.0
44,benign,grpo_vanilla,1.0,0.0,0.0,0.0,0.0,1.0,500.0
44,benign,grpo_vanilla-final,1.0,0.0,0.0,0.0,0.0,1.0,500.0
44,benign,ppo,1.0,0.0,0.0,0.0,0.0,1.0,500.0
44,benign,ppo-final,1.0,0.0,0.0,0.0,0.0,1.0,500.0
44,mild,Sentinel,0.9939527502065983,0.9838651044407941,0.0,0.0,0.0,0.010087645765804232,405.5
44,mild,Sentinel-final,0.9954531055068138,0.9877681710261562,0.0,0.0,0.0,0.007684934480657546,405.25
44,mild,PPO-NoShield (Sentinel),0.9895134093518477,0.9905136604837411,0.0,0.0,0.0,-0.0010002511318933927,0.0
44,mild,ShieldOnly,0.9747166669275419,0.9789238649740714,0.25,13.250000000000002,47.0,-0.011082198046529471,347.0
44,mild,Static,1.0,1.0,0.0,0.0,0.0,0.0,0.0
44,mild,Adaptive,0.9991944135174142,0.9987692610107558,0.0,0.0,1.5,0.00042515250665842164,0.0
44,mild,Random,0.9353293340789532,0.9614487102974868,0.75,35.50000000000001,126.5,-0.044619376218533555,0.0
44,mild,nscsd,0.9498718054190458,0.857677499388805,0.0,0.0,64.24999999999999,0.09219430603024081,63.75
44,mild,nscsd-final,0.9498718054190458,0.857677499388805,0.0,0.0,64.24999999999999,0.09219430603024081,63.75
44,mild,nscsd-tree,0.9499184375740996,0.8582363653637793,0.0,0.0,65.99999999999999,0.09168207221032021,0.75
44,mild,grpo_vanilla,0.9658519060918842,0.9116951550366496,0.0,0.0,82.5,0.05415675105523465,500.0
44,mild,grpo_vanilla-final,0.9644025396956426,0.9101872917184617,0.0,0.0,89.25,0.054215247977180914,500.0
44,mild,ppo,0.9963142400229736,0.9893616448917918,0.0,0.0,0.0,0.006952595131181849,405.25
44,mild,ppo-final,0.9896061863387395,0.9722163690556063,0.0,0.0,0.0,0.01738981728313327,406.5
44,strong,Sentinel,0.5166345808876153,0.8451373679853316,73.49999999999999,500.0,500.0,-0.6520027870977163,147.25
44,strong,Sentinel-final,0.5213167546770384,0.8642577818249395,17.000000000000004,500.0,500.0,-0.6099410271479011,147.25
44,strong,PPO-NoShield (Sentinel),0.5027181356934481,0.9051284067795045,210.49999999999997,500.0,500.0,-0.8629102710860563,0.0
44,strong,ShieldOnly,0.4881347162747752,0.8784341022955123,246.5,500.0,500.0,-0.886799386020737,74.25
44,strong,Static,0.5168775163203077,0.8969715243285401,117.75,500.0,500.0,-0.7478440080082325,0.0
44,strong,Adaptive,0.5481318065442294,0.9792180403086761,2.25,500.0,500.0,-0.6833362337644466,0.0
44,strong,Random,0.4812512569254449,0.899979961666677,276.75000000000006,500.0,500.0,-0.9454787047412322,0.0
44,strong,nscsd,0.468628344465453,0.6353332160431492,394.25,500.0,500.0,-0.8109548715776962,47.5
44,strong,nscsd-final,0.468628344465453,0.6353332160431492,394.25,500.0,500.0,-0.8109548715776962,47.5
44,strong,nscsd-tree,0.468784500117294,0.6365794300989,393.99999999999994,500.0,500.0,-0.8117949299816059,1.25
44,strong,grpo_vanilla,0.46589880639750747,0.6286370008485147,397.25,500.0,500.0,-0.8099881944510072,500.0
44,strong,grpo_vanilla-final,0.4645609112855899,0.6260890181310185,401.50000000000006,500.0,500.0,-0.8130281068454286,500.0
44,strong,ppo,0.5125911913255964,0.8113214572044782,145.25000000000003,500.0,500.0,-0.6939802658788818,147.25
44,strong,ppo-final,0.49281071694723977,0.7487389498575644,315.25,500.0,500.0,-0.8211782329103245,147.25
44,chaos,Sentinel,0.813139891261008,0.8947554268490355,12.25,192.75000000000003,249.49999999999997,-0.1902405355880275,248.0
44,chaos,Sentinel-final,0.8170325226832433,0.9093339050879663,11.75,192.5,248.74999999999997,-0.20030138240472295,248.0
44,chaos,PPO-NoShield (Sentinel),0.8019654784276151,0.940162811927663,14.500000000000002,197.50000000000003,259.99999999999994,-0.25144733350004794,0.0
44,chaos,ShieldOnly,0.7842369219936958,0.9123501203774674,49.00000000000001,217.0,282.75,-0.2856131983837717,179.5
44,chaos,Static,0.8229316956940005,0.9346374381884338,11.0,191.0,244.25,-0.2182057424944333,0.0
44,chaos,Adaptive,0.8359400988219262,0.9807399763124598,11.0,188.00000000000003,242.5,-0.24979987749053362,0.0
44,chaos,Random,0.7693014089494703,0.925833071404097,49.0,229.75000000000003,306.74999999999994,-0.3204066624546267,0.0
44,chaos,nscsd,0.7668853711959656,0.6937690925388413,47.25,219.74999999999997,314.25000000000006,-0.08400872134287576,113.0
44,chaos,nscsd-final,0.7668853711959656,0.6937690925388413,47.25,219.74999999999997,314.25000000000006,-0.08400872134287576,113.0
44,chaos,nscsd-tree,0.7669138423611291,0.694083275267092,47.0,219.74999999999997,314.5,-0.08404443290596286,0.0
44,chaos,grpo_vanilla,0.7683060712647022,0.6964853214211736,49.25,220.5,314.50000000000006,-0.0876792501564714,500.0
44,chaos,grpo_vanilla-final,0.7665236833631053,0.6936926425904865,50.50000000000001,222.5,315.75000000000006,-0.08891895922738119,500.0
44,chaos,ppo,0.8142416612391884,0.8753149573424489,12.0,193.5,249.49999999999997,-0.16982329610326052,244.5
44,chaos,ppo-final,0.7960670431627437,0.8289253356025335,26.000000000000004,197.0,252.5,-0.15735829243978977,250.0
44,icmp,Sentinel,0.5280688197102752,0.7644951841477476,1.5,500.0,500.0,-0.48792636443747245,500.0
44,icmp,Sentinel-final,0.5280707016695887,0.7644951841477476,1.5,500.0,500.0,-0.48792448247815895,500.0
44,icmp,PPO-NoShield (Sentinel),0.48025403514714615,1.0,499.75,500.0,500.0,-1.2694959648528539,0.0
44,icmp,ShieldOnly,0.5005186724449497,0.6851961226634342,176.50000000000003,500.0,500.0,-0.6111774502184845,444.25
44,icmp,Static,0.5342506420387109,0.8170616050554651,0.0,500.0,500.0,-0.5328109630167542,0.0
44,icmp,Adaptive,0.5511420740761531,0.9640172809704532,1.7499999999999998,500.0,500.0,-0.6646252068943002,0.0
44,icmp,Random,0.4766780164204403,0.9158683465117508,271.75000000000006,500.0,500.0,-0.9609403300913105,0.0
44,icmp,nscsd,0.4980083230965831,0.5046463953888847,273.0,500.0,500.0,-0.5296380722923015,499.0
44,icmp,nscsd-final,0.4980083230965831,0.5046463953888847,273.0,500.0,500.0,-0.5296380722923015,499.0
44,icmp,nscsd-tree,0.4989411265326373,0.5129695244098149,266.5,500.0,500.0,-0.5305283978771776,494.25
44,icmp,grpo_vanilla,0.4964383835060201,0.49085509529060534,281.5,500.0,500.0,-0.5259167117845852,500.0
44,icmp,grpo_vanilla-final,0.49502069550905936,0.4879820884880249,285.74999999999994,500.0,500.0,-0.5287113929789655,500.0
44,icmp,ppo,0.5233579827785052,0.7222311333784674,18.000000000000004,500.0,500.0,-0.46687315059996226,500.0
44,icmp,ppo-final,0.5141842771548629,0.6445399154887537,141.24999999999997,500.0,500.0,-0.5216056383338907,499.75
44,pulse,Sentinel,0.7613196933143082,0.8699707608366805,18.250000000000004,250.0,250.0,-0.2519010675223723,316.0
44,pulse,Sentinel-final,0.7631808714187024,0.8854184926238681,6.750000000000001,250.0,250.0,-0.2539876212051657,316.0
44,pulse,PPO-NoShield (Sentinel),0.7522691086601527,0.8968132980445753,84.25,250.0,250.0,-0.3537941893844226,0.0
44,pulse,ShieldOnly,0.7474238678383074,0.9002814643774771,95.25000000000003,250.0,254.5,-0.3731075965391698,266.0
44,pulse,Static,0.759590519802422,0.8869345856946372,46.25,250.0,250.0,-0.29859406589221527,0.0
44,pulse,Adaptive,0.7567089172088487,0.8678708903692938,93.5,250.0,250.0,-0.3296619731604451,0.0
44,pulse,Random,0.7311329855260954,0.890228907656323,136.74999999999997,250.0,265.99999999999994,-0.4208459221302276,0.0
44,pulse,nscsd,0.7434840605802132,0.6934221095616491,151.75,250.0,250.0,-0.22668804898143585,291.5
44,pulse,nscsd-final,0.7434840605802132,0.6934221095616491,151.75,250.0,250.0,-0.22668804898143585,291.5
44,pulse,nscsd-tree,0.7435559159958604,0.6942585513501133,151.75,250.0,250.0,-0.22745263535425292,0.0
44,pulse,grpo_vanilla,0.7417144069025098,0.6870702178989153,155.0,250.0,250.0,-0.22535581099640553,500.0
44,pulse,grpo_vanilla-final,0.7409324367510262,0.6864465911899514,158.0,250.0,250.0,-0.22851415443892528,500.0
44,pulse,ppo,0.7603307563574172,0.8377668624502718,49.0,250.0,250.0,-0.25143610609285455,316.0
44,pulse,ppo-final,0.7518042577426952,0.7921483394785112,130.25,250.0,250.0,-0.2955940817358159,316.25
44,polymorph,Sentinel,0.653694113118219,0.9071270542579419,6.500000000000001,390.0,497.00000000000006,-0.45493294113972294,125.0
44,polymorph,Sentinel-final,0.6611005951278288,0.9195082175970597,2.4999999999999996,380.25,494.50000000000006,-0.45103262246923087,125.0
44,polymorph,PPO-NoShield (Sentinel),0.6476508434961036,0.9262113648483222,10.75,398.49999999999994,498.00000000000006,-0.4885605213522186,0.0
44,polymorph,ShieldOnly,0.6226673002948936,0.9244494029486322,76.75000000000001,408.00000000000006,491.49999999999994,-0.5825321026537387,62.75
44,polymorph,Static,0.6678965430140764,0.934203627602427,5.249999999999999,372.0,485.25,-0.4575570845883506,0.0
44,polymorph,Adaptive,0.7016361828683289,0.9875770058363413,0.5,337.75,468.5,-0.4553158229680125,0.0
44,polymorph,Random,0.6161836602091305,0.9256631898662058,84.0,416.00000000000006,492.9999999999999,-0.6014795296570753,0.0
44,polymorph,nscsd,0.5793205001164412,0.7537581833080673,127.75,460.49999999999994,499.75,-0.5324376831916261,80.25
44,polymorph,nscsd-final,0.5793205001164412,0.7537581833080673,127.75,460.49999999999994,499.75,-0.5324376831916261,80.25
44,polymorph,nscsd-tree,0.5797230505851358,0.7543027878052404,127.25,460.49999999999994,499.75,-0.5320797372201045,0.0
44,polymorph,grpo_vanilla,0.5751446850732411,0.7468443276533627,137.5,463.99999999999983,499.75,-0.5411996425801215,500.0
44,polymorph,grpo_vanilla-final,0.5728409632993168,0.7443030402817945,143.25000000000003,465.75,499.75,-0.5475870769824778,500.0
44,polymorph,ppo,0.649844129622566,0.8863723123954381,15.5,391.5,495.74999999999994,-0.4477781827728722,125.0
44,polymorph,ppo-final,0.6186438430098365,0.8481909928568477,56.50000000000001,427.50000000000006,499.75,-0.4997971498470112,125.0
44,boundary,Sentinel,0.9074633953683348,0.9008913667125258,0.0,1.5,196.0,0.00582202865580897,131.0
44,boundary,Sentinel-final,0.9138679046164955,0.9159423211866372,0.0,0.5,185.0,-0.002324416570141735,131.0
44,boundary,PPO-NoShield (Sentinel),0.8939279666849231,0.9356102487563824,0.0,12.25,207.25,-0.047807282071459296,0.0
44,boundary,ShieldOnly,0.8634758335341204,0.9176496645773418,2.9999999999999996,77.5,283.75,-0.09592383104322139,67.75
44,boundary,Static,0.9297596564315558,0.9617356172848603,0.0,0.0,169.99999999999997,-0.031975960853304564,0.0
44,boundary,Adaptive,0.9473804020547739,0.9943158216575403,0.0,0.25,147.50000000000003,-0.04706041960276637,0.0
44,boundary,Random,0.8547473281245287,0.9250294405959156,2.75,90.75,292.0,-0.11840711247138694,0.0
44,boundary,nscsd,0.8320452668170537,0.706005850100929,0.0,67.99999999999999,424.5,0.09203941671612473,28.25
44,boundary,nscsd-final,0.8320452668170537,0.706005850100929,0.0,67.99999999999999,424.5,0.09203941671612473,28.25
44,boundary,nscsd-tree,0.8311017630483233,0.70511757783588,0.0,67.75,429.5,0.09210918521244325,0.5
44,boundary,grpo_vanilla,0.8235898119404765,0.6947476154767608,0.0,78.24999999999999,437.5,0.08971719646371576,500.0
44,boundary,grpo_vanilla-final,0.8204030336930626,0.6909693205443069,0.0,86.0,438.25,0.08643371314875563,500.0
44,boundary,ppo,0.9086127302258806,0.8911076032439921,0.0,2.25,197.24999999999997,0.01638012698188855,131.0
44,boundary,ppo-final,0.8807295165372734,0.8380420323940851,0.0,24.75,238.0,0.030312484143188236,131.0
44,icmp_chaos,Sentinel,0.7282379785083659,0.8158065953170194,17.0,289.25,400.24999999999994,-0.24919361680865348,335.25
44,icmp_chaos,Sentinel-final,0.7305655330627578,0.8275818967564458,16.5,285.99999999999994,399.5,-0.2565163636936879,335.25
44,icmp_chaos,PPO-NoShield (Sentinel),0.6999338584042667,0.9488061747873653,32.5,318.75,413.75,-0.44074731638309855,0.0
44,icmp_chaos,ShieldOnly,0.6985552882000869,0.7959795894620885,64.5,320.25000000000006,403.74999999999994,-0.32204930126200154,279.5
44,icmp_chaos,Static,0.7364893487071542,0.8768076095506263,20.250000000000004,281.25,396.25,-0.3011932608434721,0.0
44,icmp_chaos,Adaptive,0.7526311810189774,0.967370811873238,13.249999999999998,269.49999999999994,387.75,-0.3627396308542606,0.0
44,icmp_chaos,Random,0.6821552063429438,0.914388703070632,81.24999999999999,327.24999999999994,412.75000000000006,-0.4771084967276882,0.0
44,icmp_chaos,nscsd,0.6951558723589459,0.5555520503547189,70.49999999999999,327.00000000000006,404.49999999999994,-0.09439617799577296,284.0
44,icmp_chaos,nscsd-final,0.6951558723589459,0.5555520503547189,70.49999999999999,327.00000000000006,404.49999999999994,-0.09439617799577296,284.0
44,icmp_chaos,nscsd-tree,0.6955782178418198,0.5597780437672524,68.49999999999997,326.25000000000006,404.25000000000006,-0.09582482592543254,184.25
44,icmp_chaos,grpo_vanilla,0.6927145431833053,0.5433461922878767,74.49999999999999,328.5,404.49999999999994,-0.08938164910457144,500.0
44,icmp_chaos,grpo_vanilla-final,0.6911634823881274,0.5396263105672132,76.99999999999999,331.5,404.99999999999994,-0.0912128281790858,500.0
44,icmp_chaos,ppo,0.7271443052097676,0.7773092079273468,18.25,294.75,400.25000000000006,-0.21578990271757925,331.25
44,icmp_chaos,ppo-final,0.7121337532096078,0.7110152833394832,39.24999999999999,311.75,404.0,-0.19400653012987534,335.75
45,benign,Sentinel,1.0,0.0,0.0,0.0,0.0,1.0,500.0
45,benign,Sentinel-final,1.0,0.0,0.0,0.0,0.0,1.0,500.0
45,benign,PPO-NoShield (Sentinel),1.0,0.0,0.0,0.0,0.0,1.0,0.0
45,benign,ShieldOnly,1.0,0.0,0.0,0.0,0.0,1.0,470.0
45,benign,Static,1.0,0.0,0.0,0.0,0.0,1.0,0.0
45,benign,Adaptive,1.0,0.0,0.0,0.0,0.0,1.0,0.0
45,benign,Random,0.9816800791003508,0.0,0.0,0.0,29.750000000000007,0.9816800791003508,0.0
45,benign,nscsd,1.0,0.0,0.0,0.0,0.0,1.0,500.0
45,benign,nscsd-final,1.0,0.0,0.0,0.0,0.0,1.0,500.0
45,benign,nscsd-tree,1.0,0.0,0.0,0.0,0.0,1.0,0.0
45,benign,grpo_vanilla,1.0,0.0,0.0,0.0,0.0,1.0,500.0
45,benign,grpo_vanilla-final,1.0,0.0,0.0,0.0,0.0,1.0,500.0
45,benign,ppo,1.0,0.0,0.0,0.0,0.0,1.0,500.0
45,benign,ppo-final,1.0,0.0,0.0,0.0,0.0,1.0,500.0
45,mild,Sentinel,0.9915742538859167,0.9892196940804316,0.0,0.0,0.0,0.002354559805485046,329.0
45,mild,Sentinel-final,0.9949870496677737,0.99397535737613,0.0,0.0,0.0,0.0010116922916437732,329.0
45,mild,PPO-NoShield (Sentinel),0.9903145930112529,0.9866628117232681,0.0,0.0,0.0,0.0036517812879848233,0.0
45,mild,ShieldOnly,0.9751801561004028,0.980919554883205,0.25,13.000000000000002,45.25000000000001,-0.012489398782802275,331.5
45,mild,Static,0.99999997744244,0.9999999800517483,0.0,0.0,0.0,-2.609308324963422e-09,0.0
45,mild,Adaptive,0.9994875917499508,0.9986170146663987,0.0,0.0,0.0,0.0008705770835520932,0.0
45,mild,Random,0.9350217873002661,0.9605173835705365,0.5,39.75,124.0,-0.04587059627027043,0.0
45,mild,nscsd,0.9515025297525688,0.87231804452174,0.0,0.0,62.75,0.07918448523082877,115.25
45,mild,nscsd-final,0.9533081427889384,0.875324418555647,0.0,0.25,60.749999999999986,0.07785872423329136,115.5
45,mild,nscsd-tree,0.9533147046498488,0.8767589629893904,0.0,0.0,61.25000000000001,0.07655574166045842,0.25
45,mild,grpo_vanilla,0.9617713925620711,0.9184155999466255,0.0,0.0,92.75,0.04335579261544564,500.0
45,mild,grpo_vanilla-final,0.9600040014095033,0.9162453563241986,0.0,0.5,99.25,0.04350864508530469,500.0
45,mild,ppo,0.9954627982667356,0.9910021775840734,0.0,0.0,0.0,0.004460620682662175,366.25
45,mild,ppo-final,0.9964542080078029,0.9931904247205896,0.0,0.0,0.0,0.0032637832872133288,366.0
45,strong,Sentinel,0.5115669370442135,0.8425729528807923,152.75,500.0,500.0,-0.7337560158365788,5.0
45,strong,Sentinel-final,0.5110617353286833,0.8407524019695227,156.5,500.0,500.0,-0.7361906666408394,5.0
45,strong,PPO-NoShield (Sentinel),0.511170155394811,0.8415057592837606,155.25,500.0,500.0,-0.7355856038889496,0.0
45,strong,ShieldOnly,0.48677187846479597,0.8790928560200767,251.49999999999994,500.0,500.0,-0.8938209775552807,69.75
45,strong,Static,0.5212367189252591,0.8771370878379663,68.5,500.0,500.0,-0.6744003689127072,0.0
45,strong,Adaptive,0.5487730356397913,0.9761402776081892,3.5000000000000004,500.0,500.0,-0.6808672419683979,0.0
45,strong,Random,0.4819378862927466,0.895795390740561,269.25,500.0,500.0,-0.9331075044478144,0.0
45,strong,nscsd,0.4832713294075358,0.6550073339712513,345.25,500.0,500.0,-0.7669860045637156,6.25
45,strong,nscsd-final,0.4800339445568911,0.6394130910696596,358.75,500.0,500.0,-0.7681291465127685,6.25
45,strong,nscsd-tree,0.48400255306376605,0.6567856660602985,340.0,500.0,500.0,-0.7627831129965326,0.5
45,strong,grpo_vanilla,0.47064083749903673,0.6039988958828257,392.25,500.0,500.0,-0.775608058383789,500.0
45,strong,grpo_vanilla-final,0.4687723354276737,0.6008837386064259,400.24999999999994,500.0,500.0,-0.782361403178752,500.0
45,strong,ppo,0.5187727568409093,0.8529789097434094,34.25,500.0,500.0,-0.6184561529025001,152.0
45,strong,ppo-final,0.5164582249265292,0.8435235567519452,63.500000000000014,500.0,500.0,-0.6405653318254161,152.0
45,chaos,Sentinel,0.8362821037852616,0.9151572658485936,11.750000000000002,174.50000000000003,232.5,-0.177875162063332,195.75
45,chaos,Sentinel-final,0.8379161835957941,0.9177801854143255,11.5,173.25000000000003,231.50000000000003,-0.1779890018185314,195.75
45,chaos,PPO-NoShield (Sentinel),0.8348342540507565,0.9113730874290628,11.750000000000002,175.50000000000003,233.75000000000003,-0.17603883337830625,0.0
45,chaos,ShieldOnly,0.8182752367449833,0.9264540379644265,31.75,185.24999999999997,249.00000000000003,-0.23255380121944322,233.75
45,chaos,Static,0.8482923055265585,0.9439105661386445,6.750000000000001,157.75,227.25000000000003,-0.181243260612086,0.0
45,chaos,Adaptive,0.8589069671916943,0.9798466764296944,9.499999999999998,148.25,222.25000000000006,-0.20456470923800002,0.0
45,chaos,Random,0.7959989208059828,0.9248684928217393,38.25,207.75000000000003,283.75,-0.27099457201575655,0.0
45,chaos,nscsd,0.8045197274366218,0.7706715142525578,41.74999999999999,191.25,289.75000000000006,-0.10352678681593594,156.5
45,chaos,nscsd-final,0.8017314721010871,0.7597434301062792,44.75,193.75000000000003,284.50000000000006,-0.09963695800519214,153.5
45,chaos,nscsd-tree,0.8049054172509391,0.7728999349244029,41.49999999999999,191.75,291.25000000000006,-0.10536951767346378,0.0
45,chaos,grpo_vanilla,0.7977933090307061,0.751851605019138,50.24999999999999,201.75,295.00000000000006,-0.10518329598843185,500.0
45,chaos,grpo_vanilla-final,0.7957387070055552,0.7489397983840667,50.99999999999999,204.75,295.75000000000006,-0.10657609137851148,500.0
45,chaos,ppo,0.8426842955523733,0.9194237207120246,7.250000000000001,167.00000000000003,231.50000000000003,-0.1674894251596513,301.5
45,chaos,ppo-final,0.8423155405001829,0.9166112885779574,7.250000000000001,168.25,231.50000000000003,-0.16567074807777452,301.5
45,icmp,Sentinel,0.5266576323386944,0.7604678614344802,0.75,500.0,500.0,-0.4845602290957858,500.0
45,icmp,Sentinel-final,0.5246704450917434,0.7440269269271602,2.75,500.0,500.0,-0.4721064818354168,500.0
45,icmp,PPO-NoShield (Sentinel),0.5274207821624294,0.766597567483155,0.25,500.0,500.0,-0.4894267853207256,0.0
45,icmp,ShieldOnly,0.49992922392868344,0.6910441210319643,178.25,500.0,500.0,-0.6193648971032809,445.25
45,icmp,Static,0.5338640899273039,0.819955650894619,0.0,500.0,500.0,-0.536091560967315,0.0
45,icmp,Adaptive,0.5513228800735347,0.9642996926072653,0.75,500.0,500.0,-0.6637268125337306,0.0
45,icmp,Random,0.47709089136462646,0.9215786215197312,277.25,500.0,500.0,-0.9717377301551048,0.0
45,icmp,nscsd,0.5052928411497639,0.5836709780272253,223.99999999999997,500.0,500.0,-0.5523781368774614,499.5
45,icmp,nscsd-final,0.5031627149151514,0.5677929788202831,242.74999999999997,500.0,500.0,-0.5573802639051317,498.75
45,icmp,nscsd-tree,0.5057898230157519,0.5887112413041796,221.25,500.0,500.0,-0.5541714182884276,454.25
45,icmp,grpo_vanilla,0.4946994435043338,0.49856682536411007,295.0,500.0,500.0,-0.5488673818597762,500.0
45,icmp,grpo_vanilla-final,0.49310753971360277,0.49389619184328576,307.0,500.0,500.0,-0.557788652129683,500.0
45,icmp,ppo,0.5274557006200647,0.7683689213530556,0.25,500.0,500.0,-0.4911632207329908,500.0
45,icmp,ppo-final,0.526177231409962,0.7577470857273804,1.0,500.0,500.0,-0.4825698543174184,500.0
45,pulse,Sentinel,0.75901291845134,0.8692506509650577,64.0,250.0,250.0,-0.2992377325137177,252.5
45,pulse,Sentinel-final,0.758840048018319,0.868043319404404,65.5,250.0,250.0,-0.2997032713860851,252.5
45,pulse,PPO-NoShield (Sentinel),0.7553519776460565,0.8424125469566466,80.5,250.0,250.0,-0.29256056931059005,0.0
45,pulse,ShieldOnly,0.7472854375606418,0.8964202168078079,99.0,250.0,253.0,-0.3731347792471661,267.5
45,pulse,Static,0.7603889573758489,0.877643729220336,52.49999999999999,250.0,250.0,-0.29475477184448706,0.0
45,pulse,Adaptive,0.7578780437511019,0.8646840500538545,73.5,250.0,250.0,-0.3053060063027526,0.0
45,pulse,Random,0.7321308184252671,0.8895315350365263,132.0,250.0,263.75,-0.4144007166112592,0.0
45,pulse,nscsd,0.7496151137543884,0.6861764039977118,116.25,250.0,250.0,-0.17781129024332348,253.0
45,pulse,nscsd-final,0.7483244594702747,0.6724462698187874,123.25000000000001,250.0,250.0,-0.17237181034851273,253.25
45,pulse,nscsd-tree,0.7497566655432661,0.6903384023278908,113.25,250.0,250.0,-0.17883173678462466,0.25
45,pulse,grpo_vanilla,0.7448897399195069,0.6571186580905143,147.99999999999997,250.0,250.0,-0.18522891817100734,500.0
45,pulse,grpo_vanilla-final,0.7439282394919117,0.6546435497093409,151.75,250.0,250.0,-0.18746531021742924,500.0
45,pulse,ppo,0.763115999412062,0.8672277802666196,11.25,250.0,250.0,-0.24036178085455762,329.0
45,pulse,ppo-final,0.7622714215299918,0.8590172119008015,16.250000000000004,250.0,250.0,-0.23799579037080965,329.0
45,polymorph,Sentinel,0.6612445837771002,0.9076552188180305,18.500000000000004,372.74999999999994,497.2499999999999,-0.45128563504093033,5.0
45,polymorph,Sentinel-final,0.6624230427562584,0.9091714889290634,19.75,370.24999999999994,496.4999999999999,-0.451623446172805,5.0
45,polymorph,PPO-NoShield (Sentinel),0.6608156110104122,0.9066706853512632,18.500000000000004,373.49999999999994,497.2499999999999,-0.45110507434085095,0.0
45,polymorph,ShieldOnly,0.633001063848295,0.9186093130785563,72.75000000000001,397.25,490.00000000000006,-0.5569832492302613,70.75
45,polymorph,Static,0.6817547260329089,0.9371358501924506,4.500000000000001,351.74999999999994,485.25,-0.4357561241595417,0.0
45,polymorph,Adaptive,0.7155256935428296,0.9880751594039076,0.5,312.49999999999994,460.75,-0.4292994658610779,0.0
45,polymorph,Random,0.6304804911201477,0.9278038591899807,76.49999999999999,399.25,489.99999999999994,-0.573448368069833,0.0
45,polymorph,nscsd,0.6107812467431988,0.7934824583023741,94.24999999999999,429.5,500.0,-0.4917012115591753,5.0
45,polymorph,nscsd-final,0.6029717757738021,0.7805261697974923,104.50000000000001,440.75,500.0,-0.5024293940236902,5.0
45,polymorph,nscsd-tree,0.6122339193783813,0.797716258524025,91.0,426.50000000000006,500.0,-0.4897323391456436,0.0
45,polymorph,grpo_vanilla,0.5857011876403719,0.7517158580296119,132.25,460.25,500.0,-0.52838967038924,500.0
45,polymorph,grpo_vanilla-final,0.5824808833888533,0.7486663041268853,136.25,462.5,500.0,-0.5336854207380319,500.0
45,polymorph,ppo,0.6716060783966883,0.9168709424294939,4.500000000000001,360.24999999999994,495.9999999999999,-0.42988986403280555,124.75
45,polymorph,ppo-final,0.6695138616275437,0.9132515839266903,6.750000000000001,361.5,495.9999999999999,-0.4312377222991466,124.75
45,boundary,Sentinel,0.9109921775111639,0.9203344561711686,0.0,0.5,163.5,-0.0095922786600047,5.0
45,boundary,Sentinel-final,0.9158543056715045,0.9274362051938784,0.0,0.5,159.5,-0.011831899522373873,5.0
45,boundary,PPO-NoShield (Sentinel),0.9105483362786664,0.9197943443644936,0.0,0.5,163.5,-0.009496008085827207,0.0
45,boundary,ShieldOnly,0.8746298488611508,0.9160097199846378,2.25,74.75000000000001,257.49999999999994,-0.08100487112348696,71.75
45,boundary,Static,0.9443803686421557,0.971171503588182,0.0,0.0,144.0,-0.026791134946026363,0.0
45,boundary,Adaptive,0.9602866238701342,0.9959617404827673,0.0,0.25,120.25,-0.03580011661263312,0.0
45,boundary,Random,0.8672852135020284,0.9238386827148769,3.0,84.25000000000001,266.5,-0.10167846921284855,0.0
45,boundary,nscsd,0.8684136710480429,0.7325874263297905,0.0,36.75,300.5,0.11745124471825244,7.0
45,boundary,nscsd-final,0.8612825792229252,0.7174017929240027,0.0,42.74999999999999,330.25000000000006,0.12250578629892242,8.5
45,boundary,nscsd-tree,0.8708732389061445,0.7367384441862512,0.0,34.25000000000001,281.0,0.11700979471989331,0.25
45,boundary,grpo_vanilla,0.840105930644167,0.6909682381693354,0.0,61.499999999999986,376.0,0.11838769247483166,500.0
45,boundary,grpo_vanilla-final,0.8350123401291485,0.6881700250552539,0.0,69.49999999999999,390.75,0.11209231507389456,500.0
45,boundary,ppo,0.9287286063829072,0.913825584117317,0.0,0.0,146.25000000000003,0.01490302226559026,127.25
45,boundary,ppo-final,0.929331156042456,0.915249678519468,0.0,0.0,146.25000000000003,0.01408147752298794,127.25
45,icmp_chaos,Sentinel,0.7156870706826233,0.8493600163297268,32.25,287.25,440.25,-0.30954794564710353,198.25
45,icmp_chaos,Sentinel-final,0.7161066083557313,0.8454029825370453,32.25,286.75,440.99999999999994,-0.30492137418131404,198.25
45,icmp_chaos,PPO-NoShield (Sentinel),0.7156660162760411,0.8510253146200597,32.75,287.00000000000006,439.49999999999994,-0.3116092983440186,0.0
45,icmp_chaos,ShieldOnly,0.6899710276726387,0.8315574173764888,56.99999999999999,315.99999999999994,437.75,-0.35658638970385004,220.25
45,icmp_chaos,Static,0.7316892767288647,0.8991383506160895,20.0,250.25000000000003,422.0,-0.31257407388722475,0.0
45,icmp_chaos,Adaptive,0.7530734695662605,0.9774777569005402,14.000000000000002,236.99999999999997,403.0,-0.35690428733427965,0.0
45,icmp_chaos,Random,0.6781449242386303,0.9104988685276014,72.25000000000001,324.0,436.75000000000006,-0.46660394428897123,0.0
45,icmp_chaos,nscsd,0.6932077642749125,0.6639194915750484,49.75,318.75,445.75,-0.1798367273001359,207.0
45,icmp_chaos,nscsd-final,0.6887175737072548,0.6437004368996125,53.25,330.25,446.24999999999994,-0.1733578631923577,206.25
45,icmp_chaos,nscsd-tree,0.6943076198764049,0.6701620957221017,50.0,314.99999999999994,445.25,-0.1833544758456968,130.75
45,icmp_chaos,grpo_vanilla,0.6741545589860839,0.5925233301972567,66.25,353.00000000000006,447.24999999999994,-0.1611187712111728,500.0
45,icmp_chaos,grpo_vanilla-final,0.6715891291457896,0.5886832487264052,68.75,356.0,447.24999999999994,-0.1638441195806156,500.0
45,icmp_chaos,ppo,0.7255892600208182,0.8440552137363395,18.250000000000007,267.0,431.99999999999994,-0.2702159537155213,259.75
45,icmp_chaos,ppo-final,0.7244741453992678,0.8370728487719198,19.25,269.0,433.0,-0.266348703372652,259.75
46,benign,Sentinel,1.0,0.0,0.0,0.0,0.0,1.0,500.0
46,benign,Sentinel-final,1.0,0.0,0.0,0.0,0.0,1.0,500.0
46,benign,PPO-NoShield (Sentinel),1.0,0.0,0.0,0.0,0.0,1.0,0.0
46,benign,ShieldOnly,1.0,0.0,0.0,0.0,0.0,1.0,469.75
46,benign,Static,1.0,0.0,0.0,0.0,0.0,1.0,0.0
46,benign,Adaptive,1.0,0.0,0.0,0.0,0.0,1.0,0.0
46,benign,Random,0.9826878182944025,0.0,0.0,0.0,24.75,0.9826878182944025,0.0
46,benign,nscsd,1.0,0.0,0.0,0.0,0.0,1.0,500.0
46,benign,nscsd-final,1.0,0.0,0.0,0.0,0.0,1.0,500.0
46,benign,nscsd-tree,1.0,0.0,0.0,0.0,0.0,1.0,0.0
46,benign,grpo_vanilla,1.0,0.0,0.0,0.0,0.0,1.0,500.0
46,benign,grpo_vanilla-final,1.0,0.0,0.0,0.0,0.0,1.0,500.0
46,benign,ppo,1.0,0.0,0.0,0.0,0.0,1.0,500.0
46,benign,ppo-final,1.0,0.0,0.0,0.0,0.0,1.0,500.0
46,mild,Sentinel,0.9872731808698246,0.9727880269573715,0.0,0.0,0.0,0.014485153912453086,310.75
46,mild,Sentinel-final,0.9809551615898086,0.992951478402072,0.0,0.0,0.0,-0.01199631681226343,310.75
46,mild,PPO-NoShield (Sentinel),0.9830363451001993,0.9678539778108419,0.0,0.0,0.0,0.015182367289357401,0.0
46,mild,ShieldOnly,0.9726932964288546,0.9749833097586358,0.5,13.000000000000002,49.5,-0.009290013329781183,325.0
46,mild,Static,1.0,1.0,0.0,0.0,0.0,0.0,0.0
46,mild,Adaptive,0.9995875309208693,0.9985321867163106,0.0,0.0,0.5,0.0010553442045586614,0.0
46,mild,Random,0.9318980963506005,0.9631023168418326,2.25,44.5,125.75,-0.05570422049123206,0.0
46,mild,nscsd,0.9464879563030453,0.8441186241210122,0.0,0.0,47.75,0.10236933218203303,108.25
46,mild,nscsd-final,0.9469988561400993,0.8453987714751616,0.0,0.0,46.0,0.10160008466493764,119.5
46,mild,nscsd-tree,0.9470620182735278,0.8462345108017739,0.0,0.0,48.75,0.10082750747175384,0.5
46,mild,grpo_vanilla,0.9895334462832244,0.9708420274754191,0.0,0.0,0.0,0.018691418807805227,380.25
46,mild,grpo_vanilla-final,0.957312020195325,0.8995356565465406,0.0,0.0,105.25,0.05777636364878447,500.0
46,mild,ppo,0.9946320449204803,0.9849398161010596,0.0,0.0,0.0,0.009692228819420667,380.0
46,mild,ppo-final,0.9911025193652259,0.9751292512605421,0.0,0.0,0.0,0.015973268104683802,380.25
46,strong,Sentinel,0.5007071278389148,0.8844004254465766,252.75000000000003,500.0,500.0,-0.8864432976076618,5.0
46,strong,Sentinel-final,0.49199478206495717,0.9319297575276433,327.0,500.0,500.0,-1.0169349754626862,5.0
46,strong,PPO-NoShield (Sentinel),0.5002612566068768,0.8834891193390997,255.00000000000006,500.0,500.0,-0.8882278627322229,0.0
46,strong,ShieldOnly,0.48468712893705146,0.888175659841972,251.50000000000006,500.0,500.0,-0.9049885309049206,46.5
46,strong,Static,0.5135542442232757,0.9112765974606406,141.5,500.0,500.0,-0.7892223532373649,0.0
46,strong,Adaptive,0.5472663667791673,0.982522345105702,4.000000000000001,500.0,500.0,-0.6892559783265347,0.0
46,strong,Random,0.4830235799195616,0.8918206493943306,261.74999999999994,500.0,500.0,-0.9205470694747689,0.0
46,strong,nscsd,0.46799143847410585,0.6530257464067261,418.75,500.0,500.0,-0.8537843079326202,289.0
46,strong,nscsd-final,0.4680627374007743,0.6540077142546054,420.5,500.0,500.0,-0.856444976853831,117.75
46,strong,nscsd-tree,0.46847943207639287,0.6541350278940623,417.0000000000001,500.0,500.0,-0.8526555958176696,0.0
46,strong,grpo_vanilla,0.4880168779764927,0.764021841055808,349.75,500.0,500.0,-0.8757549630793153,71.0
46,strong,grpo_vanilla-final,0.45316328824471813,0.6745207778168094,473.0,500.0,500.0,-0.9443574895720912,500.0
46,strong,ppo,0.5094923246175332,0.839299950759915,142.25000000000003,500.0,500.0,-0.7220576261423818,71.0
46,strong,ppo-final,0.4910633912448457,0.7744783070996818,333.75,500.0,500.0,-0.867164915854836,71.0
46,chaos,Sentinel,0.8337355378487441,0.923259750283368,18.5,169.50000000000003,225.50000000000003,-0.19277421243462395,186.5
46,chaos,Sentinel-final,0.8293842110886628,0.9483705437804284,18.000000000000007,168.99999999999997,233.25000000000003,-0.22148633269176562,186.5
46,chaos,PPO-NoShield (Sentinel),0.8316690664924646,0.9181561384773049,18.5,171.00000000000003,226.25,-0.19048707198484033,0.0
46,chaos,ShieldOnly,0.8186969598944813,0.915035454906054,38.5,182.75,249.75000000000006,-0.22621349501157267,211.5
46,chaos,Static,0.8527892125377632,0.9561448377793338,8.5,152.00000000000003,220.75,-0.18785562524157062,0.0
46,chaos,Adaptive,0.8657252592616734,0.981517102858794,9.500000000000002,146.25000000000003,208.25,-0.19841684359712058,0.0
46,chaos,Random,0.803215906970437,0.9257194306909714,39.75000000000001,194.75000000000003,272.25,-0.25962852372053447,0.0
46,chaos,nscsd,0.8031013274936442,0.7248605405021691,36.25000000000001,195.25,269.5,-0.05563421300852493,291.25
46,chaos,nscsd-final,0.8030762374860398,0.7268559386653781,36.75000000000001,196.24999999999997,271.75,-0.05865470117933827,224.5
46,chaos,nscsd-tree,0.8036601773083255,0.7266263491032025,35.75000000000001,194.74999999999997,271.25,-0.05609117179487694,0.0
46,chaos,grpo_vanilla,0.8312069531139281,0.8425033308384705,23.500000000000004,169.50000000000003,237.75,-0.11954637772454242,240.5
46,chaos,grpo_vanilla-final,0.7929698631639543,0.7543856395649257,49.75,204.00000000000003,289.75,-0.11316577640097132,500.0
46,chaos,ppo,0.8454978761494072,0.8953281292668354,9.500000000000002,161.75,223.0,-0.14020525311742818,239.5
46,chaos,ppo-final,0.8338851871411945,0.851735809908446,18.75,167.50000000000003,228.5,-0.12035062276725149,240.5
46,icmp,Sentinel,0.5308639591079682,0.7454162381260286,0.25,500.0,500.0,-0.46480227901806037,500.0
46,icmp,Sentinel-final,0.5309440398548316,0.7479463735328833,0.25,500.0,500.0,-0.46725233367805163,500.0
46,icmp,PPO-NoShield (Sentinel),0.5309618415011321,0.746163752019939,0.25,500.0,500.0,-0.46545191051880686,0.0
46,icmp,ShieldOnly,0.5053776877972088,0.6764275969131466,149.25000000000003,500.0,500.0,-0.5702999091159378,441.25
46,icmp,Static,0.5368687809793518,0.8068653073648177,0.0,500.0,500.0,-0.5199965263854659,0.0
46,icmp,Adaptive,0.5519748421322861,0.9618127768167716,0.25,500.0,500.0,-0.6600879346844855,0.0
46,icmp,Random,0.47515854032984634,0.9138284557691744,279.75,500.0,500.0,-0.968419915439328,0.0
46,icmp,nscsd,0.5068568446197756,0.49981025482046704,188.74999999999997,500.0,500.0,-0.43170341020069136,328.25
46,icmp,nscsd-final,0.5068730434950927,0.4988585934830073,188.0,500.0,500.0,-0.42998554998791466,10.5
46,icmp,nscsd-tree,0.5031267756191873,0.4639589401961567,217.75000000000003,500.0,500.0,-0.4285821645769694,0.0
46,icmp,grpo_vanilla,0.5174452982584798,0.6093664763455107,87.75000000000001,500.0,500.0,-0.4296711780870308,500.0
46,icmp,grpo_vanilla-final,0.5011792907019496,0.4592011338814145,230.25,500.0,500.0,-0.43827184317946494,500.0
46,icmp,ppo,0.528590623751058,0.7236984613948472,1.0,500.0,500.0,-0.44610783764378914,500.0
46,icmp,ppo-final,0.5184141040826103,0.6194914367020907,77.25,500.0,500.0,-0.42832733261948036,500.0
46,pulse,Sentinel,0.7582216758990951,0.8722806083584518,56.25,250.0,250.0,-0.29530893245935674,252.25
46,pulse,Sentinel-final,0.7495174229992744,0.9572711110441864,140.25,250.0,250.0,-0.473003688044912,252.25
46,pulse,PPO-NoShield (Sentinel),0.7542364410927151,0.8475668904061772,73.49999999999999,250.0,250.0,-0.291830449313462,0.0
46,pulse,ShieldOnly,0.7474471075971456,0.8977323684058847,97.0,250.0,253.0,-0.372285260808739,271.25
46,pulse,Static,0.7598979618763272,0.8839448368233779,44.75000000000001,250.0,250.0,-0.2937968749470507,0.0
46,pulse,Adaptive,0.7577430392851598,0.8678827041370815,81.49999999999999,250.0,250.0,-0.31663966485192163,0.0
46,pulse,Random,0.7316687823919177,0.8971118343753999,130.5,250.0,264.25,-0.4209430519834822,0.0
46,pulse,nscsd,0.7431639758829491,0.6823811727936542,166.99999999999997,250.0,250.0,-0.23121719691070503,425.75
46,pulse,nscsd-final,0.7433177743209904,0.6830661507947686,166.5,250.0,250.0,-0.2312483764737782,350.25
46,pulse,nscsd-tree,0.7432990470749935,0.6834381325158968,166.75,250.0,250.0,-0.2318890854409033,0.0
46,pulse,grpo_vanilla,0.7510186588798805,0.7959113321525908,138.74999999999997,250.0,250.0,-0.3086426732727103,318.25
46,pulse,grpo_vanilla-final,0.7381656671962121,0.7116478728821443,187.5,250.0,250.0,-0.28598220568593213,500.0
46,pulse,ppo,0.7592313803672648,0.8595467183637983,31.750000000000007,250.0,250.0,-0.25706533799653347,318.25
46,pulse,ppo-final,0.752164485707525,0.8045760108300687,128.0,250.0,250.0,-0.30541152512254366,318.25
46,polymorph,Sentinel,0.6571377186083608,0.9049027967304861,21.75,373.0,497.25,-0.45601507812212533,5.0
46,polymorph,Sentinel-final,0.644163992673721,0.9570039941052741,23.000000000000004,394.25,498.75000000000006,-0.5329650014315531,5.0
46,polymorph,PPO-NoShield (Sentinel),0.656576924871785,0.9042316062322271,21.75,373.75,497.49999999999994,-0.4562796813604421,0.0
46,polymorph,ShieldOnly,0.6323726383149442,0.9214823295979514,70.75,398.25,489.49999999999994,-0.5589846912830072,66.5
46,polymorph,Static,0.6803742586703444,0.9385128608575762,5.0,343.0,485.7499999999999,-0.4346386021872318,0.0
46,polymorph,Adaptive,0.7143178384858477,0.9886654084172827,0.25,313.99999999999994,470.00000000000006,-0.4315975699314349,0.0
46,polymorph,Random,0.6312839560988317,0.9280978285825056,76.5,393.25,492.75,-0.5699388724836738,0.0
46,polymorph,nscsd,0.5909883849977537,0.7593695616018722,120.0,461.5,499.75,-0.5191311766041184,337.5
46,polymorph,nscsd-final,0.5914733619642297,0.7598111082744193,120.25,460.7499999999999,499.75,-0.5189627463101896,174.0
46,polymorph,nscsd-tree,0.5914123049827088,0.760113922036199,120.0,460.75,499.75,-0.5190766170534902,0.0
46,polymorph,grpo_vanilla,0.6310781672884836,0.8515212224336632,62.24999999999999,403.0,499.5,-0.4841930551451796,114.75
46,polymorph,grpo_vanilla-final,0.5768773172170893,0.7679284212880159,145.5,473.75,499.5,-0.5734261040709265,500.0
46,polymorph,ppo,0.6613251195546309,0.900807269708447,10.000000000000002,364.00000000000006,496.7499999999999,-0.4314821501538162,114.75
46,polymorph,ppo-final,0.6358455745560092,0.8590847245992744,57.00000000000001,395.49999999999994,499.25,-0.4779891500432652,114.75
46,boundary,Sentinel,0.9090733879445747,0.8974190409977961,0.0,19.75,156.25,0.001779346946778582,5.0
46,boundary,Sentinel-final,0.886189184054506,0.9644187064422196,0.0,8.75,204.00000000000003,-0.08260452238771364,5.0
46,boundary,PPO-NoShield (Sentinel),0.9085825360212368,0.8967546007155105,0.0,20.25,156.25,0.0017029353057263445,0.0
46,boundary,ShieldOnly,0.873828644745727,0.9091744312903947,2.75,75.50000000000001,249.49999999999997,-0.0758457865446677,74.75
46,boundary,Static,0.9457091209182973,0.9693499452948158,0.0,0.25,126.00000000000003,-0.023765824376518488,0.0
46,boundary,Adaptive,0.9599093502794286,0.9960114027329224,0.0,0.75,101.75,-0.03647705245349385,0.0
46,boundary,Random,0.8666495314460173,0.9287895200536731,4.750000000000001,81.75000000000001,259.49999999999994,-0.1077649886076558,0.0
46,boundary,nscsd,0.8575888025344813,0.6806379494001019,0.0,68.5,307.00000000000006,0.1427008531343794,315.25
46,boundary,nscsd-final,0.857859006026921,0.6816097024664894,0.0,68.0,307.00000000000006,0.14224930356043156,222.5
46,boundary,nscsd-tree,0.8584667252609185,0.6829200691977586,0.0,68.25,305.75,0.14142165606315987,0.0
46,boundary,grpo_vanilla,0.9012204968627712,0.8427254921066438,0.0,12.500000000000002,172.25,0.052245004756127346,144.25
46,boundary,grpo_vanilla-final,0.8324588072313739,0.7009195004043464,0.0,91.0,411.00000000000006,0.08603930682702753,500.0
46,boundary,ppo,0.9233692457455478,0.9001887353553999,0.0,0.5,146.50000000000003,0.0229305103901479,144.25
46,boundary,ppo-final,0.9059180500619712,0.8550853819783256,0.0,8.75,166.25,0.04645766808364561,144.25
46,icmp_chaos,Sentinel,0.7110950222424895,0.828786004130771,23.0,304.50000000000006,423.75000000000006,-0.29294098188828144,233.5
46,icmp_chaos,Sentinel-final,0.7012519581900282,0.8795399112942677,41.50000000000001,311.75,424.75000000000006,-0.37566295310423947,233.5
46,icmp_chaos,PPO-NoShield (Sentinel),0.7106991566938076,0.8275650579290719,23.0,305.24999999999994,424.00000000000006,-0.2924909012352643,0.0
46,icmp_chaos,ShieldOnly,0.6867577444145826,0.8131318869663383,63.25,328.75,420.25000000000006,-0.3539991425517557,242.75
46,icmp_chaos,Static,0.7270806937504284,0.8865788519634329,18.000000000000007,288.25,406.25,-0.3216231582130045,0.0
46,icmp_chaos,Adaptive,0.7451425470660351,0.9732039395015558,17.000000000000004,263.49999999999994,387.5,-0.3768113924355207,0.0
46,icmp_chaos,Random,0.6713926842541594,0.91291581840855,86.75000000000001,334.75,422.5,-0.4956481341543905,0.0
46,icmp_chaos,nscsd,0.6807884014999668,0.59276960313974,48.25,335.99999999999994,432.49999999999994,-0.12823120163977325,317.25
46,icmp_chaos,nscsd-final,0.680964731460336,0.5938617796472428,47.5,336.49999999999994,432.49999999999994,-0.12864704818690686,122.75
46,icmp_chaos,nscsd-tree,0.6795258120079304,0.5794927041501654,50.25,338.25,432.75000000000006,-0.11934189214223502,0.0
46,icmp_chaos,grpo_vanilla,0.6994178306134715,0.7291224672208917,28.750000000000004,316.5,425.25,-0.21670463660742018,290.0
46,icmp_chaos,grpo_vanilla-final,0.6666783210746832,0.5978189752970027,94.0,349.5,434.5,-0.1998906542223195,500.0
46,icmp_chaos,ppo,0.7156678144666877,0.813284396262325,19.750000000000004,304.5,412.5,-0.26961658179563724,289.5
46,icmp_chaos,ppo-final,0.7017455250762789,0.7395467256785542,27.000000000000004,316.0,422.75,-0.22280120060227532,290.0
47,benign,Sentinel,1.0,0.0,0.0,0.0,0.0,1.0,500.0
47,benign,Sentinel-final,1.0,0.0,0.0,0.0,0.0,1.0,500.0
47,benign,PPO-NoShield (Sentinel),1.0,0.0,0.0,0.0,0.0,1.0,0.0
47,benign,ShieldOnly,1.0,0.0,0.0,0.0,0.0,1.0,469.25
47,benign,Static,1.0,0.0,0.0,0.0,0.0,1.0,0.0
47,benign,Adaptive,1.0,0.0,0.0,0.0,0.0,1.0,0.0
47,benign,Random,0.9817926560965506,0.0,0.0,0.0,26.750000000000004,0.9817926560965506,0.0
47,benign,nscsd,1.0,0.0,0.0,0.0,0.0,1.0,500.0
47,benign,nscsd-final,1.0,0.0,0.0,0.0,0.0,1.0,500.0
47,benign,nscsd-tree,1.0,0.0,0.0,0.0,0.0,1.0,0.0
47,benign,grpo_vanilla,1.0,0.0,0.0,0.0,0.0,1.0,500.0
47,benign,grpo_vanilla-final,1.0,0.0,0.0,0.0,0.0,1.0,500.0
47,benign,ppo,1.0,0.0,0.0,0.0,0.0,1.0,500.0
47,benign,ppo-final,1.0,0.0,0.0,0.0,0.0,1.0,500.0
47,mild,Sentinel,0.9876013920186058,0.9826892665505025,0.0,0.0,0.0,0.004912125468103268,309.0
47,mild,Sentinel-final,0.9861335289868866,0.9911714349123105,0.0,0.0,0.0,-0.005037905925423969,309.0
47,mild,PPO-NoShield (Sentinel),0.9856650396830684,0.980956237946413,0.0,0.0,0.0,0.0047088017366554435,0.0
47,mild,ShieldOnly,0.9721669229147656,0.9783985041310069,0.5,16.75,46.75,-0.015106581216241345,311.25
47,mild,Static,1.0,0.999444283947776,0.0,0.0,0.0,0.0005557160522240423,0.0
47,mild,Adaptive,0.9992552426363387,0.9988227348319247,0.0,0.0,2.0,0.00043250780441395076,0.0
47,mild,Random,0.9314125947232668,0.9582506039075913,1.0,46.5,127.25000000000003,-0.05108800918432455,0.0
47,mild,nscsd,0.9639573455570141,0.8960288607986386,0.0,0.25,25.25,0.06780348475837543,158.25
47,mild,nscsd-final,0.9639573455570141,0.8960288607986386,0.0,0.25,25.25,0.06780348475837543,158.25
47,mild,nscsd-tree,0.966467385974936,0.9062682075161289,0.0,0.0,14.000000000000002,0.06019917845880707,1.5
47,mild,grpo_vanilla,0.958161041067737,0.9089185793270802,0.0,0.0,94.75,0.04924246174065683,500.0
47,mild,grpo_vanilla-final,0.9552460744819369,0.9049705148222001,0.0,0.0,100.0,0.050275559659736735,500.0
47,mild,ppo,0.9907820209612392,0.9867428463924031,0.0,0.0,0.0,0.004039174568836179,309.0
47,mild,ppo-final,0.989863114058201,0.9767324313615644,0.0,0.0,0.0,0.013130682696636642,344.0
47,strong,Sentinel,0.5063165144310054,0.8677333135899238,210.25,500.0,500.0,-0.8216667991589184,5.0
47,strong,Sentinel-final,0.493706647062513,0.93984009190425,309.99999999999994,500.0,500.0,-1.006133444841737,5.0
47,strong,PPO-NoShield (Sentinel),0.505909858089059,0.8666861844069544,212.5,500.0,500.0,-0.8232763263178955,0.0
47,strong,ShieldOnly,0.48715835672794644,0.8787178535804763,242.99999999999997,500.0,500.0,-0.8845594968525298,67.75
47,strong,Static,0.5170245390803828,0.8963699983009038,107.74999999999999,500.0,500.0,-0.737095459220521,0.0
47,strong,Adaptive,0.5480717176023058,0.9793303781193107,3.5000000000000004,500.0,500.0,-0.6847586605170048,0.0
47,strong,Random,0.48281485277673275,0.8939090240818196,267.25,500.0,500.0,-0.9283441713050868,0.0
47,strong,nscsd,0.5051251941415295,0.7378580260045519,152.50000000000003,500.0,500.0,-0.6352328318630225,5.0
47,strong,nscsd-final,0.5051251941415295,0.7378580260045519,152.50000000000003,500.0,500.0,-0.6352328318630225,5.0
47,strong,nscsd-tree,0.5055331352290049,0.7405611235879482,156.50000000000003,500.0,500.0,-0.6415279883589433,0.0
47,strong,grpo_vanilla,0.4648338753282214,0.6342248682219706,411.00000000000006,500.0,500.0,-0.8303909928937492,500.0
47,strong,grpo_vanilla-final,0.46211414362075187,0.6320944017270442,416.24999999999994,500.0,500.0,-0.8362302581062924,500.0
47,strong,ppo,0.5149033352519536,0.822116651690757,116.24999999999999,500.0,500.0,-0.6734633164388033,5.0
47,strong,ppo-final,0.4969176095803768,0.7771238522779021,284.25,500.0,500.0,-0.8144562426975254,112.0
47,chaos,Sentinel,0.8177694181777545,0.9152532003771393,15.0,180.5,227.75000000000003,-0.20273378219938482,193.0
47,chaos,Sentinel-final,0.8065300935207305,0.9696251532969159,33.25000000000001,193.5,226.5,-0.29309505977618544,193.0
47,chaos,PPO-NoShield (Sentinel),0.8163792593803032,0.9120946005028243,15.75,181.0,228.75,-0.20196534112252112,0.0
47,chaos,ShieldOnly,0.7986405728823188,0.9263067442065214,57.49999999999999,197.24999999999997,248.5,-0.2837911713242025,223.0
47,chaos,Static,0.8310419478648685,0.9460332926966742,8.749999999999998,179.5,223.74999999999997,-0.2134913448318057,0.0
47,chaos,Adaptive,0.8411279846653287,0.9823671335155915,10.75,175.75000000000003,224.24999999999997,-0.2398641488502628,0.0
47,chaos,Random,0.7836338795940015,0.929371183835506,56.50000000000001,209.49999999999997,274.25,-0.30698730424150444,0.0
47,chaos,nscsd,0.8029964691911878,0.7997510278181503,27.750000000000004,187.0,243.25000000000003,-0.11800455862696249,159.5
47,chaos,nscsd-final,0.8029964691911878,0.7997510278181503,27.750000000000004,187.0,243.25000000000003,-0.11800455862696249,159.5
47,chaos,nscsd-tree,0.8047883514154682,0.8068549052687255,27.250000000000004,184.75,238.25000000000003,-0.12169155385325728,0.25
47,chaos,grpo_vanilla,0.7849824532068659,0.7506037258733995,78.0,188.49999999999997,266.75,-0.13787127266653362,500.0
47,chaos,grpo_vanilla-final,0.7824033526560102,0.7461752297829394,80.0,192.75,269.49999999999994,-0.14014687712692914,500.0
47,chaos,ppo,0.8223001942341913,0.9031134649781205,14.750000000000004,180.25,224.25,-0.18568827074392918,193.75
47,chaos,ppo-final,0.8129616463616577,0.8769581346257587,52.00000000000001,181.0,226.75,-0.206496488264101,282.0
47,icmp,Sentinel,0.5294374239470769,0.7586104557656652,0.0,500.0,500.0,-0.4791730318185883,500.0
47,icmp,Sentinel-final,0.5293777675885768,0.7594767015129305,0.0,500.0,500.0,-0.48009893392435365,500.0
47,icmp,PPO-NoShield (Sentinel),0.5293201137037548,0.7575462277367141,0.0,500.0,500.0,-0.47822611403295934,0.0
47,icmp,ShieldOnly,0.5014668767594106,0.6821084860938371,174.75000000000003,500.0,500.0,-0.6053916093344265,438.5
47,icmp,Static,0.5353300810976811,0.8131155902806414,0.0,500.0,500.0,-0.5277855091829603,0.0
47,icmp,Adaptive,0.551540356126581,0.9631271200868753,0.5,500.0,500.0,-0.6620867639602943,0.0
47,icmp,Random,0.47755880786240323,0.9189496729779185,278.5,500.0,500.0,-0.9698908651155154,0.0
47,icmp,nscsd,0.5292745588123061,0.7566177614159009,0.5,500.0,500.0,-0.47784320260359475,500.0
47,icmp,nscsd-final,0.5292745588123061,0.7566177614159009,0.5,500.0,500.0,-0.47784320260359475,500.0
47,icmp,nscsd-tree,0.5084224799890477,0.5641307792051141,185.5,500.0,500.0,-0.49120829921606646,0.0
47,icmp,grpo_vanilla,0.4988369050591265,0.4796883028094028,250.75000000000003,500.0,500.0,-0.4816013977502763,500.0
47,icmp,grpo_vanilla-final,0.4967741929695563,0.47506592127858316,260.75000000000006,500.0,500.0,-0.48904172830902687,500.0
47,icmp,ppo,0.5277325866086375,0.7427643909570829,2.0,500.0,500.0,-0.4670318043484454,500.0
47,icmp,ppo-final,0.5168020640184791,0.6432497642040622,100.74999999999997,500.0,500.0,-0.47719770018558316,500.0
47,pulse,Sentinel,0.7562225194426393,0.8955574189802084,83.49999999999999,250.0,250.0,-0.3478348995375691,252.5
47,pulse,Sentinel-final,0.7526596196180945,0.9399883846206813,103.5,250.0,250.0,-0.41582876500258686,252.5
47,pulse,PPO-NoShield (Sentinel),0.7518613143320941,0.8752979234054244,105.25,250.0,250.0,-0.3536866090733303,0.0
47,pulse,ShieldOnly,0.7463817903557706,0.89763967948233,104.25,250.0,252.5,-0.3805078891265595,262.75
47,pulse,Static,0.757657044786267,0.9031285040724086,62.499999999999986,250.0,250.0,-0.3329714592861416,0.0
47,pulse,Adaptive,0.755169231947926,0.8898803835965958,105.00000000000001,250.0,250.0,-0.36471115164866985,0.0
47,pulse,Random,0.731157723819128,0.8881743953480857,133.0,250.0,266.99999999999994,-0.4150166715289577,0.0
47,pulse,nscsd,0.7562828831407464,0.8035747270492131,59.5,250.0,250.0,-0.23179184390846663,252.5
47,pulse,nscsd-final,0.7562828831407464,0.8035747270492131,59.5,250.0,250.0,-0.23179184390846663,252.5
47,pulse,nscsd-tree,0.7567564229437529,0.806969143666494,61.5,250.0,250.0,-0.23671272072274108,0.0
47,pulse,grpo_vanilla,0.7401783612244903,0.7016002240146105,164.25,250.0,250.0,-0.2506718627901202,500.0
47,pulse,grpo_vanilla-final,0.7389011075398411,0.699690544478248,167.5,250.0,250.0,-0.2532894369384069,500.0
47,pulse,ppo,0.7600532804936491,0.8559742979088576,39.25000000000001,250.0,250.0,-0.26017101741520854,252.5
47,pulse,ppo-final,0.7526376468923656,0.8218647316091697,125.25,250.0,250.0,-0.31947708471680414,287.25
47,polymorph,Sentinel,0.6524011191985893,0.904746610561239,18.500000000000004,388.75000000000006,496.24999999999994,-0.46522049136264965,5.0
47,polymorph,Sentinel-final,0.6408227620281447,0.9612684720844168,31.250000000000007,402.75,499.75,-0.5530707100562721,5.0
47,polymorph,PPO-NoShield (Sentinel),0.6519177757698194,0.9039366131886114,18.500000000000004,389.25,496.24999999999994,-0.46514383741879206,0.0
47,polymorph,ShieldOnly,0.6265614024341211,0.9227280097516907,73.0,407.74999999999994,490.7499999999999,-0.5730416073175696,66.0
47,polymorph,Static,0.6730043710007452,0.93530086149117,3.2500000000000004,368.0,484.5,-0.4495464904904248,0.0
47,polymorph,Adaptive,0.7066537783841361,0.9879888600627836,1.0,330.49999999999994,463.25000000000006,-0.4475850816786475,0.0
47,polymorph,Random,0.6217657183994254,0.9260047227013445,88.75000000000003,411.74999999999994,489.7499999999999,-0.5988640043019191,0.0
47,polymorph,nscsd,0.6183770194399054,0.8166569444416236,72.00000000000001,422.50000000000006,498.74999999999994,-0.4815299250017182,5.0
47,polymorph,nscsd-final,0.6183770194399054,0.8166569444416236,72.00000000000001,422.50000000000006,498.74999999999994,-0.4815299250017182,5.0
47,polymorph,nscsd-tree,0.6218719355015548,0.8221374976785025,62.0,422.99999999999994,499.75,-0.47376556217694765,0.0
47,polymorph,grpo_vanilla,0.5783837120775104,0.7519640000658679,139.0,459.99999999999994,500.0,-0.5425802879883576,500.0
47,polymorph,grpo_vanilla-final,0.574616100333325,0.7482153572325989,145.75,464.25,500.0,-0.5514742568992739,500.0
47,polymorph,ppo,0.6563500800426942,0.8928095051958789,12.750000000000002,386.75000000000006,496.0,-0.44258442515318464,5.0
47,polymorph,ppo-final,0.6338933294856839,0.8673860260329116,51.00000000000001,404.49999999999994,499.75,-0.4867426965472277,131.5
47,boundary,Sentinel,0.9195636312326755,0.9223723871341496,0.0,5.75,119.00000000000003,-0.005683755901474114,5.0
47,boundary,Sentinel-final,0.9119051038349804,0.9559268545730346,0.0,1.25,128.74999999999997,-0.044646750738054256,5.0
47,boundary,PPO-NoShield (Sentinel),0.9191153990461152,0.9216759373629506,0.0,6.0,120.25000000000004,-0.005560538316835448,0.0
47,boundary,ShieldOnly,0.8851932048990501,0.9195905177546182,2.5,65.5,216.00000000000003,-0.06964731285556813,52.75
47,boundary,Static,0.9587616417340576,0.9758367301119952,0.0,0.0,74.0,-0.017075088377937586,0.0
47,boundary,Adaptive,0.9737722262286368,0.9967128664699828,0.0,0.25,52.00000000000001,-0.02306564024134601,0.0
47,boundary,Random,0.8853778720186822,0.9235624085707268,2.25,65.25,223.0,-0.07305953655204457,0.0
47,boundary,nscsd,0.9050511943592408,0.7912314453050401,0.0,2.4999999999999996,169.5,0.11256974905420067,7.0
47,boundary,nscsd-final,0.9050511943592408,0.7912314453050401,0.0,2.4999999999999996,169.5,0.11256974905420067,7.0
47,boundary,nscsd-tree,0.9056423554577236,0.7918797773460996,0.0,3.0,165.25,0.11226257811162405,0.0
47,boundary,grpo_vanilla,0.8504622865499181,0.7061065479608274,0.0,28.000000000000004,374.25,0.13035573858909066,500.0
47,boundary,grpo_vanilla-final,0.8439937620352638,0.7001285418315784,0.0,39.25000000000001,392.75000000000006,0.12424022020368541,500.0
47,boundary,ppo,0.9291716764609369,0.9134405388783019,0.0,0.0,92.5,0.015731137582635002,5.0
47,boundary,ppo-final,0.9203140510931684,0.8734258386663519,0.0,0.75,122.74999999999999,0.04651321242681651,65.25
47,icmp_chaos,Sentinel,0.7220286243674259,0.8335144712424697,26.000000000000004,277.25000000000006,425.5,-0.27611084687504384,292.75
47,icmp_chaos,Sentinel-final,0.7134168462292774,0.8772529564149141,29.000000000000004,310.5,428.00000000000006,-0.34808611018563673,292.75
47,icmp_chaos,PPO-NoShield (Sentinel),0.7214681406056008,0.8312003450164477,26.750000000000007,276.75000000000006,425.5,-0.2748572044108469,0.0
47,icmp_chaos,ShieldOnly,0.6941211394175064,0.8075136724874803,52.50000000000001,324.50000000000006,428.24999999999994,-0.3281425330699739,308.25
47,icmp_chaos,Static,0.7350651569078626,0.8880012847955017,16.750000000000004,252.25000000000003,422.5,-0.29581112788763914,0.0
47,icmp_chaos,Adaptive,0.7530755559423621,0.9718714087227458,13.500000000000002,238.75000000000003,420.99999999999994,-0.35167085278038374,0.0
47,icmp_chaos,Random,0.6790026084310934,0.9206654719660229,73.25000000000001,330.99999999999994,430.2499999999999,-0.4804128635349295,0.0
47,icmp_chaos,nscsd,0.7178570607855159,0.7616314455003419,27.500000000000004,298.75,427.49999999999994,-0.22064938471482598,299.25
47,icmp_chaos,nscsd-final,0.7178570607855159,0.7616314455003419,27.500000000000004,298.75,427.49999999999994,-0.22064938471482598,299.25
47,icmp_chaos,nscsd-tree,0.705558611806608,0.6780685066579559,30.000000000000007,322.75,429.0,-0.16388489485134797,0.0
47,icmp_chaos,grpo_vanilla,0.6819746687938656,0.5880737916843397,69.49999999999999,345.00000000000006,430.5,-0.14809912289047417,500.0
47,icmp_chaos,grpo_vanilla-final,0.6793215521938916,0.5825617816022169,72.25000000000001,351.25,430.5,-0.1511152294083254,500.0
47,icmp_chaos,ppo,0.7251820401246457,0.8101311379127418,19.25,275.75000000000006,425.5,-0.24207409778809613,294.75
47,icmp_chaos,ppo-final,0.7120608770455076,0.7493890287161307,30.750000000000007,299.00000000000006,429.0,-0.2175781516706231,374.0
48,benign,Sentinel,1.0,0.0,0.0,0.0,0.0,1.0,500.0
48,benign,Sentinel-final,1.0,0.0,0.0,0.0,0.0,1.0,500.0
48,benign,PPO-NoShield (Sentinel),1.0,0.0,0.0,0.0,0.0,1.0,0.0
48,benign,ShieldOnly,1.0,0.0,0.0,0.0,0.0,1.0,473.25
48,benign,Static,1.0,0.0,0.0,0.0,0.0,1.0,0.0
48,benign,Adaptive,1.0,0.0,0.0,0.0,0.0,1.0,0.0
48,benign,Random,0.9807377780169586,0.0,0.0,0.0,32.00000000000001,0.9807377780169586,0.0
48,benign,nscsd,1.0,0.0,0.0,0.0,0.0,1.0,500.0
48,benign,nscsd-final,1.0,0.0,0.0,0.0,0.0,1.0,500.0
48,benign,nscsd-tree,1.0,0.0,0.0,0.0,0.0,1.0,0.0
48,benign,ppo,1.0,0.0,0.0,0.0,0.0,1.0,500.0
48,benign,ppo-final,1.0,0.0,0.0,0.0,0.0,1.0,500.0
48,mild,Sentinel,0.9873542071399127,0.9750141692633536,0.0,0.0,0.0,0.012340037876559129,303.75
48,mild,Sentinel-final,0.9890505023511906,0.9777655443224456,0.0,0.0,0.0,0.011284958028745073,303.75
48,mild,PPO-NoShield (Sentinel),0.9843049613242529,0.9715638858093818,0.0,0.0,0.0,0.012741075514871136,0.0
48,mild,ShieldOnly,0.9695181226843387,0.9742346848458399,0.75,17.750000000000004,53.25,-0.014341562161501183,312.0
48,mild,Static,1.0,1.0,0.0,0.0,0.0,0.0,0.0
48,mild,Adaptive,0.9992282937269452,0.9985791599553135,0.0,0.0,1.25,0.0006491337716316714,0.0
48,mild,Random,0.9310078121752289,0.9591516571122224,1.0,42.0,132.75,-0.05014384493699352,0.0
48,mild,nscsd,0.9324577275722936,0.8361661000778314,0.0,0.0,141.75,0.09629162749446218,91.75
48,mild,nscsd-final,0.9354910227080652,0.8417370564534694,0.0,0.0,134.74999999999997,0.09375396625459576,91.25
48,mild,nscsd-tree,0.932437674448239,0.8371161308061119,0.0,0.0,138.99999999999997,0.09532154364212708,0.0
48,mild,ppo,0.9956733897377834,0.98951997120505,0.0,0.0,0.0,0.0061534185327334345,355.0
48,mild,ppo-final,0.9899828576174192,0.9762755374797306,0.0,0.0,0.0,0.013707320137688606,355.5
48,strong,Sentinel,0.5074202701174443,0.8577104992174327,171.75,500.0,500.0,-0.7720402290999884,5.0
48,strong,Sentinel-final,0.5031359789242443,0.844805642239078,201.25,500.0,500.0,-0.7929196633148337,5.0
48,strong,PPO-NoShield (Sentinel),0.506965233964189,0.8568807925265112,174.25000000000003,500.0,500.0,-0.7741655585623222,0.0
48,strong,ShieldOnly,0.4879758140561446,0.8737971692604658,239.49999999999997,500.0,500.0,-0.8753213552043212,83.0
48,strong,Static,0.5182964868416746,0.890191526569329,111.25,500.0,500.0,-0.7331450397276544,0.0
48,strong,Adaptive,0.5481136184025261,0.9789587425623528,4.750000000000002,500.0,500.0,-0.6855951241598266,0.0
48,strong,Random,0.482972594950438,0.8954148445032688,255.74999999999997,500.0,500.0,-0.9181922495528307,0.0
48,strong,nscsd,0.4772033672907926,0.631210580407944,400.75000000000006,500.0,500.0,-0.8047572131171514,11.25
48,strong,nscsd-final,0.47771773305371285,0.6324833573225355,397.25,500.0,500.0,-0.8020156242688226,10.75
48,strong,nscsd-tree,0.4772683206254439,0.6307121969737348,399.25,500.0,500.0,-0.8026938763482909,0.0
48,strong,ppo,0.5143549501607597,0.823986149325451,79.99999999999999,500.0,500.0,-0.6396311991646912,158.75
48,strong,ppo-final,0.5105615404144803,0.807545048707555,131.00000000000003,500.0,500.0,-0.6779835082930746,158.75
48,chaos,Sentinel,0.8425407192961762,0.9217152608583443,16.5,152.75,210.00000000000003,-0.17204954156216806,197.0
48,chaos,Sentinel-final,0.8416499791981848,0.9183077459888409,19.999999999999996,152.49999999999997,210.00000000000003,-0.17290776679065603,197.0
48,chaos,PPO-NoShield (Sentinel),0.8403392103321281,0.9171387364783194,16.5,153.50000000000003,211.50000000000003,-0.17004952614619134,0.0
48,chaos,ShieldOnly,0.8258189133760971,0.927861403664797,35.75000000000001,173.25000000000003,236.25,-0.22441749028869984,229.5
48,chaos,Static,0.856973473616455,0.9554616049063837,9.000000000000002,150.75,200.75000000000003,-0.18286313128992862,0.0
48,chaos,Adaptive,0.868028152334464,0.9864719587514262,8.749999999999998,139.0,193.75,-0.1966938064169623,0.0
48,chaos,Random,0.8072293200280226,0.9254228876389148,39.75,183.5,270.49999999999994,-0.24969356761089218,0.0
48,chaos,nscsd,0.8097878390581963,0.7246862612088238,34.99999999999999,173.75,258.0,-0.036773422150627545,147.0
48,chaos,nscsd-final,0.8110273759300698,0.7275590496673747,34.75,173.49999999999997,252.5,-0.038031673737304914,146.0
48,chaos,nscsd-tree,0.80987476308095,0.7253047380477866,35.25,174.5,252.50000000000006,-0.037929974966836644,0.25
48,chaos,ppo,0.8525222690208981,0.9071584071633163,10.5,151.5,204.5,-0.14088613814241818,282.75
48,chaos,ppo-final,0.847482373900385,0.8889229554208656,12.250000000000002,153.0,208.00000000000003,-0.13019058152048057,283.25
48,icmp,Sentinel,0.5301758402549612,0.7523830438193438,0.25,500.0,500.0,-0.4724572035643826,500.0
48,icmp,Sentinel-final,0.5272281909226434,0.7233290414222743,4.500000000000001,500.0,500.0,-0.4506008504996309,500.0
48,icmp,PPO-NoShield (Sentinel),0.5300784517944741,0.751012298465163,0.25,500.0,500.0,-0.4711838466706889,0.0
48,icmp,ShieldOnly,0.5037834840866967,0.6786124852729012,161.25,500.0,500.0,-0.5860790011862045,445.25
48,icmp,Static,0.5359957389815692,0.8092974040965206,0.0,500.0,500.0,-0.5233016651149515,0.0
48,icmp,Adaptive,0.5515833513162292,0.9621480832606334,0.5,500.0,500.0,-0.6610647319444043,0.0
48,icmp,Random,0.47615540833770076,0.9146772997668912,280.74999999999994,500.0,500.0,-0.9692718914291903,0.0
48,icmp,nscsd,0.5054089796885807,0.5093330700559922,201.24999999999997,500.0,500.0,-0.45517409036741147,367.0
48,icmp,nscsd-final,0.5057149909247796,0.5123098036469991,199.0,500.0,500.0,-0.4555948127222195,228.75
48,icmp,nscsd-tree,0.5055693513583852,0.5104831402100924,200.24999999999997,500.0,500.0,-0.4551637888517072,0.0
48,icmp,ppo,0.5265239645527291,0.717941705125824,6.500000000000001,500.0,500.0,-0.4479177405730949,500.0
48,icmp,ppo-final,0.5263692129561466,0.7165544824758552,6.750000000000001,500.0,500.0,-0.44693526951970863,500.0
48,pulse,Sentinel,0.756395298242648,0.8909866382623823,89.75000000000001,250.0,250.0,-0.3493413400197344,253.0
48,pulse,Sentinel-final,0.7546244687408311,0.8818092900743315,100.74999999999997,250.0,250.0,-0.3529348213335004,253.0
48,pulse,PPO-NoShield (Sentinel),0.7521949616575928,0.8689058521612292,111.75000000000001,250.0,250.0,-0.3534608905036364,0.0
48,pulse,ShieldOnly,0.7472430881592327,0.8942134024948698,101.75,250.0,253.0,-0.3737203143356371,269.0
48,pulse,Static,0.7581404270227912,0.8992304643909002,78.99999999999999,250.0,250.0,-0.34509003736810895,0.0
48,pulse,Adaptive,0.7552922211963826,0.8897517801265022,86.75000000000001,250.0,250.0,-0.3462095589301196,0.0
48,pulse,Random,0.7307599655941621,0.8899014264299725,128.75,250.0,270.00000000000006,-0.4128914608358104,0.0
48,pulse,nscsd,0.7469751354142444,0.6877636139503958,144.75000000000003,250.0,250.0,-0.21053847853615135,257.75
48,pulse,nscsd-final,0.7471391361735729,0.6893130709395493,144.25000000000003,250.0,250.0,-0.21142393476597646,257.5
48,pulse,nscsd-tree,0.7469171216060029,0.6872943550869942,144.75000000000003,250.0,250.0,-0.21012723348099135,0.0
48,pulse,ppo,0.7609235266323646,0.8498907629592919,27.750000000000004,250.0,250.0,-0.24171723632692727,295.75
48,pulse,ppo-final,0.7594021097198912,0.8361385897610374,41.0,250.0,250.0,-0.2427364800411462,295.75
48,polymorph,Sentinel,0.6561996928535643,0.9023767987737902,15.250000000000004,388.25000000000006,497.0,-0.4555521059202259,5.0
48,polymorph,Sentinel-final,0.6519561706358543,0.8954730417120214,25.25,391.75,497.75,-0.46464187107616706,5.0
48,polymorph,PPO-NoShield (Sentinel),0.6556743433449521,0.9016395289395728,15.500000000000004,389.25,497.2499999999999,-0.45609018559462067,0.0
48,polymorph,ShieldOnly,0.6283565078348671,0.9181698632532396,72.50000000000001,406.75,490.49999999999994,-0.5656883554183725,70.25
48,polymorph,Static,0.6782079645724822,0.9350731001335634,2.75,355.5,485.49999999999994,-0.43736513556108114,0.0
48,polymorph,Adaptive,0.7117247618347633,0.9879160652112896,1.0,318.50000000000006,468.24999999999994,-0.4364413033765263,0.0
48,polymorph,Random,0.6268908548363856,0.9252270813776653,79.25000000000001,403.25,490.2499999999999,-0.5792112265412797,0.0
48,polymorph,nscsd,0.5941817391246501,0.7658624643586143,109.50000000000001,456.25,499.5,-0.5093057252339642,5.0
48,polymorph,nscsd-final,0.595001615817282,0.7671737774190623,109.00000000000001,455.49999999999994,499.5,-0.5089221616017804,5.0
48,polymorph,nscsd-tree,0.5941925989327673,0.7660713919384812,110.25,456.25,499.5,-0.5102537930057138,0.0
48,polymorph,ppo,0.6613684002931215,0.9046302493777378,12.25,378.5,496.24999999999994,-0.44476184908461636,127.75
48,polymorph,ppo-final,0.6528338046948647,0.8910879845758485,23.0,390.75000000000006,499.0,-0.4566291798809838,127.75
48,boundary,Sentinel,0.8994740212193552,0.9140648362450616,0.0,13.750000000000002,171.24999999999997,-0.02146581502570647,5.0
48,boundary,Sentinel-final,0.8987152896475884,0.9126659990176714,0.0,16.0,173.5,-0.021950709370083026,5.0
48,boundary,PPO-NoShield (Sentinel),0.8990515893000535,0.9132768676028311,0.0,14.000000000000002,171.75,-0.021225278302777643,0.0
48,boundary,ShieldOnly,0.8704587980270079,0.9155299508017991,3.2500000000000004,77.25,256.75,-0.08694615277479123,59.75
48,boundary,Static,0.938005698107881,0.9717531494706566,0.0,0.0,152.75,-0.03374745136277557,0.0
48,boundary,Adaptive,0.9533653441525406,0.9952426827774221,0.0,0.25,131.74999999999997,-0.04200233862488152,0.0
48,boundary,Random,0.8598965928529552,0.9286022292186591,5.500000000000001,87.25000000000001,280.25,-0.11783063636570393,0.0
48,boundary,nscsd,0.8433276288608713,0.7092391584569075,0.0,67.75,387.5,0.10021347040396376,16.5
48,boundary,nscsd-final,0.8451371781252897,0.7118146865382354,0.0,66.99999999999999,384.0,0.09982249158705422,15.25
48,boundary,nscsd-tree,0.8434497533442118,0.7092752183571922,0.0,68.24999999999999,387.0,0.1000495349870196,0.5
48,boundary,ppo,0.9187128863462337,0.915569236389311,0.0,0.75,158.75,0.002768649956922734,98.75
48,boundary,ppo-final,0.9073826309790141,0.8894274020846386,0.0,1.25,170.0,0.017330228894375507,99.0
48,icmp_chaos,Sentinel,0.6839405409203063,0.8389114295441213,33.75,348.0,459.4999999999999,-0.362720888623815,246.75
48,icmp_chaos,Sentinel-final,0.6806193342436979,0.8231999471617758,41.99999999999999,349.75,462.2499999999999,-0.35945561291807787,246.0
48,icmp_chaos,PPO-NoShield (Sentinel),0.6834071295223624,0.83770657189962,34.49999999999999,348.0,459.74999999999994,-0.3627994423772576,0.0
48,icmp_chaos,ShieldOnly,0.6583763097579663,0.8075361792019617,69.99999999999999,364.0,468.25,-0.4011598694439954,254.25
48,icmp_chaos,Static,0.6999063918406339,0.8924077296256374,19.0,333.0,450.24999999999994,-0.37800133778500355,0.0
48,icmp_chaos,Adaptive,0.7212820912195045,0.9784269422907114,17.250000000000004,299.75,441.75000000000006,-0.42426985107120685,0.0
48,icmp_chaos,Random,0.6411070734486385,0.91487667343679,91.5,377.75,466.24999999999994,-0.5541445999881516,0.0
48,icmp_chaos,nscsd,0.652338901226166,0.604607050373243,58.75000000000001,377.75,475.24999999999994,-0.199893149147077,212.25
48,icmp_chaos,nscsd-final,0.6530852418669923,0.6066869452190689,58.50000000000001,375.5,475.24999999999994,-0.19985170335207653,147.75
48,icmp_chaos,nscsd-tree,0.6526493010641798,0.6054855882009886,59.75000000000001,376.25000000000006,475.24999999999994,-0.2007112871368088,0.0
48,icmp_chaos,ppo,0.6897273129261964,0.8046817854208035,23.750000000000004,341.0,462.74999999999994,-0.30920447249460714,312.25
48,icmp_chaos,ppo-final,0.6865051312483526,0.7926541507849927,27.000000000000004,343.24999999999994,462.9999999999999,-0.3047740195366401,312.5
49,benign,Sentinel,1.0,0.0,0.0,0.0,0.0,1.0,500.0
49,benign,Sentinel-final,1.0,0.0,0.0,0.0,0.0,1.0,500.0
49,benign,PPO-NoShield (Sentinel),1.0,0.0,0.0,0.0,0.0,1.0,0.0
49,benign,ShieldOnly,1.0,0.0,0.0,0.0,0.0,1.0,473.75
49,benign,Static,1.0,0.0,0.0,0.0,0.0,1.0,0.0
49,benign,Adaptive,1.0,0.0,0.0,0.0,0.0,1.0,0.0
49,benign,Random,0.9821396090178853,0.0,0.0,0.0,21.5,0.9821396090178853,0.0
49,benign,nscsd,1.0,0.0,0.0,0.0,0.0,1.0,500.0
49,benign,nscsd-final,1.0,0.0,0.0,0.0,0.0,1.0,500.0
49,benign,nscsd-tree,1.0,0.0,0.0,0.0,0.0,1.0,0.0
49,benign,ppo,1.0,0.0,0.0,0.0,0.0,1.0,500.0
49,benign,ppo-final,1.0,0.0,0.0,0.0,0.0,1.0,500.0
49,mild,Sentinel,0.9916007247158886,0.9842255589514345,0.0,0.0,0.0,0.0073751657644540725,323.0
49,mild,Sentinel-final,0.9870739225528388,0.9945858711828747,0.0,0.0,0.0,-0.007511948630035903,323.0
49,mild,PPO-NoShield (Sentinel),0.9900690058695704,0.9812796993274352,0.0,0.0,0.0,0.008789306542135167,0.0
49,mild,ShieldOnly,0.9728735474401773,0.9767577283708622,0.0,14.750000000000004,50.24999999999999,-0.011259180930684879,334.0
49,mild,Static,1.0,1.0,0.0,0.0,0.0,0.0,0.0
49,mild,Adaptive,0.999007967896168,0.9989556852536372,0.0,0.0,1.25,5.228264253076542e-05,0.0
49,mild,Random,0.9341032392745795,0.9618466484127243,1.0,43.75000000000001,121.24999999999997,-0.050618409138144776,0.0
49,mild,nscsd,0.9471337386152063,0.8429715361925808,0.0,0.0,49.75,0.10416220242262553,68.25
49,mild,nscsd-final,0.951270196036728,0.8534401831047962,0.0,0.0,42.24999999999999,0.09783001293193183,67.25
49,mild,nscsd-tree,0.9488222023000373,0.8491481677207139,0.0,0.0,49.50000000000001,0.09967403457932345,1.5
49,mild,ppo,0.9925013192365595,0.9856142479449301,0.0,0.0,0.0,0.006887071291629354,323.0
49,mild,ppo-final,0.9956845857706658,0.988264034512657,0.0,0.0,0.0,0.0074205512580087785,395.25
49,strong,Sentinel,0.5131658666993308,0.8483156200348427,134.75,500.0,500.0,-0.7198997533355119,5.0
49,strong,Sentinel-final,0.49506747620228236,0.9577871265446081,327.5,500.0,500.0,-1.0402196503423258,5.0
49,strong,PPO-NoShield (Sentinel),0.5127982241360975,0.8472131541583765,136.5,500.0,500.0,-0.720914930022279,0.0
49,strong,ShieldOnly,0.4894453995841229,0.8705191623928416,236.75000000000003,500.0,500.0,-0.8678237628087186,86.5
49,strong,Static,0.5211690062180396,0.8767977508567512,96.75,500.0,500.0,-0.7023787446387115,0.0
49,strong,Adaptive,0.5486497585125408,0.9760564992907506,3.5000000000000004,500.0,500.0,-0.6809067407782097,0.0
49,strong,Random,0.4831150570216324,0.8985950717968393,266.5,500.0,500.0,-0.9319800147752069,0.0
49,strong,nscsd,0.4963104623075686,0.6697532642888592,269.75000000000006,500.0,500.0,-0.6931928019812906,10.75
49,strong,nscsd-final,0.48799773719384243,0.6373443741041382,308.5,500.0,500.0,-0.7078466369102958,13.5
49,strong,nscsd-tree,0.4965855031463498,0.6717113729161684,270.75,500.0,500.0,-0.6958758697698186,0.0
49,strong,ppo,0.521246745451771,0.8135052318110876,39.0,500.0,500.0,-0.5812584863593167,139.25
49,strong,ppo-final,0.5117269608843321,0.7944717601150435,161.25000000000003,500.0,500.0,-0.6939947992307114,177.75
49,chaos,Sentinel,0.839830630642427,0.8683167141510403,12.25,168.74999999999997,221.0,-0.12511108350861325,200.75
49,chaos,Sentinel-final,0.8288053164846888,0.9216582887942957,18.0,181.00000000000003,235.00000000000003,-0.2013529723096069,200.75
49,chaos,PPO-NoShield (Sentinel),0.8387144142484967,0.865238662252471,12.25,169.25,222.75,-0.12339924800397435,0.0
49,chaos,ShieldOnly,0.8206321354149054,0.8761391001001826,38.99999999999999,183.24999999999997,242.00000000000006,-0.18613196468527715,223.25
49,chaos,Static,0.8505468542638536,0.9016285703439202,8.750000000000002,155.75,213.75000000000003,-0.13770671608006663,0.0
49,chaos,Adaptive,0.8631135905581745,0.9350596165834576,9.000000000000002,147.25,211.25,-0.1545710260252831,0.0
49,chaos,Random,0.8024109174212442,0.873605958039516,39.75,196.99999999999997,268.5,-0.20944504061827185,0.0
49,chaos,nscsd,0.8272976675413254,0.7395302486939361,21.0,178.75,236.50000000000003,-0.022607581152610745,168.5
49,chaos,nscsd-final,0.819715994575289,0.7133078058081306,42.49999999999999,180.25000000000003,239.75000000000006,-0.0262168112328416,170.75
49,chaos,nscsd-tree,0.826391485543969,0.7373532764099748,22.75,178.00000000000003,237.50000000000006,-0.022711790866005818,0.5
49,chaos,ppo,0.8460097458921993,0.8467255797665256,9.750000000000002,167.24999999999997,220.75,-0.09409083387432626,224.75
49,chaos,ppo-final,0.841898680931936,0.8478317851966428,13.750000000000002,168.75,221.0,-0.10405810426470684,268.75
49,icmp,Sentinel,0.5323173185368544,0.746647198648631,0.5,500.0,500.0,-0.46482988011177667,500.0
49,icmp,Sentinel-final,0.5322064541655999,0.7471406460236449,0.5,500.0,500.0,-0.4654341918580451,500.0
49,icmp,PPO-NoShield (Sentinel),0.5330609836231052,0.7549047260682633,0.25,500.0,500.0,-0.4720937424451581,0.0
49,icmp,ShieldOnly,0.5049678640816285,0.6700358906146322,159.24999999999997,500.0,500.0,-0.5743180265330037,439.75
49,icmp,Static,0.5375438636307611,0.8035715118830524,0.0,500.0,500.0,-0.5160276482522913,0.0
49,icmp,Adaptive,0.5520218460494906,0.9613400713008676,0.5,500.0,500.0,-0.6598182252513771,0.0
49,icmp,Random,0.47719555308946565,0.9194624107440814,275.75,500.0,500.0,-0.9680168576546158,0.0
49,icmp,nscsd,0.5140454286114261,0.5484242095556209,137.00000000000003,500.0,500.0,-0.4213787809441948,242.25
49,icmp,nscsd-final,0.5109020361545745,0.5135729093153467,156.25,500.0,500.0,-0.4089208731607722,22.5
49,icmp,nscsd-tree,0.5127726687515748,0.5370399633271407,143.25000000000006,500.0,500.0,-0.4175172945755659,1.0
49,icmp,ppo,0.532274489536569,0.7462156657401918,0.5,500.0,500.0,-0.46444117620362285,500.0
49,icmp,ppo-final,0.5252825300095532,0.6718446025992657,24.75,500.0,500.0,-0.42131207258971254,500.0
49,pulse,Sentinel,0.7578300973058083,0.891748284861932,75.25,250.0,250.0,-0.3341681875561237,252.25
49,pulse,Sentinel-final,0.7534559623356308,0.9531235168069211,110.99999999999999,250.0,250.0,-0.43566755447129024,252.25
49,pulse,PPO-NoShield (Sentinel),0.7538786189366358,0.8705956359410589,95.0,250.0,250.0,-0.33671701700442314,0.0
49,pulse,ShieldOnly,0.7472589782417114,0.895567809826449,95.75000000000001,250.0,253.99999999999994,-0.3690588315847376,266.5
49,pulse,Static,0.7586058777668027,0.8958168563739461,67.25,250.0,250.0,-0.3294609786071435,0.0
49,pulse,Adaptive,0.7555515102297365,0.8827202647740805,85.75,250.0,250.0,-0.33791875454434395,0.0
49,pulse,Random,0.732011453587987,0.8963446291353743,129.0,250.0,264.00000000000006,-0.41833317554738725,0.0
49,pulse,nscsd,0.75195841568781,0.7315746425170504,117.25,250.0,250.0,-0.22186622682924045,254.5
49,pulse,nscsd-final,0.7490925641926307,0.709575479036209,137.0,250.0,250.0,-0.2224829148435783,255.5
49,pulse,nscsd-tree,0.752298937300796,0.7322206225280025,113.74999999999999,250.0,250.0,-0.21867168522720645,0.0
49,pulse,ppo,0.7628437555839562,0.8483060716769062,17.249999999999996,250.0,250.0,-0.22771231609294995,304.25
49,pulse,ppo-final,0.7591074314295096,0.8323293767631753,51.50000000000001,250.0,250.0,-0.24972194533366565,322.5
49,polymorph,Sentinel,0.6569398812840904,0.9101460808640643,13.750000000000002,382.49999999999994,496.24999999999994,-0.4582061995799739,5.0
49,polymorph,Sentinel-final,0.6484274895108392,0.9635366574794496,21.5,389.5,498.99999999999994,-0.5313591679686105,5.0
49,polymorph,PPO-NoShield (Sentinel),0.6564256069825374,0.9095043436818211,13.750000000000002,382.75,496.24999999999994,-0.4582037366992837,0.0
49,polymorph,ShieldOnly,0.628373219164369,0.9195886806117912,77.75000000000001,400.24999999999994,487.74999999999994,-0.5690904614474223,72.75
49,polymorph,Static,0.6753238851085199,0.9362128796942752,4.25,355.0,481.75000000000006,-0.4426389945857553,0.0
49,polymorph,Adaptive,0.709124570071759,0.9883013711597345,1.25,331.0,463.25000000000006,-0.44592680108797544,0.0
49,polymorph,Random,0.6261338666494516,0.9306558914489601,80.75000000000001,407.25,489.7499999999999,-0.5888970247995085,0.0
49,polymorph,nscsd,0.6247131042897759,0.8203837069451444,69.5,415.25,499.25,-0.4727956026553685,5.0
49,polymorph,nscsd-final,0.6062182216788291,0.7878199093645493,92.0,435.50000000000006,500.0,-0.49135168768572013,5.0
49,polymorph,nscsd-tree,0.6255245883021305,0.8225209508650677,68.0,413.25,499.25,-0.4716213625629372,0.0
49,polymorph,ppo,0.6625711020557017,0.897326772173988,8.500000000000002,372.49999999999994,495.9999999999999,-0.42950567011828633,103.0
49,polymorph,ppo-final,0.6537858110187538,0.8928986385505793,21.25,381.25,495.74999999999983,-0.4509878275318255,131.25
49,boundary,Sentinel,0.928311074284909,0.9080913288299213,0.0,2.5,93.25000000000001,0.018969745454987724,5.0
49,boundary,Sentinel-final,0.9086024744646932,0.971084946877177,0.0,0.25,145.24999999999997,-0.06260747241248373,5.0
49,boundary,PPO-NoShield (Sentinel),0.9278929578468142,0.9074657449261812,0.0,2.5,93.5,0.019177212920633097,0.0
49,boundary,ShieldOnly,0.8845545967089873,0.9156579916719544,2.0,69.24999999999999,219.00000000000003,-0.06772839496296709,71.0
49,boundary,Static,0.9598862693808897,0.9663222172944973,0.0,0.0,68.0,-0.006435947913607576,0.0
49,boundary,Adaptive,0.9732987584101911,0.9955276348033729,0.0,0.0,55.49999999999999,-0.02222887639318183,0.0
49,boundary,Random,0.8836051527554174,0.9321373339080298,3.0,64.5,223.0,-0.08378218115261238,0.0
49,boundary,nscsd,0.8822493653457721,0.7533240851709817,0.0,4.0,293.00000000000006,0.12692528017479043,21.5
49,boundary,nscsd-final,0.8739770675971018,0.7305977221918829,0.0,9.25,317.0,0.13875434540521892,20.0
49,boundary,nscsd-tree,0.8812051603406159,0.7532636215845172,0.0,7.000000000000001,290.0,0.1244415387560987,0.0
49,boundary,ppo,0.9321397428495812,0.9072905595129288,0.0,0.0,84.25,0.024849183336652425,65.75
49,boundary,ppo-final,0.9344410877585672,0.9029204126141634,0.0,0.0,89.75000000000001,0.03152067514440371,133.25
49,icmp_chaos,Sentinel,0.7096493420684631,0.8403732760135256,20.500000000000007,322.25,416.5,-0.3123489339450626,250.5
49,icmp_chaos,Sentinel-final,0.7052922980276191,0.8696562528081747,29.250000000000004,340.74999999999994,420.49999999999994,-0.3639889547805556,250.5
49,icmp_chaos,PPO-NoShield (Sentinel),0.7096038376569395,0.8430513517848202,20.500000000000007,322.0,416.25000000000006,-0.3149475141278807,0.0
49,icmp_chaos,ShieldOnly,0.6845037730976427,0.8083725209224228,56.75,345.50000000000006,419.74999999999994,-0.3533687478247802,258.5
49,icmp_chaos,Static,0.7217984842468074,0.8889731783244763,18.000000000000007,318.0,411.25,-0.344174694077669,0.0
49,icmp_chaos,Adaptive,0.7406695356952293,0.9743438460168935,18.000000000000007,294.75,402.5,-0.39904931032166424,0.0
49,icmp_chaos,Random,0.6709883649086783,0.9135727267895504,71.00000000000001,355.50000000000006,424.24999999999994,-0.4913343618808721,0.0
49,icmp_chaos,nscsd,0.6950294766559879,0.6826450207163611,24.250000000000004,339.99999999999994,423.00000000000006,-0.1818655440603732,160.25
49,icmp_chaos,nscsd-final,0.6862698529491642,0.6454867711571257,25.000000000000004,348.5,423.74999999999994,-0.1584669182079615,86.75
49,icmp_chaos,nscsd-tree,0.6937625144468955,0.6758669711831591,23.750000000000004,338.25,423.00000000000006,-0.17497945673626356,0.5
49,icmp_chaos,ppo,0.7151374694567305,0.8200423220113209,20.500000000000007,322.25,416.24999999999994,-0.2865298525545904,295.5
49,icmp_chaos,ppo-final,0.7092224666585544,0.7860608630503486,21.5,325.49999999999994,418.25,-0.2610883963917942,312.25
50,benign,Sentinel,1.0,0.0,0.0,0.0,0.0,1.0,500.0
50,benign,Sentinel-final,1.0,0.0,0.0,0.0,0.0,1.0,500.0
50,benign,PPO-NoShield (Sentinel),1.0,0.0,0.0,0.0,0.0,1.0,0.0
50,benign,ShieldOnly,1.0,0.0,0.0,0.0,0.0,1.0,469.75
50,benign,Static,1.0,0.0,0.0,0.0,0.0,1.0,0.0
50,benign,Adaptive,1.0,0.0,0.0,0.0,0.0,1.0,0.0
50,benign,Random,0.9819644661949353,0.0,0.0,0.0,27.500000000000007,0.9819644661949353,0.0
50,benign,nscsd,1.0,0.0,0.0,0.0,0.0,1.0,500.0
50,benign,nscsd-final,1.0,0.0,0.0,0.0,0.0,1.0,500.0
50,benign,nscsd-tree,1.0,0.0,0.0,0.0,0.0,1.0,0.0
50,benign,ppo,1.0,0.0,0.0,0.0,0.0,1.0,500.0
50,benign,ppo-final,1.0,0.0,0.0,0.0,0.0,1.0,500.0
50,mild,Sentinel,0.9931716651196233,0.9809924451463272,0.0,0.0,0.0,0.012179219973296074,378.0
50,mild,Sentinel-final,0.9891862757326499,0.9939997462632721,0.0,0.0,0.0,-0.004813470530622199,378.0
50,mild,PPO-NoShield (Sentinel),0.9904972228280572,0.9760049552721869,0.0,0.0,0.0,0.014492267555870297,0.0
50,mild,ShieldOnly,0.9829040022990403,0.9832275880858156,0.25,8.500000000000002,28.750000000000004,-0.0048235857867752726,369.0
50,mild,Static,1.0,0.9974253918497145,0.0,0.0,0.0,0.00257460815028554,0.0
50,mild,Adaptive,0.9994282745740655,0.9960358336418185,0.0,0.0,0.5,0.0033924409322469984,0.0
50,mild,Random,0.9353112965881939,0.9663836524827776,2.25,45.75,120.50000000000001,-0.05619735589458368,0.0
50,mild,nscsd,0.9505670622876059,0.8556403388638149,0.0,0.0,49.25,0.09492672342379105,112.0
50,mild,nscsd-final,0.9551569753172794,0.8640430110222781,0.0,0.0,40.25,0.09111396429500129,111.75
50,mild,nscsd-tree,0.9485258389411311,0.8546721017348571,0.0,0.0,53.00000000000001,0.09385373720627399,1.5
50,mild,ppo,0.996268086056754,0.988023388760584,0.0,0.0,0.0,0.008244697296169945,416.0
50,mild,ppo-final,0.9915303326025937,0.9769034459488836,0.0,0.0,0.0,0.014626886653710147,416.5
50,strong,Sentinel,0.5037095870334923,0.8834032401699468,211.49999999999997,500.0,500.0,-0.8411936531364543,5.0
50,strong,Sentinel-final,0.49924965351609557,0.9292550095649409,219.75000000000003,500.0,500.0,-0.8997553560488454,5.0
50,strong,PPO-NoShield (Sentinel),0.5032620553291587,0.8825841218599354,213.74999999999997,500.0,500.0,-0.8430720665307767,0.0
50,strong,ShieldOnly,0.4874309651241993,0.8838291489824716,250.0,500.0,500.0,-0.8963981838582722,49.25
50,strong,Static,0.5144687100827069,0.9078074417850124,131.74999999999997,500.0,500.0,-0.7750887317023054,0.0
50,strong,Adaptive,0.5475060681006999,0.9820644842220808,4.000000000000001,500.0,500.0,-0.6885584161213809,0.0
50,strong,Random,0.48320791747423286,0.8912962791047276,266.25,500.0,500.0,-0.9243383616304948,0.0
50,strong,nscsd,0.4734385577840007,0.6737327583630626,399.25,500.0,500.0,-0.8495442005790619,9.75
50,strong,nscsd-final,0.47682313476524996,0.6824259316841146,390.5,500.0,500.0,-0.8461027969188646,7.5
50,strong,nscsd-tree,0.4734824789560494,0.6738630725803973,398.25,500.0,500.0,-0.8486305936243479,0.25
50,strong,ppo,0.5080999185556145,0.8265101794939176,157.99999999999997,500.0,500.0,-0.726410260938303,82.75
50,strong,ppo-final,0.4997382002497803,0.7960035428489107,270.0,500.0,500.0,-0.8162653425991304,82.75
50,chaos,Sentinel,0.8626372822396495,0.9316809359892805,14.000000000000002,136.5,195.5,-0.15129365374963094,224.25
50,chaos,Sentinel-final,0.8579855339688928,0.9648671592238175,14.750000000000004,149.50000000000003,195.5,-0.19638162525492475,224.25
50,chaos,PPO-NoShield (Sentinel),0.8607499089499415,0.9273477271841537,14.500000000000002,138.5,196.0,-0.15034781823421217,0.0
50,chaos,ShieldOnly,0.8458989389694626,0.9335913837206367,24.75,155.5,224.5,-0.19019244475117408,246.75
50,chaos,Static,0.8782318460340758,0.9552252178362599,7.250000000000001,122.75,194.0,-0.14561837180218412,0.0
50,chaos,Adaptive,0.8885872694293815,0.9808322881571009,7.250000000000001,104.5,194.25,-0.1517450187277194,0.0
50,chaos,Random,0.8250851131726007,0.9259479852792538,27.750000000000004,169.5,258.50000000000006,-0.2133628721066531,0.0
50,chaos,nscsd,0.8270426406518387,0.7607083133484882,25.750000000000004,157.24999999999997,265.25000000000006,-0.03804067269664945,128.25
50,chaos,nscsd-final,0.8310325958527374,0.7709827848739181,22.000000000000004,154.75,260.25,-0.039325189021180776,126.75
50,chaos,nscsd-tree,0.8259208603926889,0.7627739682925447,26.250000000000004,156.49999999999997,264.5,-0.041353107899855863,0.0
50,chaos,ppo,0.8686963747099181,0.910163419012872,9.000000000000002,134.0,195.25,-0.1174670443029539,297.25
50,chaos,ppo-final,0.8610993555968045,0.8876583533408313,10.5,140.0,198.0,-0.10705899774402683,297.25
50,icmp,Sentinel,0.5301496557658232,0.7525645867299653,0.5,500.0,500.0,-0.4729149309641421,500.0
50,icmp,Sentinel-final,0.5302044047324583,0.7547220904695235,0.5,500.0,500.0,-0.4750176857370652,500.0
50,icmp,PPO-NoShield (Sentinel),0.5307377465113267,0.7580543677042723,0.5,500.0,500.0,-0.4778166211929456,0.0
50,icmp,ShieldOnly,0.5033592197000821,0.6790567759582002,160.50000000000003,500.0,500.0,-0.5861975562581181,450.5
50,icmp,Static,0.5360593672746955,0.8099491450826772,0.0,500.0,500.0,-0.5238897778079817,0.0
50,icmp,Adaptive,0.551737012778187,0.9622457201140433,0.75,500.0,500.0,-0.6612587073358562,0.0
50,icmp,Random,0.47743799368200585,0.9110113406229189,264.5,500.0,500.0,-0.948073346940913,0.0
50,icmp,nscsd,0.5070505796936128,0.5270123537283227,199.5,500.0,500.0,-0.4694617740347099,28.0
50,icmp,nscsd-final,0.5088110504705137,0.5441390250707675,180.5,500.0,500.0,-0.4658279746002538,11.0
50,icmp,nscsd-tree,0.5077066040280044,0.5339961827565579,193.0,500.0,500.0,-0.46928957872855354,0.0
50,icmp,ppo,0.5260832298772647,0.7144253340792104,7.500000000000002,500.0,500.0,-0.44584210420194564,500.0
50,icmp,ppo-final,0.5238028563166145,0.6922252342918673,20.0,500.0,500.0,-0.43842237797525285,500.0
50,pulse,Sentinel,0.7591423271760461,0.8718943562653477,59.25000000000001,250.0,250.0,-0.2970020290893016,252.5
50,pulse,Sentinel-final,0.7519199967632929,0.9574246219051616,123.75,250.0,250.0,-0.45425462514186876,252.5
50,pulse,PPO-NoShield (Sentinel),0.7554074392656724,0.8469343484639819,75.5,250.0,250.0,-0.2920269091983094,0.0
50,pulse,ShieldOnly,0.7471832433024053,0.8914666063385972,101.75,250.0,251.24999999999997,-0.37103336303619194,268.75
50,pulse,Static,0.7602046380131184,0.8799628560324505,50.75,250.0,250.0,-0.295508218019332,0.0
50,pulse,Adaptive,0.7577003179240368,0.8631274460851971,77.25,250.0,250.0,-0.3076771281611603,0.0
50,pulse,Random,0.7331170543692077,0.887408533500867,131.0,250.0,264.25,-0.4102914791316593,0.0
50,pulse,nscsd,0.747757239774831,0.6909626325970143,142.74999999999997,250.0,250.0,-0.21095539282218326,255.75
50,pulse,nscsd-final,0.7489223767353239,0.7005114714002229,134.49999999999997,250.0,250.0,-0.21108909466489892,255.0
50,pulse,nscsd-tree,0.7477465875243743,0.6916534353858457,142.75,250.0,250.0,-0.21165684786147138,0.0
50,pulse,ppo,0.7591908592570431,0.8425859723787523,43.0,250.0,250.0,-0.2513951131217092,312.25
50,pulse,ppo-final,0.7560053025615063,0.8149807013699896,88.24999999999999,250.0,250.0,-0.27222539880848323,312.25
50,polymorph,Sentinel,0.6475625528870623,0.9043911738118016,12.5,395.75000000000006,497.2499999999999,-0.46720362092473927,5.0
50,polymorph,Sentinel-final,0.6380500533888689,0.9626245756469357,25.750000000000007,408.75000000000006,499.75,-0.5546995222580668,5.0
50,polymorph,PPO-NoShield (Sentinel),0.6470831850758101,0.9035784922713566,12.5,396.0,497.49999999999994,-0.4669953071955465,0.0
50,polymorph,ShieldOnly,0.62260568145264,0.9207283352095663,81.75,409.0000000000001,492.0,-0.5843726537569264,63.5
50,polymorph,Static,0.6675123313440327,0.9342070536022365,2.0,371.00000000000006,484.24999999999994,-0.4541947222582039,0.0
50,polymorph,Adaptive,0.701181948712309,0.9879178261592975,0.25,338.75,469.5,-0.45636087744698844,0.0
50,polymorph,Random,0.6205251013493107,0.928284887880808,80.25,416.5,492.4999999999999,-0.5962597865314972,0.0
50,polymorph,nscsd,0.5872056716491497,0.7728731935659436,117.50000000000001,453.4999999999999,499.75,-0.5299175219167939,5.0
50,polymorph,nscsd-final,0.592329538637608,0.7807068673722448,107.25,449.4999999999999,499.75,-0.5203773287346368,5.0
50,polymorph,nscsd-tree,0.5877012674112595,0.774060800192029,117.25,454.0,499.75,-0.5306095327807695,0.0
50,polymorph,ppo,0.6445043311945853,0.8956071977120045,20.75,399.49999999999994,498.24999999999994,-0.4716028665174192,118.0
50,polymorph,ppo-final,0.6298097918755101,0.8722570095227056,40.24999999999999,414.75,499.75,-0.49007221764719544,118.0
50,boundary,Sentinel,0.9017125594247533,0.9049788740602036,0.0,2.7500000000000004,187.0,-0.004641314635450352,5.0
50,boundary,Sentinel-final,0.8876327637775825,0.9623707105153549,0.0,1.25,212.75,-0.07536294673777245,5.0
50,boundary,PPO-NoShield (Sentinel),0.9012692491303145,0.9042025553632481,0.0,3.0,188.0,-0.004433306232933641,0.0
50,boundary,ShieldOnly,0.8693314294866783,0.9217826962016232,3.2500000000000004,78.25000000000001,256.25,-0.09482626671494494,61.75
50,boundary,Static,0.9378120580944364,0.9612815536907062,0.0,0.0,137.25,-0.023469495596269874,0.0
50,boundary,Adaptive,0.9546152039736848,0.9943966550144788,0.0,0.25,112.49999999999997,-0.039906451040794,0.0
50,boundary,Random,0.8652729602644935,0.9257808083304487,2.75,80.0,267.49999999999994,-0.10325784806595523,0.0
50,boundary,nscsd,0.8389275026184043,0.7323251148663796,0.0,59.5,402.75,0.07685238775202469,14.75
50,boundary,nscsd-final,0.84461842282382,0.7428369351399481,0.0,54.25,395.5,0.07465648768387197,14.25
50,boundary,nscsd-tree,0.8400225505136023,0.7346515486388978,0.0,59.25000000000001,402.75,0.0757460018747045,0.5
50,boundary,ppo,0.9077710451613807,0.9017511700044862,0.0,1.0,181.25000000000003,0.005519875156894505,82.5
50,boundary,ppo-final,0.891300733600804,0.8685489697190872,0.0,7.75,203.74999999999997,0.018876763881716736,82.5
50,icmp_chaos,Sentinel,0.6966268881113613,0.8316635273427175,27.250000000000004,326.5,437.0,-0.32553663923135623,218.75
50,icmp_chaos,Sentinel-final,0.6874784429397055,0.8899382630840457,61.74999999999999,321.5,442.5,-0.42495982014434014,218.75
50,icmp_chaos,PPO-NoShield (Sentinel),0.6963768440460061,0.831797878369977,27.250000000000004,327.0,437.25,-0.3261710343239709,0.0
50,icmp_chaos,ShieldOnly,0.6727526020064287,0.8196765181110758,71.00000000000001,341.24999999999994,433.25,-0.38854891610464704,235.5
50,icmp_chaos,Static,0.7112273168467964,0.8826468428300143,19.000000000000004,314.25000000000006,420.5,-0.3475445259832179,0.0
50,icmp_chaos,Adaptive,0.7309355509015167,0.9707714557724758,15.5,299.5,398.0,-0.4050859048709591,0.0
50,icmp_chaos,Random,0.6579343899239187,0.9077855066720206,91.75,353.24999999999994,435.74999999999994,-0.5182261167481019,0.0
50,icmp_chaos,nscsd,0.6693774601562098,0.6109675815872324,76.99999999999999,345.25,445.4999999999999,-0.1912151214310226,73.0
50,icmp_chaos,nscsd-final,0.6728157212009934,0.6246082809867144,71.99999999999999,341.0,445.4999999999999,-0.19429255978572096,67.25
50,icmp_chaos,nscsd-tree,0.6696629004894321,0.6141540960904692,75.25000000000001,344.0,445.4999999999999,-0.19174119560103714,0.25
50,icmp_chaos,ppo,0.6992446854811282,0.7983857513749705,29.250000000000004,321.5,434.7499999999999,-0.2891410658938423,308.75
50,icmp_chaos,ppo-final,0.6921603931121482,0.7678977414760696,38.25,323.5,441.5,-0.27573734836392144,309.0
51,benign,Sentinel,1.0,0.0,0.0,0.0,0.0,1.0,500.0
51,benign,Sentinel-final,1.0,0.0,0.0,0.0,0.0,1.0,500.0
51,benign,PPO-NoShield (Sentinel),1.0,0.0,0.0,0.0,0.0,1.0,0.0
51,benign,ShieldOnly,1.0,0.0,0.0,0.0,0.0,1.0,469.0
51,benign,Static,1.0,0.0,0.0,0.0,0.0,1.0,0.0
51,benign,Adaptive,1.0,0.0,0.0,0.0,0.0,1.0,0.0
51,benign,Random,0.9815373410589459,0.0,0.0,0.0,26.750000000000007,0.9815373410589459,0.0
51,benign,nscsd,1.0,0.0,0.0,0.0,0.0,1.0,500.0
51,benign,nscsd-final,1.0,0.0,0.0,0.0,0.0,1.0,500.0
51,benign,nscsd-tree,1.0,0.0,0.0,0.0,0.0,1.0,0.0
51,benign,ppo,1.0,0.0,0.0,0.0,0.0,1.0,500.0
51,benign,ppo-final,1.0,0.0,0.0,0.0,0.0,1.0,500.0
51,mild,Sentinel,0.9930421759717619,0.9796220452657767,0.0,0.0,0.0,0.013420130705985245,350.25
51,mild,Sentinel-final,0.9933691224838814,0.9802372083841691,0.0,0.0,0.0,0.013131914099712372,350.0
51,mild,PPO-NoShield (Sentinel),0.990262950834101,0.9802551981706378,0.0,0.0,0.0,0.01000775266346321,0.0
51,mild,ShieldOnly,0.9725956062903067,0.9727071497689579,0.25,17.0,48.25,-0.008861543478651167,319.5
51,mild,Static,1.0,0.9937849092519168,0.0,0.0,0.0,0.006215090748083241,0.0
51,mild,Adaptive,0.9984942977048012,0.9916023728141727,0.0,0.0,3.0,0.006891924890628509,0.0
51,mild,Random,0.9283507605042269,0.9509784122564009,1.0,45.50000000000001,139.25,-0.04637765175217397,0.0
51,mild,nscsd,0.9574654676217624,0.8866745631044308,0.0,0.0,20.75,0.07079090451733161,134.5
51,mild,nscsd-final,0.9457551607403086,0.8606105807981855,0.0,0.0,86.5,0.0851445799421231,136.75
51,mild,nscsd-tree,0.9582415242105984,0.890421052568151,0.0,0.0,31.25,0.06782047164244742,1.5
51,mild,ppo,0.9890349993307727,0.971705141262561,0.0,0.0,0.0,0.017329858068211634,350.5
51,mild,ppo-final,0.988151084704695,0.9698403568608205,0.0,0.0,0.0,0.018310727843874552,350.75
51,strong,Sentinel,0.526017668789427,0.8563468826663317,12.25,500.0,500.0,-0.5925792138769047,171.0
51,strong,Sentinel-final,0.5234415183187565,0.8438579279342802,20.250000000000007,500.0,500.0,-0.5906664096155236,171.0
51,strong,PPO-NoShield (Sentinel),0.511997146256667,0.9170110941672857,152.00000000000003,500.0,500.0,-0.8070139479106186,0.0
51,strong,ShieldOnly,0.48842517449803957,0.8716161400844241,237.25000000000003,500.0,500.0,-0.8704409655863845,78.0
51,strong,Static,0.5206921940968603,0.8787120350598251,120.49999999999999,500.0,500.0,-0.7285198409629647,0.0
51,strong,Adaptive,0.5485822151116422,0.9761723461650693,2.75,500.0,500.0,-0.6803401310534272,0.0
51,strong,Random,0.48305760378653473,0.8935764265093011,257.75,500.0,500.0,-0.9182688227227664,0.0
51,strong,nscsd,0.5126678942986309,0.7430755860397205,125.75000000000003,500.0,500.0,-0.6061576917410896,7.0
51,strong,nscsd-final,0.4949630805530571,0.647161910590295,287.5,500.0,500.0,-0.689698830037238,8.75
51,strong,nscsd-tree,0.5141313064921417,0.7433735945789259,117.00000000000001,500.0,500.0,-0.5962422880867843,0.0
51,strong,ppo,0.517924379672481,0.8159713823943069,64.00000000000001,500.0,500.0,-0.6120470027218259,171.0
51,strong,ppo-final,0.5050524836813045,0.7520327036866716,205.0,500.0,500.0,-0.7019802200053671,171.0
51,chaos,Sentinel,0.8532939995953613,0.9296290810788006,9.5,147.75,214.00000000000003,-0.15971008148343924,265.0
51,chaos,Sentinel-final,0.8520260772399892,0.9251473848056267,9.75,149.25000000000003,215.0,-0.1574963075656375,265.25
51,chaos,PPO-NoShield (Sentinel),0.8463228863902306,0.9519185560320473,10.5,158.75,217.0,-0.19547066964181675,0.0
51,chaos,ShieldOnly,0.8187772402714852,0.9302467306319182,34.00000000000001,179.75,257.25,-0.23534449036043298,203.5
51,chaos,Static,0.8595974198174396,0.9573382039111811,8.499999999999998,143.50000000000003,207.0,-0.17799078409374142,0.0
51,chaos,Adaptive,0.8714015230341359,0.9819716180140684,7.000000000000001,137.5,207.0,-0.18632009497993254,0.0
51,chaos,Random,0.8055397864691625,0.9322375621395643,35.5,188.49999999999997,278.5,-0.25644777567040183,0.0
51,chaos,nscsd,0.8289865883131403,0.8410191895158896,15.25,166.99999999999997,238.5,-0.11078260120274928,117.75
51,chaos,nscsd-final,0.8083300663241456,0.7820979008018791,29.75,183.75,292.00000000000006,-0.09539283447773352,120.0
51,chaos,nscsd-tree,0.8291624160879667,0.8432940372606224,13.750000000000002,165.75,248.49999999999994,-0.11075662117265565,0.25
51,chaos,ppo,0.845398013714312,0.9073474091894622,10.75,154.5,220.5,-0.1499493954751502,266.5
51,chaos,ppo-final,0.8366605230974734,0.8795058761414347,21.5,163.49999999999997,226.99999999999994,-0.14609535304396132,266.75
51,icmp,Sentinel,0.5270555724519925,0.7701472508660189,0.0,500.0,500.0,-0.49309167841402635,500.0
51,icmp,Sentinel-final,0.5270569415173479,0.7701472508660189,0.0,500.0,500.0,-0.49309030934867093,500.0
51,icmp,PPO-NoShield (Sentinel),0.4917951349850934,1.0,474.25000000000006,500.0,500.0,-1.2324548650149065,0.0
51,icmp,ShieldOnly,0.49934108787286835,0.6949328058244912,173.50000000000006,500.0,500.0,-0.6190917179516229,445.75
51,icmp,Static,0.5335506268776743,0.8213540130911479,0.0,500.0,500.0,-0.5378033862134736,0.0
51,icmp,Adaptive,0.551239191425981,0.9647375879858473,1.0,500.0,500.0,-0.6644983965598663,0.0
51,icmp,Random,0.47464689936680254,0.9291508975090338,284.50000000000006,500.0,500.0,-0.9890039981422313,0.0
51,icmp,nscsd,0.5151328827499613,0.6733261292139177,103.74999999999999,500.0,500.0,-0.5119432464639564,499.75
51,icmp,nscsd-final,0.5057293450090767,0.5962766332622041,211.0,500.0,500.0,-0.5515472882531274,483.25
51,icmp,nscsd-tree,0.5116431264680601,0.643934638289617,158.0,500.0,500.0,-0.5402915118215569,0.0
51,icmp,ppo,0.5270516567165695,0.7701472508660189,0.0,500.0,500.0,-0.49309559414944937,500.0
51,icmp,ppo-final,0.5170657158398285,0.6888829539383698,65.5,500.0,500.0,-0.4873172380985413,500.0
51,pulse,Sentinel,0.7641004408662588,0.8906829327500043,5.5,250.0,250.0,-0.2570824918837455,317.75
51,pulse,Sentinel-final,0.7629813721848799,0.8816273059192641,9.5,250.0,250.0,-0.25314593373438415,317.75
51,pulse,PPO-NoShield (Sentinel),0.756404922062557,0.9110433447079768,61.000000000000014,250.0,250.0,-0.3406384226454197,0.0
51,pulse,ShieldOnly,0.7484051648732613,0.8969829349609592,100.0,250.0,251.99999999999994,-0.3735777700876979,266.25
51,pulse,Static,0.7591018871002915,0.8919463042947555,53.75,250.0,250.0,-0.311594417194464,0.0
51,pulse,Adaptive,0.757201409618937,0.8805792155814622,81.74999999999999,250.0,250.0,-0.3301278059625252,0.0
51,pulse,Random,0.7312592289593677,0.9009748523293032,133.75,250.0,266.25,-0.42846562336993554,0.0
51,pulse,nscsd,0.7593866706223,0.805078348093437,42.5,250.0,250.0,-0.21319167747113701,253.5
51,pulse,nscsd-final,0.7508618157412668,0.7348460434970284,128.5,250.0,250.0,-0.23748422775576167,254.0
51,pulse,nscsd-tree,0.7598412486237736,0.8086583883397237,40.0,250.0,250.0,-0.21381713971595015,0.0
51,pulse,ppo,0.7605497816141608,0.8614118108968724,33.75,250.0,250.0,-0.2596120292827116,317.75
51,pulse,ppo-final,0.7549803805510277,0.8152870865540993,99.5,250.0,250.0,-0.2848067060030717,317.75
51,polymorph,Sentinel,0.6765733081644156,0.9235415622194552,0.75,353.24999999999994,492.5,-0.4243432540550395,120.75
51,polymorph,Sentinel-final,0.6729766339094334,0.9175628326037225,3.5000000000000004,357.5,494.2499999999999,-0.4268361986942891,120.75
51,polymorph,PPO-NoShield (Sentinel),0.6717937820400532,0.9388780533660779,2.0,354.99999999999994,492.24999999999994,-0.44658427132602463,0.0
51,polymorph,ShieldOnly,0.6371824340124916,0.9219856206296614,71.50000000000003,388.25,489.0,-0.5504281866171697,66.0
51,polymorph,Static,0.6820639249648336,0.935820714548365,6.000000000000001,349.74999999999994,482.99999999999994,-0.43463178958353144,0.0
51,polymorph,Adaptive,0.7154957450070117,0.9880117760763083,1.0,320.25,459.75,-0.4336410310692965,0.0
51,polymorph,Random,0.6304460072532387,0.9293634153732626,75.50000000000001,399.75000000000006,488.25,-0.5742924081200239,0.0
51,polymorph,nscsd,0.6501409642940662,0.8593028545606053,36.50000000000001,376.25000000000006,494.74999999999994,-0.4337868902665391,5.0
51,polymorph,nscsd-final,0.6153259810848875,0.7986619197012694,79.0,421.24999999999994,500.0,-0.472960938616382,5.0
51,polymorph,nscsd-tree,0.6524373435266074,0.8632717042353724,32.75000000000001,375.25,496.7499999999999,-0.4312093607087649,0.0
51,polymorph,ppo,0.6630104221906254,0.9012389592141112,8.250000000000002,368.75,498.24999999999994,-0.43085353702348583,120.75
51,polymorph,ppo-final,0.6431059701219243,0.8681808304025621,42.25,383.5,500.0,-0.4590748602806378,120.75
51,boundary,Sentinel,0.9306982385294422,0.9216662680534385,0.0,0.0,125.5,0.009031970476003681,90.0
51,boundary,Sentinel-final,0.9287102685420185,0.9173915848909336,0.0,0.0,128.24999999999997,0.011318683651084904,90.0
51,boundary,PPO-NoShield (Sentinel),0.9232963825505893,0.9401772820087757,0.0,1.0,127.74999999999997,-0.017380899458186383,0.0
51,boundary,ShieldOnly,0.8796733142456507,0.9184157616443599,1.5,67.25,241.50000000000006,-0.07386744739870925,53.5
51,boundary,Static,0.9488975061766995,0.9663494712046475,0.0,0.0,119.25,-0.01745196502794799,0.0
51,boundary,Adaptive,0.9646799592510229,0.9951844224905793,0.0,0.0,80.25,-0.030504463239556356,0.0
51,boundary,Random,0.8719511020775217,0.9232762392279532,3.2500000000000004,81.99999999999999,248.74999999999997,-0.09557513715043152,0.0
51,boundary,nscsd,0.8973714877738385,0.8229201714587578,0.0,1.5,240.5,0.07370131631508062,11.5
51,boundary,nscsd-final,0.8681241905604606,0.751060807699614,0.0,15.25,362.75,0.10943838286084662,13.5
51,boundary,nscsd-tree,0.8940682964462964,0.8192534255203103,0.0,1.7500000000000002,274.5,0.07393987092598604,0.0
51,boundary,ppo,0.9176347090507184,0.894057982736699,0.0,0.5,137.5,0.023326726314019414,90.0
51,boundary,ppo-final,0.9043103577181555,0.8650438595303225,0.0,5.0,157.25,0.03676649818783301,90.25
51,icmp_chaos,Sentinel,0.7077247406921625,0.8465178649950923,20.5,292.0,439.75,-0.30529312430292976,309.0
51,icmp_chaos,Sentinel-final,0.7062671377573719,0.8419995364741991,20.75,295.00000000000006,441.25,-0.3039823987168272,309.0
51,icmp_chaos,PPO-NoShield (Sentinel),0.686497781396967,0.9560708303899444,31.500000000000007,317.25,440.49999999999994,-0.4596980489929774,0.0
51,icmp_chaos,ShieldOnly,0.6733951281854152,0.808654268586519,63.75,332.5,443.50000000000006,-0.36525914040110374,260.0
51,icmp_chaos,Static,0.7134506026337022,0.8914442080002445,18.5,287.75000000000006,432.5,-0.34036860536654234,0.0
51,icmp_chaos,Adaptive,0.7341611062378652,0.9761199704077883,16.25,278.25,419.50000000000006,-0.39733386416992306,0.0
51,icmp_chaos,Random,0.6559291156147715,0.9162848994315101,89.5,345.75,443.75,-0.5227307838167387,0.0
51,icmp_chaos,nscsd,0.6972216964068191,0.7698566359148596,23.75,311.0,442.24999999999994,-0.2518849395080406,251.25
51,icmp_chaos,nscsd-final,0.6752178471085866,0.683224917621226,50.75,333.75,451.75,-0.2256320705126394,245.75
51,icmp_chaos,nscsd-tree,0.695235989753839,0.7554631336065694,23.75,312.25,446.24999999999994,-0.24010214385273032,0.0
51,icmp_chaos,ppo,0.702196043629026,0.8300858524543588,22.25,304.50000000000006,443.99999999999994,-0.30238980882533284,309.0
51,icmp_chaos,ppo-final,0.6899905329352723,0.7718228869451295,35.75000000000001,319.5,449.4999999999999,-0.2773323540098571,309.75
