seed,scenario,defender,quality,leakage,severe,degraded,sla_miss,benchmark,repairs
42,benign,Sentinel,1.0,0.0,0.0,0.0,0.0,1.0,500.0
42,benign,Sentinel-final,1.0,0.0,0.0,0.0,0.0,1.0,500.0
42,benign,PPO-NoShield (Sentinel),1.0,0.0,0.0,0.0,0.0,1.0,0.0
42,benign,ShieldOnly,1.0,0.0,0.0,0.0,0.0,1.0,468.25
42,benign,Static,1.0,0.0,0.0,0.0,0.0,1.0,0.0
42,benign,Adaptive,1.0,0.0,0.0,0.0,0.0,1.0,0.0
42,benign,Random,0.9818859066573419,0.0,0.0,0.0,25.750000000000007,0.9818859066573419,0.0
42,benign,nscsd,1.0,0.0,0.0,0.0,0.0,1.0,500.0
42,benign,nscsd-final,1.0,0.0,0.0,0.0,0.0,1.0,500.0
42,benign,nscsd-tree,1.0,0.0,0.0,0.0,0.0,1.0,0.0
42,benign,no_shield_discovery,1.0,0.0,0.0,0.0,0.0,1.0,500.0
42,benign,no_shield_discovery-final,1.0,0.0,0.0,0.0,0.0,1.0,500.0
42,benign,no_discovery,1.0,0.0,0.0,0.0,0.0,1.0,497.0
42,benign,no_discovery-final,1.0,0.0,0.0,0.0,0.0,1.0,497.0
42,benign,no_elite,1.0,0.0,0.0,0.0,0.0,1.0,500.0
42,benign,no_elite-final,1.0,0.0,0.0,0.0,0.0,1.0,500.0
42,benign,no_anchor,1.0,0.0,0.0,0.0,0.0,1.0,500.0
42,benign,no_anchor-final,1.0,0.0,0.0,0.0,0.0,1.0,500.0
42,benign,no_crn,1.0,0.0,0.0,0.0,0.0,1.0,499.25
42,benign,no_crn-final,1.0,0.0,0.0,0.0,0.0,1.0,499.25
42,benign,no_shield,0.9998586404395443,0.0,0.0,0.0,0.0,0.9998586404395443,0.0
42,benign,no_shield-final,0.9992601373697507,0.0,0.0,0.0,0.0,0.9992601373697507,0.0
42,benign,grpo_vanilla,1.0,0.0,0.0,0.0,0.0,1.0,500.0
42,benign,grpo_vanilla-final,1.0,0.0,0.0,0.0,0.0,1.0,500.0
42,benign,nscsd_safe,1.0,0.0,0.0,0.0,0.0,1.0,500.0
42,benign,nscsd_safe-final,1.0,0.0,0.0,0.0,0.0,1.0,500.0
42,benign,ppo,1.0,0.0,0.0,0.0,0.0,1.0,500.0
42,benign,ppo-final,1.0,0.0,0.0,0.0,0.0,1.0,500.0
42,benign,straddle,1.0,0.0,0.0,0.0,0.0,1.0,500.0
42,benign,straddle-final,1.0,0.0,0.0,0.0,0.0,1.0,500.0
42,benign,straddle_nosafe,1.0,0.0,0.0,0.0,0.0,1.0,500.0
42,benign,straddle_nosafe-final,1.0,0.0,0.0,0.0,0.0,1.0,500.0
42,benign,straddle_cgrpo,1.0,0.0,0.0,0.0,0.0,1.0,500.0
42,benign,straddle_cgrpo-final,1.0,0.0,0.0,0.0,0.0,1.0,500.0
42,benign,maxmc_only,1.0,0.0,0.0,0.0,0.0,1.0,500.0
42,benign,maxmc_only-final,1.0,0.0,0.0,0.0,0.0,1.0,500.0
42,benign,straddle_archive,1.0,0.0,0.0,0.0,0.0,1.0,500.0
42,benign,straddle_archive-final,1.0,0.0,0.0,0.0,0.0,1.0,500.0
42,mild,Sentinel,0.9913612040841187,0.9870270083099756,0.0,0.0,0.0,0.004334195774143068,320.25
42,mild,Sentinel-final,0.9843374045815019,0.9907302690009306,0.0,0.0,0.0,-0.006392864419428768,320.25
42,mild,PPO-NoShield (Sentinel),0.9904416355996737,0.9858045624865351,0.0,0.0,0.0,0.004637073113138546,0.0
42,mild,ShieldOnly,0.9710962229043096,0.9777716817537391,0.25,16.750000000000004,54.25,-0.015300458849429441,322.0
42,mild,Static,1.0,1.0,0.0,0.0,0.0,0.0,0.0
42,mild,Adaptive,0.9993491233705966,0.9991513011206414,0.0,0.0,1.0,0.00019782224995512632,0.0
42,mild,Random,0.9353052972140553,0.9624519142189527,1.25,41.50000000000001,124.0,-0.049146617004897405,0.0
42,mild,nscsd,0.9688349251711278,0.9262554611822983,0.0,0.0,17.0,0.0425794639888295,248.0
42,mild,nscsd-final,0.9580978005849781,0.9005346781265662,0.0,0.0,40.25,0.057563122458411886,177.0
42,mild,nscsd-tree,0.9687860081650348,0.9257118821576003,0.0,0.0,17.0,0.04307412600743454,8.75
42,mild,no_shield_discovery,0.972496882025186,0.9415947623612697,0.0,0.0,23.5,0.030902119663916316,329.75
42,mild,no_shield_discovery-final,0.9715752198648419,0.9404301435208093,0.0,0.0,31.500000000000007,0.03114507634403252,331.5
42,mild,no_discovery,0.9546611856040872,0.8878894438469846,0.0,0.0,63.0,0.06677174175710254,78.25
42,mild,no_discovery-final,0.9547504557842753,0.8880934741765415,0.0,0.0,62.75,0.06665698160773381,78.75
42,mild,no_elite,0.9336279908432749,0.8460115046940928,0.0,0.0,133.5,0.08761648614918205,500.0
42,mild,no_elite-final,0.9336279908432749,0.8460115046940928,0.0,0.0,133.5,0.08761648614918205,500.0
42,mild,no_anchor,0.9559913703427376,0.8958842822335585,0.0,0.0,71.25000000000001,0.060107088109179085,199.5
42,mild,no_anchor-final,0.9559913703427376,0.8958842822335585,0.0,0.0,71.25000000000001,0.060107088109179085,199.5
42,mild,no_crn,0.9542636932509969,0.9293114639108466,0.0,0.0,19.25,0.02495222934015029,130.25
42,mild,no_crn-final,0.956213803204105,0.8975656265664638,0.0,0.0,41.5,0.058648176637641214,103.0
42,mild,no_shield,0.9469259855543223,0.8610144635807446,0.0,0.0,74.99999999999999,0.08591152197357765,0.0
42,mild,no_shield-final,0.9405777622735181,0.846128637483057,0.0,0.0,103.25000000000003,0.09444912479046108,0.0
42,mild,grpo_vanilla,0.9935254168856893,0.9872032701444636,0.0,0.0,0.0,0.006322146741225665,350.25
42,mild,grpo_vanilla-final,0.9578213393186505,0.9155715404969621,0.0,0.0,107.25,0.042249798821688445,500.0
42,mild,nscsd_safe,0.98102836794011,0.9555758987061145,0.0,0.0,1.5,0.025452469233995467,327.5
42,mild,nscsd_safe-final,0.9862717466635262,0.9806469240188413,0.0,0.0,26.749999999999996,0.00562482264468489,439.75
42,mild,ppo,0.9934618451870119,0.987143552576128,0.0,0.0,0.0,0.006318292610883902,350.75
42,mild,ppo-final,0.9979460393433944,0.9963356969182545,0.0,0.0,0.0,0.00161034242513991,350.0
42,mild,straddle,0.9772017461888529,0.9384641432039622,0.0,0.0,3.0,0.03873760298489071,252.5
42,mild,straddle-final,0.9778011207881564,0.940339482799256,0.0,0.0,2.25,0.03746163798890034,252.5
42,mild,straddle_nosafe,0.964255077124389,0.91893341410196,0.0,0.0,55.75,0.045321663022428904,297.0
42,mild,straddle_nosafe-final,0.964255077124389,0.91893341410196,0.0,0.0,55.75,0.045321663022428904,297.0
42,mild,straddle_cgrpo,0.9646884757772638,0.9075959212051423,0.0,0.0,22.750000000000004,0.05709255457212148,197.75
42,mild,straddle_cgrpo-final,0.9646884757772638,0.9075959212051423,0.0,0.0,22.750000000000004,0.05709255457212148,197.75
42,mild,maxmc_only,0.9666166377691463,0.9096760465852037,0.0,0.0,8.5,0.05694059118394257,161.75
42,mild,maxmc_only-final,0.9581757187219748,0.8897708116779365,0.0,0.0,43.75000000000001,0.06840490704403834,164.25
42,mild,straddle_archive,0.9790222924616792,0.945135578271907,0.0,0.0,0.5,0.03388671418977218,279.0
42,mild,straddle_archive-final,0.9686026143438315,0.9238989434014379,0.0,0.0,34.49999999999999,0.04470367094239369,282.25
42,strong,Sentinel,0.509438140185709,0.7602069105703861,161.75,500.0,500.0,-0.6625187703846771,5.0
42,strong,Sentinel-final,0.4646974647230503,0.9341607818428826,479.49999999999994,500.0,500.0,-1.1989633171198322,5.0
42,strong,PPO-NoShield (Sentinel),0.5089808504696854,0.7586728468408325,164.50000000000003,500.0,500.0,-0.6641919963711471,0.0
42,strong,ShieldOnly,0.4878676549124541,0.8681140733589243,241.00000000000003,500.0,500.0,-0.8712464184464702,79.75
42,strong,Static,0.5222332935382059,0.8716266862566892,61.0,500.0,500.0,-0.6603933927184833,0.0
42,strong,Adaptive,0.5488149463023675,0.9747265670414789,4.000000000000001,500.0,500.0,-0.6799116207391114,0.0
42,strong,Random,0.482456664226112,0.8962931677651499,268.5,500.0,500.0,-0.9323365035390379,0.0
42,strong,nscsd,0.5030383876682184,0.7251093009928116,207.75000000000003,500.0,500.0,-0.6798209133245932,5.25
42,strong,nscsd-final,0.4974710369409471,0.6979316189985744,250.5,500.0,500.0,-0.7009605820576272,7.5
42,strong,nscsd-tree,0.5029991932487117,0.7252076790008939,208.00000000000003,500.0,500.0,-0.6802084857521822,0.25
42,strong,no_shield_discovery,0.5121349381990197,0.7679739311958037,98.5,500.0,500.0,-0.6043389929967841,5.25
42,strong,no_shield_discovery-final,0.5063164477325828,0.7313378473564006,147.25,500.0,500.0,-0.6222713996238178,9.0
42,strong,no_discovery,0.4857344379730665,0.6352187113093126,349.50000000000006,500.0,500.0,-0.7489842733362462,8.5
42,strong,no_discovery-final,0.485767302089345,0.6337608125546317,355.75,500.0,500.0,-0.7537435104652868,9.0
42,strong,no_elite,0.4727380154905503,0.6005893678605455,404.75000000000006,500.0,500.0,-0.7826013523699953,500.0
42,strong,no_elite-final,0.4727380154905503,0.6005893678605455,404.75000000000006,500.0,500.0,-0.7826013523699953,500.0
42,strong,no_anchor,0.4930591754171162,0.6526787071847971,327.75,500.0,500.0,-0.7373695317676809,5.0
42,strong,no_anchor-final,0.4930591754171162,0.6526787071847971,327.75,500.0,500.0,-0.7373695317676809,5.0
42,strong,no_crn,0.5103580214399017,0.7685575120518197,153.5,500.0,500.0,-0.6616994906119179,5.0
42,strong,no_crn-final,0.507030387594541,0.7507865434777616,180.5,500.0,500.0,-0.6742561558832206,5.25
42,strong,no_shield,0.5102908481291368,0.7444560747318332,83.75000000000001,500.0,500.0,-0.5679152266026963,0.0
42,strong,no_shield-final,0.5014018662956792,0.6893301031962707,206.00000000000003,500.0,500.0,-0.6439282369005916,0.0
42,strong,grpo_vanilla,0.5015660533720161,0.7584979481615395,250.0,500.0,500.0,-0.7569318947895234,175.0
42,strong,grpo_vanilla-final,0.47053498150506784,0.5959983033532743,411.00000000000006,500.0,500.0,-0.7864633218482064,500.0
42,strong,nscsd_safe,0.49479017354809346,0.7250191461668604,282.0,500.0,500.0,-0.7622289726187669,175.25
42,strong,nscsd_safe-final,0.4890109816741268,0.7015308451175022,308.75,500.0,500.0,-0.7712698634433754,7.0
42,strong,ppo,0.5185551542838198,0.8357364102109569,36.75000000000001,500.0,500.0,-0.603931255927137,174.75
42,strong,ppo-final,0.5133467529812437,0.8122577590158286,115.25,500.0,500.0,-0.664161006034585,174.75
42,strong,straddle,0.5218103805739932,0.8122626563693723,10.25,500.0,500.0,-0.5507022757953791,5.0
42,strong,straddle-final,0.5224525785714151,0.8134681896804521,10.75,500.0,500.0,-0.551765611109037,5.0
42,strong,straddle_nosafe,0.5149146073841359,0.7660831724948695,48.5,500.0,500.0,-0.5496685651107336,5.0
42,strong,straddle_nosafe-final,0.5149146073841359,0.7660831724948695,48.5,500.0,500.0,-0.5496685651107336,5.0
42,strong,straddle_cgrpo,0.5177624340280012,0.7833373758001098,23.750000000000004,500.0,500.0,-0.5393249417721087,5.0
42,strong,straddle_cgrpo-final,0.5177624340280012,0.7833373758001098,23.750000000000004,500.0,500.0,-0.5393249417721087,5.0
42,strong,maxmc_only,0.5147349255216087,0.7665210066277772,42.25000000000001,500.0,500.0,-0.5440360811061685,5.0
42,strong,maxmc_only-final,0.5047158036902564,0.7048315666068486,171.5,500.0,500.0,-0.6216157629165923,5.0
42,strong,straddle_archive,0.5208529907633077,0.7993274057841873,13.000000000000002,500.0,500.0,-0.5414744150208796,5.0
42,strong,straddle_archive-final,0.48952966070718,0.652675747724662,304.5,500.0,500.0,-0.7176460870174819,5.0
42,chaos,Sentinel,0.837427326907928,0.8663044372645057,19.250000000000004,166.0,228.24999999999997,-0.1311271103565777,194.25
42,chaos,Sentinel-final,0.8086567702770637,0.9620015857385754,54.25,179.25000000000003,261.0,-0.29721981546151166,187.0
42,chaos,PPO-NoShield (Sentinel),0.8359272409674035,0.8624810103199211,19.500000000000004,167.5,229.24999999999994,-0.12980376935251764,0.0
42,chaos,ShieldOnly,0.8191936497714185,0.9256057441258653,39.50000000000001,183.5,244.74999999999997,-0.23766209435444677,227.0
42,chaos,Static,0.8512616298725743,0.9434163637797663,9.250000000000004,160.25,221.0,-0.1815297339071921,0.0
42,chaos,Adaptive,0.8625742565908942,0.9811254386477243,10.0,153.75,211.0,-0.20542618205683014,0.0
42,chaos,Random,0.7945055260312095,0.9294691241135385,43.75,204.00000000000003,284.25,-0.2807135980823291,0.0
42,chaos,nscsd,0.8234795927382619,0.8094068621406907,27.750000000000004,181.50000000000003,233.74999999999997,-0.10442726940242883,170.25
42,chaos,nscsd-final,0.8162584747676049,0.7773642137668183,32.50000000000001,188.0,241.24999999999997,-0.08760573899921337,140.5
42,chaos,nscsd-tree,0.8234341748871534,0.8095945555695486,27.250000000000004,181.25000000000003,233.74999999999997,-0.1040353806823952,2.25
42,chaos,no_shield_discovery,0.8280080174385003,0.830611161230799,16.250000000000004,176.75000000000003,235.74999999999997,-0.10722814379229877,188.75
42,chaos,no_shield_discovery-final,0.8235207659695012,0.80552911014258,22.000000000000004,183.50000000000003,238.74999999999997,-0.09575834417307882,189.75
42,chaos,no_discovery,0.8077375921174601,0.7335000258218574,36.75000000000001,193.0,250.0,-0.059012433704397266,111.75
42,chaos,no_discovery-final,0.807628037359725,0.7315568920672697,37.50000000000001,193.24999999999997,250.5,-0.058053854707544705,112.0
42,chaos,no_elite,0.7942729764820545,0.690104849402325,39.50000000000001,203.0,261.25,-0.03683187292027046,500.0
42,chaos,no_elite-final,0.7942729764820545,0.690104849402325,39.50000000000001,203.0,261.25,-0.03683187292027046,500.0
42,chaos,no_anchor,0.8134842280529379,0.7486124123693833,36.25000000000001,182.25,248.74999999999997,-0.0625031843164454,153.25
42,chaos,no_anchor-final,0.8134842280529379,0.7486124123693833,36.25000000000001,182.25,248.74999999999997,-0.0625031843164454,153.25
42,chaos,no_crn,0.8217692244505006,0.8329750727919464,19.500000000000007,176.0,234.5,-0.11870584834144578,132.75
42,chaos,no_crn-final,0.8190371733328167,0.7986754679359116,21.5,181.5,240.5,-0.09188829460309493,112.25
42,chaos,no_shield,0.8151662714658151,0.774224380401822,20.0,184.25,249.00000000000003,-0.07118310893600685,0.0
42,chaos,no_shield-final,0.8078426475346756,0.7387029518457459,24.500000000000004,192.75,254.25000000000003,-0.05173530431107026,0.0
42,chaos,grpo_vanilla,0.8339539865453937,0.8644746945385618,23.750000000000004,171.75,227.99999999999997,-0.14014570799316822,296.75
42,chaos,grpo_vanilla-final,0.8012703181696169,0.7186966465188084,40.75000000000001,202.75,260.75000000000006,-0.05955132834919147,500.0
42,chaos,nscsd_safe,0.8256956894142743,0.8229090451147284,31.500000000000007,178.25,230.75,-0.11783835570045412,266.5
42,chaos,nscsd_safe-final,0.8206308820061498,0.8083440919332329,33.25000000000001,183.25,243.25000000000003,-0.11258820992708313,213.75
42,chaos,ppo,0.8426464286858957,0.9044019510751925,11.75,162.75,226.74999999999994,-0.15488052238929684,296.5
42,chaos,ppo-final,0.8432526708010648,0.9008787122371051,12.499999999999998,163.25,225.74999999999997,-0.15175104143604035,296.25
42,chaos,straddle,0.8375816681439948,0.8590192733405659,12.750000000000002,161.75,231.25,-0.11506260519657112,172.5
42,chaos,straddle-final,0.8373132038117737,0.8568208398518447,12.750000000000002,163.49999999999997,234.5,-0.11400763604007098,172.5
42,chaos,straddle_nosafe,0.8282764908459551,0.8166574974533635,18.75,170.24999999999997,250.0,-0.09225600660740835,187.0
42,chaos,straddle_nosafe-final,0.8282764908459551,0.8166574974533635,18.75,170.24999999999997,250.0,-0.09225600660740835,187.0
42,chaos,straddle_cgrpo,0.8308157377106111,0.8234295719264668,16.000000000000004,162.50000000000003,241.5,-0.08986383421585571,153.25
42,chaos,straddle_cgrpo-final,0.8308157377106111,0.8234295719264668,16.000000000000004,162.50000000000003,241.5,-0.08986383421585571,153.25
42,chaos,maxmc_only,0.8304063251282032,0.8186205609463307,20.500000000000007,163.0,233.0,-0.09021423581812751,138.5
42,chaos,maxmc_only-final,0.8205317590536432,0.7726301960977231,24.500000000000004,173.50000000000003,251.0,-0.06334843704407994,135.25
42,chaos,straddle_archive,0.8385398555301566,0.8568933150479834,13.250000000000002,161.0,227.74999999999994,-0.11210345951782674,179.75
42,chaos,straddle_archive-final,0.8163934406608778,0.7679500121742147,34.25,183.25,243.75,-0.07743157151333684,179.5
42,icmp,Sentinel,0.5214935958184639,0.6737217596903564,41.5,500.0,500.0,-0.4437281638718925,500.0
42,icmp,Sentinel-final,0.5206438782141815,0.6672362895001095,51.00000000000001,500.0,500.0,-0.447592411285928,500.0
42,icmp,PPO-NoShield (Sentinel),0.4558486973366975,0.9958804666000036,493.7499999999998,500.0,500.0,-1.2837817692633058,0.0
42,icmp,ShieldOnly,0.5019268687885053,0.680024907629478,170.99999999999997,500.0,500.0,-0.5990980388409726,444.0
42,icmp,Static,0.53597356400518,0.8113784662020903,0.0,500.0,500.0,-0.5254049021969103,0.0
42,icmp,Adaptive,0.5518911229651475,0.9626278963954483,0.75,500.0,500.0,-0.6614867734303007,0.0
42,icmp,Random,0.47849129001585033,0.9166934786197627,263.49999999999994,500.0,500.0,-0.9517021886039123,0.0
42,icmp,nscsd,0.5180780242782534,0.6438888518652962,79.75,500.0,500.0,-0.45556082758704275,489.5
42,icmp,nscsd-final,0.5133888946974838,0.6008042914903559,129.0,500.0,500.0,-0.46641539679287203,15.0
42,icmp,nscsd-tree,0.517039198647801,0.6338343579509024,91.0,500.0,500.0,-0.45779515930310133,495.0
42,icmp,no_shield_discovery,0.521165658787466,0.6800382531968829,45.5,500.0,500.0,-0.4543725944094169,176.75
42,icmp,no_shield_discovery-final,0.5138557243829704,0.6084153479711115,126.5,500.0,500.0,-0.4710596235881411,9.25
42,icmp,no_discovery,0.5103251077227895,0.5693875175626459,167.49999999999997,500.0,500.0,-0.4765624098398564,9.5
42,icmp,no_discovery-final,0.5103536535773282,0.57010456268354,167.25000000000003,500.0,500.0,-0.47700090910621185,7.75
42,icmp,no_elite,0.5003117661446921,0.47884113709534415,258.5,500.0,500.0,-0.4870293709506521,500.0
42,icmp,no_elite-final,0.5003117661446921,0.47884113709534415,258.5,500.0,500.0,-0.4870293709506521,500.0
42,icmp,no_anchor,0.5183701529722387,0.6455789476544483,75.74999999999999,500.0,500.0,-0.4529587946822097,132.5
42,icmp,no_anchor-final,0.5183701529722387,0.6455789476544483,75.74999999999999,500.0,500.0,-0.4529587946822097,132.5
42,icmp,no_crn,0.5238675024872277,0.7043198820583398,18.75,500.0,500.0,-0.44920237957111214,469.25
42,icmp,no_crn-final,0.5207198969817065,0.6795055102967735,50.0,500.0,500.0,-0.458785613315067,498.25
42,icmp,no_shield,0.4317567444008675,0.9760182280607527,475.74999999999994,500.0,500.0,-1.270011483659885,0.0
42,icmp,no_shield-final,0.4030557146270026,0.9950974855741789,496.7499999999999,500.0,500.0,-1.3387917709471762,0.0
42,icmp,grpo_vanilla,0.5183887048496097,0.6457570702183422,73.50000000000001,500.0,500.0,-0.4508683653687324,500.0
42,icmp,grpo_vanilla-final,0.49875864581236823,0.472474449383684,267.99999999999994,500.0,500.0,-0.4917158035713157,500.0
42,icmp,nscsd_safe,0.5157987414564082,0.6197758500314031,105.5,500.0,500.0,-0.45947710857499485,500.0
42,icmp,nscsd_safe-final,0.513420313241925,0.5972257054771246,129.75000000000003,500.0,500.0,-0.4635553922351996,499.75
42,icmp,ppo,0.5301094820732961,0.7572966279604316,0.25,500.0,500.0,-0.4774371458871355,500.0
42,icmp,ppo-final,0.5246915879467497,0.7057409772154448,9.25,500.0,500.0,-0.44029938926869505,500.0
42,icmp,straddle,0.5230387784967785,0.6868290555952634,22.75,500.0,500.0,-0.4365402770984849,500.0
42,icmp,straddle-final,0.520448223158588,0.6618445598347246,50.24999999999999,500.0,500.0,-0.4416463366761366,484.25
42,icmp,straddle_nosafe,0.5284028121362243,0.7403347817312687,1.25,500.0,500.0,-0.4631819695950443,500.0
42,icmp,straddle_nosafe-final,0.5284028121362243,0.7403347817312687,1.25,500.0,500.0,-0.4631819695950443,500.0
42,icmp,straddle_cgrpo,0.5302335730509287,0.7569536998578899,0.25,500.0,500.0,-0.47697012680696116,500.0
42,icmp,straddle_cgrpo-final,0.5302335730509287,0.7569536998578899,0.25,500.0,500.0,-0.47697012680696116,500.0
42,icmp,maxmc_only,0.5300690250891745,0.75525188970693,0.25,500.0,500.0,-0.47543286461775547,500.0
42,icmp,maxmc_only-final,0.525653199369408,0.7134161688149552,7.75,500.0,500.0,-0.4455129694455472,500.0
42,icmp,straddle_archive,0.530165448762476,0.7562271742628598,0.25,500.0,500.0,-0.4763117255003838,500.0
42,icmp,straddle_archive-final,0.5120913957004417,0.581652831915174,142.00000000000003,500.0,500.0,-0.46156143621473233,9.75
42,pulse,Sentinel,0.7567889385437782,0.8192396623887157,85.0,250.0,250.0,-0.27245072384493757,252.25
42,pulse,Sentinel-final,0.7415772373699647,0.9337159373769269,194.5,250.0,250.0,-0.5116387000069622,252.25
42,pulse,PPO-NoShield (Sentinel),0.7516881373285539,0.7903124335497745,111.25,250.0,250.0,-0.27487429622122067,0.0
42,pulse,ShieldOnly,0.7463660105935972,0.9001578124174628,103.75000000000001,250.0,251.74999999999997,-0.38254180182386566,264.25
42,pulse,Static,0.7589185841344943,0.8929578529905067,53.49999999999999,250.0,250.0,-0.31253926885601235,0.0
42,pulse,Adaptive,0.7565941174089004,0.8773634590517915,89.25000000000001,250.0,250.0,-0.3350193416428911,0.0
42,pulse,Random,0.7322751081336476,0.8969722581151041,129.25000000000003,250.0,264.24999999999994,-0.4189471499814565,0.0
42,pulse,nscsd,0.7543669157600407,0.7960981985084079,111.00000000000001,250.0,250.0,-0.2777312827483672,252.25
42,pulse,nscsd-final,0.7520799809278382,0.7756461968794144,126.25,250.0,250.0,-0.2748162159515761,252.25
42,pulse,nscsd-tree,0.7543573934557852,0.7961677383719492,111.25,250.0,250.0,-0.278060344916164,0.0
42,pulse,no_shield_discovery,0.7576747676842761,0.8268742160484125,69.49999999999999,250.0,250.0,-0.2636994483641364,252.25
42,pulse,no_shield_discovery-final,0.7555631712179625,0.8038605777831893,90.75000000000001,250.0,250.0,-0.26404740656522685,253.0
42,pulse,no_discovery,0.7473866654446358,0.7324953830943883,147.75,250.0,250.0,-0.2578587176497525,251.5
42,pulse,no_discovery-final,0.7475298194312816,0.7324485947182185,148.25000000000003,250.0,250.0,-0.25816877528693694,251.5
42,pulse,no_elite,0.7407123673008168,0.6894550128113386,163.25000000000003,250.0,250.0,-0.23699264551052182,500.0
42,pulse,no_elite-final,0.7407123673008168,0.6894550128113386,163.25000000000003,250.0,250.0,-0.23699264551052182,500.0
42,pulse,no_anchor,0.7508280415273814,0.7534757072088893,135.0,250.0,250.0,-0.262647665681508,252.25
42,pulse,no_anchor-final,0.7508280415273814,0.7534757072088893,135.0,250.0,250.0,-0.262647665681508,252.25
42,pulse,no_crn,0.756892140726437,0.8248434858828213,82.25000000000001,250.0,250.0,-0.2752013451563844,252.25
42,pulse,no_crn-final,0.755049710979212,0.8104108652683927,98.5,250.0,250.0,-0.2788611542891807,252.25
42,pulse,no_shield,0.7480326947426141,0.7633836597232175,113.99999999999999,250.0,250.0,-0.2543509649806034,0.0
42,pulse,no_shield-final,0.7445837673341964,0.7311838742064356,145.75,250.0,250.0,-0.2573501068722392,0.0
42,pulse,grpo_vanilla,0.7533628837138245,0.8210589506483513,123.75,250.0,250.0,-0.3164460669345268,299.25
42,pulse,grpo_vanilla-final,0.7405620463196074,0.6905065534122603,165.5,250.0,250.0,-0.2404445070926529,500.0
42,pulse,nscsd_safe,0.7496519475275469,0.7921670394821919,146.00000000000003,250.0,250.0,-0.313515091954645,299.25
42,pulse,nscsd_safe-final,0.7476953809334443,0.7759032793057231,158.25,250.0,250.0,-0.3114578983722788,252.25
42,pulse,ppo,0.7606996904344591,0.8761085509221666,19.25,250.0,250.0,-0.2596588604877075,299.25
42,pulse,ppo-final,0.7584958133916431,0.8594922606568858,53.50000000000001,250.0,250.0,-0.2794964472652427,299.25
42,pulse,straddle,0.7629168720191974,0.865947375223145,9.250000000000002,250.0,250.0,-0.23728050320394758,252.25
42,pulse,straddle-final,0.7632965073949676,0.8687525839897592,12.750000000000002,250.0,250.0,-0.2432060765947916,252.25
42,pulse,straddle_nosafe,0.7589212341310531,0.8303467255303296,43.00000000000001,250.0,250.0,-0.23942549139927657,252.25
42,pulse,straddle_nosafe-final,0.7589212341310531,0.8303467255303296,43.00000000000001,250.0,250.0,-0.23942549139927657,252.25
42,pulse,straddle_cgrpo,0.7616965391848308,0.8484637461389175,20.5,250.0,250.0,-0.2322672069540867,252.25
42,pulse,straddle_cgrpo-final,0.7616965391848308,0.8484637461389175,20.5,250.0,250.0,-0.2322672069540867,252.25
42,pulse,maxmc_only,0.7599348355248258,0.8422136933221441,24.500000000000004,250.0,250.0,-0.23177885779731838,252.25
42,pulse,maxmc_only-final,0.7557668536480152,0.8002141119884831,73.75000000000001,250.0,250.0,-0.24319725834046793,252.25
42,pulse,straddle_archive,0.7617892832010555,0.8553800258714247,9.000000000000004,250.0,250.0,-0.22759074267036916,252.25
42,pulse,straddle_archive-final,0.7480468533052345,0.7431940824329474,133.5,250.0,250.0,-0.2536472291277129,252.25
42,polymorph,Sentinel,0.6431860190244361,0.8680830519903717,31.750000000000007,396.0,497.99999999999994,-0.45464703296593567,5.0
42,polymorph,Sentinel-final,0.6118460421793989,0.9452071175590501,86.25,429.0000000000001,500.0,-0.6341110753796513,5.0
42,polymorph,PPO-NoShield (Sentinel),0.6425726495381372,0.8671310419312622,32.00000000000001,396.75000000000006,497.99999999999994,-0.4549333923931251,0.0
42,polymorph,ShieldOnly,0.6241177894445109,0.9181333227839035,82.75000000000001,405.7500000000001,489.50000000000006,-0.5796405333393926,69.5
42,polymorph,Static,0.6731189960872935,0.9356500270165252,3.5000000000000004,364.25,486.74999999999994,-0.44815603092923173,0.0
42,polymorph,Adaptive,0.7069049409154259,0.9877242168659593,1.0,327.00000000000006,468.7499999999999,-0.4453192759505335,0.0
42,polymorph,Random,0.6220061959786042,0.9259213792211389,85.5,402.75,493.2499999999999,-0.5907901832425347,0.0
42,polymorph,nscsd,0.6245153459110139,0.8355113860095026,51.00000000000001,419.00000000000006,500.0,-0.4714960400984887,5.0
42,polymorph,nscsd-final,0.6146998835788755,0.8176384879964234,72.75000000000001,427.74999999999994,500.0,-0.4895636044175478,5.0
42,polymorph,nscsd-tree,0.6246635697503066,0.8358552477522799,50.75,418.75,500.0,-0.4713166780019734,0.0
42,polymorph,no_shield_discovery,0.6369333891932761,0.859262679397655,33.75000000000001,405.75,499.5,-0.45895429020437883,5.0
42,polymorph,no_shield_discovery-final,0.6250142880618939,0.8345945198660326,54.25,419.25,499.5,-0.4734552318041388,5.0
42,polymorph,no_discovery,0.5968666923047568,0.7826487162514095,107.00000000000001,448.2500000000001,500.0,-0.5169070239466528,5.0
42,polymorph,no_discovery-final,0.5966792764368603,0.7818800836702469,107.25,448.5,500.0,-0.5167008072333866,5.0
42,polymorph,no_elite,0.5796694346538099,0.7535424164356176,137.49999999999997,461.25,500.0,-0.5419979817818076,500.0
42,polymorph,no_elite-final,0.5796694346538099,0.7535424164356176,137.49999999999997,461.25,500.0,-0.5419979817818076,500.0
42,polymorph,no_anchor,0.6075286932491327,0.7974619010546212,78.49999999999999,436.75,500.0,-0.4868082078054885,5.0
42,polymorph,no_anchor-final,0.6075286932491327,0.7974619010546212,78.49999999999999,436.75,500.0,-0.4868082078054885,5.0
42,polymorph,no_crn,0.6375418629818626,0.8610226152961097,30.750000000000007,407.50000000000006,499.25,-0.4579807523142472,5.0
42,polymorph,no_crn-final,0.629241969182337,0.8474752201791604,45.50000000000001,416.75000000000006,499.75,-0.47210825099682346,5.0
42,polymorph,no_shield,0.6304383855786796,0.8441896016616068,47.25000000000001,411.99999999999994,499.25,-0.4670012160829272,0.0
42,polymorph,no_shield-final,0.6112554583308973,0.8053854260335133,74.75,432.00000000000006,499.75,-0.48487996770261593,0.0
42,polymorph,grpo_vanilla,0.634314398151908,0.8698503768169413,44.50000000000001,404.24999999999994,499.25,-0.48216097866503327,119.75
42,polymorph,grpo_vanilla-final,0.5758382938688749,0.7492919782586339,143.25000000000003,464.75,500.0,-0.549078684389759,500.0
42,polymorph,nscsd_safe,0.6210136856027233,0.8478288034455735,65.99999999999999,420.5,500.0,-0.5030651178428502,119.75
42,polymorph,nscsd_safe-final,0.6096136431464878,0.8301522627357029,87.5,434.00000000000006,500.0,-0.5250386195892152,5.0
42,polymorph,ppo,0.6584612941432486,0.909527846708704,6.750000000000001,382.25000000000006,497.2499999999999,-0.4489415525654554,119.75
42,polymorph,ppo-final,0.6539673584447441,0.9015949944889083,19.000000000000004,385.25000000000006,496.4999999999999,-0.45925263604416433,119.75
42,polymorph,straddle,0.662098378163831,0.9008600696537179,11.750000000000002,377.50000000000006,494.49999999999994,-0.4392616914898869,5.0
42,polymorph,straddle-final,0.6625749667316048,0.9016495481928757,12.25,376.0,494.7499999999999,-0.4393245814612709,5.0
42,polymorph,straddle_nosafe,0.6441615797492343,0.8671808232452927,22.000000000000004,396.5,498.49999999999994,-0.4432692434960584,5.0
42,polymorph,straddle_nosafe-final,0.6441615797492343,0.8671808232452927,22.000000000000004,396.5,498.49999999999994,-0.4432692434960584,5.0
42,polymorph,straddle_cgrpo,0.6509957606014026,0.8784335678485427,16.500000000000004,388.75,497.75,-0.43831280724714006,5.0
42,polymorph,straddle_cgrpo-final,0.6509957606014026,0.8784335678485427,16.500000000000004,388.75,497.75,-0.43831280724714006,5.0
42,polymorph,maxmc_only,0.6470448380739965,0.8724865798513509,18.750000000000007,392.75,497.99999999999994,-0.44056674177735444,5.0
42,polymorph,maxmc_only-final,0.6271485360343483,0.8331037622660677,41.75,414.5,499.5,-0.45495522623171947,5.0
42,polymorph,straddle_archive,0.6593428388993386,0.8935848015724023,11.000000000000002,379.25000000000006,495.24999999999994,-0.4348669626730637,5.0
42,polymorph,straddle_archive-final,0.6079421807949016,0.8021618916280231,81.00000000000001,434.75000000000006,500.0,-0.49259471083312156,5.0
42,boundary,Sentinel,0.9110695437028825,0.8738664549607374,0.0,0.5,176.75,0.03695308874214506,5.0
42,boundary,Sentinel-final,0.8649039685759352,0.961745788160434,0.0,56.25,311.75,-0.12496681958449878,5.0
42,boundary,PPO-NoShield (Sentinel),0.9106013796182693,0.8729004527367158,0.0,0.5,177.25,0.037450926881553465,0.0
42,boundary,ShieldOnly,0.8755809860652543,0.9181218891624722,3.5000000000000004,67.75,250.0,-0.07991590309721792,64.5
42,boundary,Static,0.9453920159171698,0.9623354474889647,0.0,0.0,133.74999999999997,-0.016943431571794898,0.0
42,boundary,Adaptive,0.9593099100290852,0.9942608930406307,0.0,0.0,99.25,-0.03495098301154553,0.0
42,boundary,Random,0.8675640295168554,0.9267033686843031,3.2500000000000004,79.49999999999999,267.49999999999994,-0.10213933916744773,0.0
42,boundary,nscsd,0.8885758055134503,0.7798068545025238,0.0,5.500000000000001,255.5,0.10601895101092643,7.0
42,boundary,nscsd-final,0.8787924663192717,0.7545290584256563,0.0,10.0,284.5,0.11926340789361534,9.75
42,boundary,nscsd-tree,0.8887344760870572,0.7799265137013024,0.0,5.500000000000001,258.25000000000006,0.10605796238575485,2.0
42,boundary,no_shield_discovery,0.8904160362856516,0.7924755195397901,0.0,1.7499999999999998,267.5,0.09706551674586146,8.75
42,boundary,no_shield_discovery-final,0.881356256396652,0.7663124827217476,0.0,3.75,289.00000000000006,0.11316877367490448,11.5
42,boundary,no_discovery,0.8622799997661742,0.7018663799304288,0.0,20.75,357.50000000000006,0.15003861983574543,12.0
42,boundary,no_discovery-final,0.8607602433733901,0.6979309187407712,0.0,21.5,362.5,0.1520793246326189,13.25
42,boundary,no_elite,0.8470412558414704,0.6691779635172291,0.0,33.00000000000001,391.75000000000006,0.16136329232424124,500.0
42,boundary,no_elite-final,0.8470412558414704,0.6691779635172291,0.0,33.00000000000001,391.75000000000006,0.16136329232424124,500.0
42,boundary,no_anchor,0.8647528205338328,0.7064243272996074,0.0,18.5,365.74999999999994,0.14907849323422548,11.75
42,boundary,no_anchor-final,0.8647528205338328,0.7064243272996074,0.0,18.5,365.74999999999994,0.14907849323422548,11.75
42,boundary,no_crn,0.897033897865019,0.8080722800645515,0.0,3.0,204.75000000000006,0.08746161780046752,43.5
42,boundary,no_crn-final,0.880903875639563,0.7680557296290976,0.0,4.249999999999999,294.50000000000006,0.11072314601046533,10.25
42,boundary,no_shield,0.8789360039851429,0.7516120835861345,0.0,3.75,306.5,0.12544892039900843,0.0
42,boundary,no_shield-final,0.8658928300354454,0.714966817862515,0.0,15.000000000000004,366.75,0.14342601217293033,0.0
42,boundary,grpo_vanilla,0.9082729437827245,0.869903279967345,0.0,1.7499999999999998,176.0,0.03749466381537954,109.75
42,boundary,grpo_vanilla-final,0.8439536929928689,0.6644297511578907,0.0,40.00000000000001,395.25000000000006,0.1595239418349782,500.0
42,boundary,nscsd_safe,0.8928332450843378,0.8053574870193101,0.0,9.5,221.25,0.08272575806502772,60.25
42,boundary,nscsd_safe-final,0.8720208200756889,0.7884366078743709,0.0,18.000000000000004,305.00000000000006,0.07458421220131806,5.25
42,boundary,ppo,0.9219695730516098,0.9036171452452526,0.0,0.0,152.5,0.018352427806357152,109.25
42,boundary,ppo-final,0.9256703749933968,0.9127003401738577,0.0,0.0,150.99999999999997,0.012970034819539067,109.25
42,boundary,straddle,0.9021266075583826,0.8184216551576758,0.0,0.25,208.00000000000003,0.08357995240070674,6.75
42,boundary,straddle-final,0.9002120000371256,0.8132529664670469,0.0,0.25,225.74999999999997,0.08683403357007873,7.0
42,boundary,straddle_nosafe,0.8808851910000864,0.7622367537986988,0.0,2.5,327.0,0.11739843720138762,9.75
42,boundary,straddle_nosafe-final,0.8808851910000864,0.7622367537986988,0.0,2.5,327.0,0.11739843720138762,9.75
42,boundary,straddle_cgrpo,0.8913979538902648,0.7802879721058162,0.0,1.7499999999999998,275.5,0.11023498178444853,6.75
42,boundary,straddle_cgrpo-final,0.8913979538902648,0.7802879721058162,0.0,1.7499999999999998,275.5,0.11023498178444853,6.75
42,boundary,maxmc_only,0.8984051928915046,0.7993257147744932,0.0,0.75,212.25,0.09870447811701134,6.25
42,boundary,maxmc_only-final,0.8783056835641002,0.7423517883004868,0.0,6.0,329.75000000000006,0.13295389526361345,8.25
42,boundary,straddle_archive,0.9108480160194198,0.8339985570725992,0.0,0.25,156.24999999999997,0.0767244589468206,5.5
42,boundary,straddle_archive-final,0.8765615453014084,0.733358834156988,0.0,16.5,275.5,0.1349527111444204,6.75
42,icmp_chaos,Sentinel,0.6969870309361048,0.7621839334819038,22.750000000000004,332.24999999999994,434.99999999999994,-0.254071902545799,243.75
42,icmp_chaos,Sentinel-final,0.6714032827041506,0.8401328339579388,31.750000000000007,359.50000000000006,441.0,-0.3802295512537882,236.0
42,icmp_chaos,PPO-NoShield (Sentinel),0.6695492040309666,0.8804063875325371,50.75,366.25,440.75,-0.4447321835015705,0.0
42,icmp_chaos,ShieldOnly,0.6734675868378457,0.8151263496527248,61.5,351.0,439.00000000000006,-0.3786587628148791,249.25
42,icmp_chaos,Static,0.713696168466348,0.8900783734172764,19.250000000000004,317.5,428.00000000000006,-0.35438220495092837,0.0
42,icmp_chaos,Adaptive,0.7330377588341304,0.9755316331838546,18.500000000000004,297.5,421.5,-0.40974387434972426,0.0
42,icmp_chaos,Random,0.6548219545423613,0.9085283420276447,80.99999999999999,365.74999999999994,439.49999999999994,-0.5175813874852834,0.0
42,icmp_chaos,nscsd,0.6870447278128344,0.715527075275719,24.5,349.5,437.75,-0.22773234746288457,232.0
42,icmp_chaos,nscsd-final,0.6812806272264404,0.6843202848571555,26.500000000000004,355.49999999999994,439.75,-0.20728965763071497,61.25
42,icmp_chaos,nscsd-tree,0.6865420929406002,0.7120806166641835,24.75,350.25,438.5,-0.22541352372358334,189.0
42,icmp_chaos,no_shield_discovery,0.6932126266168737,0.7521306230951407,24.0,344.5,437.0,-0.255167996478267,96.75
42,icmp_chaos,no_shield_discovery-final,0.6861169418798019,0.7067805290901596,26.250000000000004,355.0,439.25000000000006,-0.22441358721035776,58.5
42,icmp_chaos,no_discovery,0.6735714337387204,0.6431604244027898,31.500000000000007,359.75,441.25000000000006,-0.18096399066406935,57.75
42,icmp_chaos,no_discovery-final,0.6736090312457477,0.6430164140791048,31.250000000000007,359.75,441.0,-0.18053238283335715,57.25
42,icmp_chaos,no_elite,0.6607833869021629,0.5858254297332094,49.25,366.0,443.75,-0.15729204283104653,500.0
42,icmp_chaos,no_elite-final,0.6607833869021629,0.5858254297332094,49.25,366.0,443.75,-0.15729204283104653,500.0
42,icmp_chaos,no_anchor,0.6819096774310969,0.6874006117336426,24.5,355.74999999999994,438.5,-0.20786593430254574,86.0
42,icmp_chaos,no_anchor-final,0.6819096774310969,0.6874006117336426,24.5,355.74999999999994,438.5,-0.20786593430254574,86.0
42,icmp_chaos,no_crn,0.6942066379935842,0.7611239090946602,23.25,339.25,436.24999999999994,-0.25979227110107606,219.25
42,icmp_chaos,no_crn-final,0.6900425251220615,0.7409981288849992,24.0,346.24999999999994,437.5,-0.24808060376293758,238.5
42,icmp_chaos,no_shield,0.6549559047471769,0.840511298005169,77.0,392.75,441.25,-0.4589303932579921,0.0
42,icmp_chaos,no_shield-final,0.6308770792156508,0.8387789845326061,95.00000000000001,416.24999999999994,441.25,-0.5110269053169553,0.0
42,icmp_chaos,grpo_vanilla,0.6905127150317605,0.7553610904259644,23.000000000000004,338.99999999999994,438.5,-0.25734837539420397,303.75
42,icmp_chaos,grpo_vanilla-final,0.6580717824971164,0.5794983032357223,54.49999999999999,368.25,444.25,-0.16005152073860587,500.0
42,icmp_chaos,nscsd_safe,0.6839215130705669,0.7267822217161006,24.750000000000004,350.5,440.75,-0.24286070864553372,300.5
42,icmp_chaos,nscsd_safe-final,0.6779155244163991,0.700102886720002,25.750000000000004,356.24999999999994,443.49999999999994,-0.22606236230360283,245.0
42,icmp_chaos,ppo,0.7047732441715382,0.830981139706161,21.750000000000004,323.5,434.5,-0.30970789553462286,303.25
42,icmp_chaos,ppo-final,0.7010519076461958,0.8048631541177371,21.5,325.5,434.99999999999994,-0.2880612464715413,303.25
42,icmp_chaos,straddle,0.7049379070453129,0.7953271052733516,21.5,326.25000000000006,433.75,-0.27501419822803874,236.75
42,icmp_chaos,straddle-final,0.7040399139618251,0.7856070094412926,21.750000000000004,326.99999999999994,434.5,-0.26681709547946747,227.0
42,icmp_chaos,straddle_nosafe,0.7009603564400652,0.7944578507342542,23.000000000000004,341.25,434.25,-0.28712249429418907,244.0
42,icmp_chaos,straddle_nosafe-final,0.7009603564400652,0.7944578507342542,23.000000000000004,341.25,434.25,-0.28712249429418907,244.0
42,icmp_chaos,straddle_cgrpo,0.7043318415095506,0.807040424578213,22.500000000000004,336.0,433.5,-0.2932085830686624,243.25
42,icmp_chaos,straddle_cgrpo-final,0.7043318415095506,0.807040424578213,22.500000000000004,336.0,433.5,-0.2932085830686624,243.25
42,icmp_chaos,maxmc_only,0.7022479669953144,0.805096205582281,23.000000000000004,344.5,434.25,-0.29809823858696655,243.75
42,icmp_chaos,maxmc_only-final,0.6936457542971656,0.7583104363774296,23.25,347.75,435.74999999999994,-0.261789682080264,243.75
42,icmp_chaos,straddle_archive,0.7068762416403104,0.8177148555872712,22.250000000000004,334.75,433.5,-0.3004636139469608,241.5
42,icmp_chaos,straddle_archive-final,0.6781412201302728,0.6626524112306656,29.750000000000007,356.75,440.25,-0.19263619110039287,57.5
43,benign,Sentinel,1.0,0.0,0.0,0.0,0.0,1.0,500.0
43,benign,Sentinel-final,1.0,0.0,0.0,0.0,0.0,1.0,500.0
43,benign,PPO-NoShield (Sentinel),1.0,0.0,0.0,0.0,0.0,1.0,0.0
43,benign,ShieldOnly,1.0,0.0,0.0,0.0,0.0,1.0,473.75
43,benign,Static,1.0,0.0,0.0,0.0,0.0,1.0,0.0
43,benign,Adaptive,1.0,0.0,0.0,0.0,0.0,1.0,0.0
43,benign,Random,0.980450050236515,0.0,0.0,0.0,26.500000000000004,0.980450050236515,0.0
43,benign,nscsd,1.0,0.0,0.0,0.0,0.0,1.0,500.0
43,benign,nscsd-final,1.0,0.0,0.0,0.0,0.0,1.0,500.0
43,benign,nscsd-tree,1.0,0.0,0.0,0.0,0.0,1.0,500.0
43,benign,no_shield_discovery,1.0,0.0,0.0,0.0,0.0,1.0,500.0
43,benign,no_shield_discovery-final,1.0,0.0,0.0,0.0,0.0,1.0,500.0
43,benign,no_discovery,1.0,0.0,0.0,0.0,0.0,1.0,500.0
43,benign,no_discovery-final,1.0,0.0,0.0,0.0,0.0,1.0,500.0
43,benign,no_elite,1.0,0.0,0.0,0.0,0.0,1.0,500.0
43,benign,no_elite-final,1.0,0.0,0.0,0.0,0.0,1.0,500.0
43,benign,no_anchor,1.0,0.0,0.0,0.0,0.0,1.0,500.0
43,benign,no_anchor-final,1.0,0.0,0.0,0.0,0.0,1.0,500.0
43,benign,no_crn,1.0,0.0,0.0,0.0,0.0,1.0,500.0
43,benign,no_crn-final,1.0,0.0,0.0,0.0,0.0,1.0,500.0
43,benign,no_shield,0.9991320496287346,0.0,0.0,0.0,0.0,0.9991320496287346,0.0
43,benign,no_shield-final,0.9991320496287346,0.0,0.0,0.0,0.0,0.9991320496287346,0.0
43,benign,grpo_vanilla,1.0,0.0,0.0,0.0,0.0,1.0,500.0
43,benign,grpo_vanilla-final,1.0,0.0,0.0,0.0,0.0,1.0,500.0
43,benign,nscsd_safe,1.0,0.0,0.0,0.0,0.0,1.0,500.0
43,benign,nscsd_safe-final,1.0,0.0,0.0,0.0,0.0,1.0,500.0
43,benign,ppo,1.0,0.0,0.0,0.0,0.0,1.0,500.0
43,benign,ppo-final,1.0,0.0,0.0,0.0,0.0,1.0,500.0
43,benign,straddle,1.0,0.0,0.0,0.0,0.0,1.0,500.0
43,benign,straddle-final,1.0,0.0,0.0,0.0,0.0,1.0,500.0
43,benign,straddle_nosafe,1.0,0.0,0.0,0.0,0.0,1.0,500.0
43,benign,straddle_nosafe-final,1.0,0.0,0.0,0.0,0.0,1.0,500.0
43,benign,straddle_cgrpo,1.0,0.0,0.0,0.0,0.0,1.0,500.0
43,benign,straddle_cgrpo-final,1.0,0.0,0.0,0.0,0.0,1.0,500.0
43,benign,maxmc_only,1.0,0.0,0.0,0.0,0.0,1.0,500.0
43,benign,maxmc_only-final,1.0,0.0,0.0,0.0,0.0,1.0,500.0
43,benign,straddle_archive,1.0,0.0,0.0,0.0,0.0,1.0,500.0
43,benign,straddle_archive-final,1.0,0.0,0.0,0.0,0.0,1.0,500.0
43,mild,Sentinel,0.995218950795206,0.9897760784536274,0.0,0.0,0.0,0.005442872341578586,366.0
43,mild,Sentinel-final,0.9962115195931378,0.9922432920461048,0.0,0.0,0.0,0.003968227547032965,366.0
43,mild,PPO-NoShield (Sentinel),0.9945665851042624,0.9880194639999835,0.0,0.0,0.0,0.006547121104278908,0.0
43,mild,ShieldOnly,0.9800763213821966,0.9817120948245959,0.75,10.249999999999998,34.50000000000001,-0.00751077344239929,366.5
43,mild,Static,1.0,1.0,0.0,0.0,0.0,0.0,0.0
43,mild,Adaptive,0.9994465965260145,0.9983689768832935,0.0,0.0,0.25,0.0010776196427210172,0.0
43,mild,Random,0.9354090868114673,0.9647882663666115,2.0,44.25,121.24999999999997,-0.05350417955514424,0.0
43,mild,nscsd,0.9721212123003047,0.9084686505272691,0.0,0.0,20.5,0.06365256177303558,163.0
43,mild,nscsd-final,0.9645661754597935,0.8942363682887867,0.0,0.0,29.250000000000004,0.07032980717100679,163.75
43,mild,nscsd-tree,0.9723573377398033,0.9071328023215202,0.0,0.0,15.5,0.0652245354182831,161.5
43,mild,no_shield_discovery,0.9799715353751189,0.9405687210886222,0.0,0.0,29.000000000000004,0.03940281428649672,370.5
43,mild,no_shield_discovery-final,0.9826579513122615,0.9457819763239309,0.0,0.0,20.25,0.03687597498833062,369.75
43,mild,no_discovery,0.9695564191062657,0.9110375148670686,0.0,0.0,21.0,0.058518904239197034,262.25
43,mild,no_discovery-final,0.9706387864491143,0.9108023072202147,0.0,0.0,24.5,0.059836479228899564,262.75
43,mild,no_elite,0.9423435641516905,0.8578732851765529,0.0,1.5,82.75,0.08372027897513759,371.5
43,mild,no_elite-final,0.9303196937080257,0.8396536414532262,0.0,1.0,139.99999999999997,0.09016605225479951,436.5
43,mild,no_anchor,0.9659374253440796,0.8973930999647445,0.0,0.0,23.000000000000004,0.06854432537933508,144.5
43,mild,no_anchor-final,0.9659374253440796,0.8973930999647445,0.0,0.0,23.000000000000004,0.06854432537933508,144.5
43,mild,no_crn,0.9576638959202993,0.8850810319874617,0.0,0.0,61.5,0.07258286393283764,220.25
43,mild,no_crn-final,0.9661396479712112,0.9066454405869674,0.0,0.0,22.25,0.059494207384243825,219.75
43,mild,no_shield,0.9406688647317107,0.8469644115736393,0.0,0.0,77.99999999999999,0.09370445315807141,0.0
43,mild,no_shield-final,0.9406688647317107,0.8469644115736393,0.0,0.0,77.99999999999999,0.09370445315807141,0.0
43,mild,grpo_vanilla,0.9767889235128223,0.9306314629302394,0.0,0.0,42.0,0.046157460582582965,500.0
43,mild,grpo_vanilla-final,0.9721854676798423,0.9223699228321214,0.0,0.0,57.49999999999999,0.04981554484772088,500.0
43,mild,nscsd_safe,0.9912318871051686,0.9697612641986083,0.0,0.0,1.0,0.02147062290656032,367.5
43,mild,nscsd_safe-final,0.9870244459108279,0.9595787338667634,0.0,0.0,4.75,0.02744571204406454,398.5
43,mild,ppo,0.9963446465819679,0.9904771683455598,0.0,0.0,0.0,0.005867478236408097,415.25
43,mild,ppo-final,0.9908024857809681,0.9767511706781598,0.0,0.0,0.0,0.014051315102808326,415.25
43,mild,straddle,0.9857636882544428,0.948799224985456,0.0,0.0,1.5,0.036964463268986836,313.5
43,mild,straddle-final,0.981996824512881,0.9361998069446003,0.0,0.0,8.500000000000002,0.045797017568280696,314.5
43,mild,straddle_nosafe,0.9852906469898708,0.9533127294662194,0.0,0.0,10.0,0.03197791752365142,367.25
43,mild,straddle_nosafe-final,0.9802077356802531,0.935464670983596,0.0,0.0,25.750000000000004,0.04474306469665712,367.25
43,mild,straddle_cgrpo,0.9695810746311807,0.9056492536263523,0.0,0.0,24.0,0.06393182100482842,250.25
43,mild,straddle_cgrpo-final,0.9695810746311807,0.9056492536263523,0.0,0.0,24.0,0.06393182100482842,250.25
43,mild,maxmc_only,0.9650844984807959,0.8954607300442301,0.0,0.0,28.500000000000004,0.06962376843656581,191.0
43,mild,maxmc_only-final,0.9677539367917403,0.9022635875554043,0.0,0.0,24.25,0.06549034923633601,191.0
43,mild,straddle_archive,0.992484088790839,0.973500949277704,0.0,0.0,1.0,0.018983139513135017,416.25
43,mild,straddle_archive-final,0.9863315600084505,0.9587246919215893,0.0,0.0,10.0,0.02760686808686119,415.25
43,strong,Sentinel,0.5110285345415915,0.8713205132373061,170.99999999999997,500.0,500.0,-0.7812919786957147,5.0
43,strong,Sentinel-final,0.5124386597199366,0.8761663289707421,161.50000000000003,500.0,500.0,-0.7752276692508056,5.0
43,strong,PPO-NoShield (Sentinel),0.51069135491189,0.8701515248479164,172.5,500.0,500.0,-0.7819601699360264,0.0
43,strong,ShieldOnly,0.48890269577468387,0.8736012127811265,246.5,500.0,500.0,-0.8811985170064426,62.25
43,strong,Static,0.5181459197981588,0.8915226770725418,128.0,500.0,500.0,-0.751376757274383,0.0
43,strong,Adaptive,0.5484000999838501,0.9783115776130351,2.9999999999999996,500.0,500.0,-0.682911477629185,0.0
43,strong,Random,0.48363509188426157,0.895303015510286,256.99999999999994,500.0,500.0,-0.9186679236260245,0.0
43,strong,nscsd,0.4980501619379366,0.6850192180604917,229.74999999999997,500.0,500.0,-0.6667190561225551,7.0
43,strong,nscsd-final,0.4841853291701746,0.6374761129612129,333.5,500.0,500.0,-0.7367907837910384,8.0
43,strong,nscsd-tree,0.49781803274553243,0.685653741988379,234.74999999999997,500.0,500.0,-0.6725857092428466,5.0
43,strong,no_shield_discovery,0.5040329174325305,0.7373013085233693,205.25000000000003,500.0,500.0,-0.6885183910908388,6.75
43,strong,no_shield_discovery-final,0.4863824831116304,0.6521202665265818,323.75,500.0,500.0,-0.7394877834149514,8.25
43,strong,no_discovery,0.48345094198018285,0.6459094454676026,329.0,500.0,500.0,-0.7414585034874198,9.75
43,strong,no_discovery-final,0.4825751049366784,0.6458344240041973,338.5,500.0,500.0,-0.7517593190675189,13.5
43,strong,no_elite,0.481454427494919,0.6466055215189075,339.99999999999994,500.0,500.0,-0.7551510940239885,477.0
43,strong,no_elite-final,0.48733981634911805,0.6708815174562057,338.0,500.0,500.0,-0.7715417011070878,242.5
43,strong,no_anchor,0.50016081769275,0.700474709137522,226.5,500.0,500.0,-0.676813891444772,6.25
43,strong,no_anchor-final,0.50016081769275,0.700474709137522,226.5,500.0,500.0,-0.676813891444772,6.25
43,strong,no_crn,0.4767381848918924,0.6262817310064472,351.00000000000006,500.0,500.0,-0.7505435461145549,27.25
43,strong,no_crn-final,0.47654709290270886,0.6256642925498724,351.25000000000006,500.0,500.0,-0.7503671996471637,16.0
43,strong,no_shield,0.4761357301440716,0.6086731470950489,357.25,500.0,500.0,-0.7397874169509773,0.0
43,strong,no_shield-final,0.4761357301440716,0.6086731470950489,357.25,500.0,500.0,-0.7397874169509773,0.0
43,strong,grpo_vanilla,0.47333943124440375,0.613675754642969,363.00000000000006,500.0,500.0,-0.7533363233985653,500.0
43,strong,grpo_vanilla-final,0.4680531918626004,0.6031160452065413,381.25,500.0,500.0,-0.7663128533439408,500.0
43,strong,nscsd_safe,0.5135653156815849,0.7870258041419572,113.74999999999999,500.0,500.0,-0.6372104884603723,5.0
43,strong,nscsd_safe-final,0.5087101755581402,0.7623695579977242,173.50000000000003,500.0,500.0,-0.677159382439584,106.5
43,strong,ppo,0.5206584178002285,0.8532787542824319,18.250000000000007,500.0,500.0,-0.6008703364822034,106.5
43,strong,ppo-final,0.5022143814660504,0.7751712899744356,236.0,500.0,500.0,-0.7589569085083853,106.5
43,strong,straddle,0.5190430089280518,0.8000547969771439,48.25,500.0,500.0,-0.5792617880490921,5.0
43,strong,straddle-final,0.5124786937098718,0.770610107946438,122.74999999999999,500.0,500.0,-0.6308814142365662,5.0
43,strong,straddle_nosafe,0.5033298731477645,0.7582301781839561,219.00000000000003,500.0,500.0,-0.7239003050361916,5.0
43,strong,straddle_nosafe-final,0.4926677881218162,0.6759558367598266,266.9999999999999,500.0,500.0,-0.7002880486380103,5.0
43,strong,straddle_cgrpo,0.5155555065835706,0.8003978210859719,55.00000000000001,500.0,500.0,-0.5898423145024012,5.0
43,strong,straddle_cgrpo-final,0.5155555065835706,0.8003978210859719,55.00000000000001,500.0,500.0,-0.5898423145024012,5.0
43,strong,maxmc_only,0.5094054534546799,0.75274765433946,164.75,500.0,500.0,-0.65809220088478,5.0
43,strong,maxmc_only-final,0.5042205346520423,0.729085606690093,235.25000000000003,500.0,500.0,-0.7101150720380507,5.0
43,strong,straddle_archive,0.5141632844691673,0.786401411660413,101.24999999999999,500.0,500.0,-0.6234881271912458,106.5
43,strong,straddle_archive-final,0.49578810925028965,0.6948147737623912,244.0,500.0,500.0,-0.6930266645121015,106.5
43,chaos,Sentinel,0.8312565503781526,0.9168450067673156,12.25,184.25,251.0,-0.189963456389163,160.5
43,chaos,Sentinel-final,0.8332300180928172,0.9212956390020313,11.500000000000002,180.25,248.75000000000003,-0.1896906209092141,160.5
43,chaos,PPO-NoShield (Sentinel),0.8300005814323296,0.9131637333180391,12.5,184.75,253.24999999999997,-0.18803815188570955,0.0
43,chaos,ShieldOnly,0.8062064085841314,0.9210538901134854,28.750000000000004,206.00000000000003,278.25,-0.24659748152935398,201.25
43,chaos,Static,0.8447112580683687,0.9421455421838342,8.75,168.74999999999997,241.25000000000003,-0.19055928411546552,0.0
43,chaos,Adaptive,0.8570680711751233,0.9752146808950457,6.25,159.74999999999997,240.5,-0.20427160971992242,0.0
43,chaos,Random,0.7920364010114633,0.9252315823833502,39.5,210.75000000000006,299.50000000000006,-0.27807018137188694,0.0
43,chaos,nscsd,0.8128620813832136,0.8030369748925569,12.0,190.0,275.0,-0.09717489350934329,129.25
43,chaos,nscsd-final,0.7958164621100179,0.7619248407926766,17.5,209.0,299.00000000000006,-0.08810837868265875,130.0
43,chaos,nscsd-tree,0.8129439366219329,0.8047739487619123,13.500000000000002,189.49999999999997,272.25,-0.10008001213997944,125.25
43,chaos,no_shield_discovery,0.8173804224264896,0.8395575710195354,12.5,186.75,287.74999999999994,-0.12805214859304587,165.0
43,chaos,no_shield_discovery-final,0.8015596609763515,0.7833244428964494,17.25,205.25,296.74999999999994,-0.10163978192009797,166.5
43,chaos,no_discovery,0.7962732177776072,0.7718253340974719,17.750000000000004,205.25,307.75,-0.09592711631986471,159.0
43,chaos,no_discovery-final,0.7966663551411858,0.7714101287553161,17.5,206.24999999999997,307.99999999999994,-0.09536877361413032,158.5
43,chaos,no_elite,0.7922598895501395,0.760652888660595,18.250000000000004,202.49999999999997,315.25,-0.0878929991104555,444.5
43,chaos,no_elite-final,0.7943480709673257,0.7698903860584971,18.0,197.75,316.75,-0.0924173150911714,313.25
43,chaos,no_anchor,0.8107686240139579,0.8038642438374204,12.750000000000002,187.75,284.5,-0.0997206198234625,120.0
43,chaos,no_anchor-final,0.8107686240139579,0.8038642438374204,12.750000000000002,187.75,284.5,-0.0997206198234625,120.0
43,chaos,no_crn,0.7886812666727604,0.7504834032326186,17.750000000000004,217.74999999999997,310.74999999999994,-0.08842713655985823,157.5
43,chaos,no_crn-final,0.7908095569041511,0.7561728774155626,17.750000000000004,217.74999999999997,308.5,-0.09198832051141148,151.5
43,chaos,no_shield,0.7806667356904845,0.7207518726538207,19.0,224.00000000000003,311.00000000000006,-0.0710851369633362,0.0
43,chaos,no_shield-final,0.7806667356904845,0.7207518726538207,19.0,224.00000000000003,311.00000000000006,-0.0710851369633362,0.0
43,chaos,grpo_vanilla,0.7892179498162833,0.7506519594903379,17.750000000000004,220.24999999999997,310.25,-0.08930900967405456,500.0
43,chaos,grpo_vanilla-final,0.7819439130172159,0.7372001519021116,20.5,228.74999999999994,313.75000000000006,-0.09013123888489573,500.0
43,chaos,nscsd_safe,0.829698630669775,0.8797471446291822,12.25,178.5,251.5000000000001,-0.15154851395940722,163.75
43,chaos,nscsd_safe-final,0.8234856744415484,0.861488953729786,14.500000000000002,182.5,265.25,-0.14375327928823756,241.0
43,chaos,ppo,0.8359909906561868,0.9201723906423961,11.000000000000002,174.0,245.99999999999994,-0.1821813999862093,248.5
43,chaos,ppo-final,0.8204119482902582,0.8732853332542911,16.75,186.0,262.50000000000006,-0.16262338496403295,249.75
43,chaos,straddle,0.8280563476503158,0.8682103891580317,10.75,176.25,260.49999999999994,-0.13902904150771594,155.75
43,chaos,straddle-final,0.8209974861556505,0.8466353736866971,13.750000000000002,180.5,272.5,-0.12963788753104655,156.5
43,chaos,straddle_nosafe,0.814929433873178,0.8456028283655599,17.0,187.49999999999997,276.7500000000001,-0.14142339449238192,169.5
43,chaos,straddle_nosafe-final,0.8013570889011297,0.7851265820168749,17.750000000000004,194.49999999999997,296.25,-0.09876949311574523,162.75
43,chaos,straddle_cgrpo,0.8200273645714018,0.8557255912977222,12.5,178.49999999999997,284.50000000000006,-0.13744822672632037,159.75
43,chaos,straddle_cgrpo-final,0.8200273645714018,0.8557255912977222,12.5,178.49999999999997,284.50000000000006,-0.13744822672632037,159.75
43,chaos,maxmc_only,0.8126801595968021,0.8225064483348623,16.0,182.25,290.00000000000006,-0.11695128873806024,142.5
43,chaos,maxmc_only-final,0.8099292423569441,0.8128125500475392,17.5,185.0,294.00000000000006,-0.11288330769059508,142.0
43,chaos,straddle_archive,0.8312712064261184,0.8819796716144579,10.5,177.0,249.00000000000003,-0.1497084651883395,247.0
43,chaos,straddle_archive-final,0.8089685957182005,0.8098296080657447,17.25,192.5,279.2500000000001,-0.11436101234754421,242.5
43,icmp,Sentinel,0.5307579710699046,0.7534690667862705,0.5,500.0,500.0,-0.4732110957163658,500.0
43,icmp,Sentinel-final,0.5307587852037093,0.7534776156064114,0.5,500.0,500.0,-0.473218830402702,500.0
43,icmp,PPO-NoShield (Sentinel),0.5322897566026258,0.7686466140477828,0.0,500.0,500.0,-0.486356857445157,0.0
43,icmp,ShieldOnly,0.5043107740831307,0.6773045677200253,158.75,500.0,500.0,-0.5817437936368945,445.5
43,icmp,Static,0.5363360275372995,0.8087958757031537,0.0,500.0,500.0,-0.5224598481658542,0.0
43,icmp,Adaptive,0.5517546722210033,0.9620797333841933,1.0,500.0,500.0,-0.66132506116319,0.0
43,icmp,Random,0.47570552528330123,0.9154145655219124,274.75,500.0,500.0,-0.9644590402386111,0.0
43,icmp,nscsd,0.508563563184283,0.5323798471851743,188.0,500.0,500.0,-0.4618162840008913,6.0
43,icmp,nscsd-final,0.5069582738683234,0.5163033420357369,205.25000000000003,500.0,500.0,-0.4645950681674136,7.25
43,icmp,nscsd-tree,0.5073036230403107,0.5329369272342479,194.24999999999997,500.0,500.0,-0.46988330419393715,499.75
43,icmp,no_shield_discovery,0.5125746193125401,0.5742644640417913,141.25000000000003,500.0,500.0,-0.4529398447292512,5.0
43,icmp,no_shield_discovery-final,0.508047825393749,0.5279311968054898,193.74999999999997,500.0,500.0,-0.46363337141174077,7.75
43,icmp,no_discovery,0.508244936837968,0.5297817437554075,190.5,500.0,500.0,-0.46203680691743954,34.5
43,icmp,no_discovery-final,0.5078099449619499,0.5265928348499915,195.75,500.0,500.0,-0.46453288988804164,5.0
43,icmp,no_elite,0.5071935016221124,0.5198547296741654,202.75000000000003,500.0,500.0,-0.465411228052053,500.0
43,icmp,no_elite-final,0.5073619905078334,0.5215511572404877,200.75000000000003,500.0,500.0,-0.4649391667326544,73.0
43,icmp,no_anchor,0.5093632980465717,0.5406655017652939,178.5,500.0,500.0,-0.45980220371872227,5.0
43,icmp,no_anchor-final,0.5093632980465717,0.5406655017652939,178.5,500.0,500.0,-0.45980220371872227,5.0
43,icmp,no_crn,0.5049077973484082,0.49677494698580527,220.75,500.0,500.0,-0.4626171496373971,19.0
43,icmp,no_crn-final,0.504921020143857,0.4971688538676299,221.75000000000003,500.0,500.0,-0.4639978337237729,7.75
43,icmp,no_shield,0.38972044715429355,0.996764441756081,497.49999999999994,500.0,500.0,-1.3545439946017874,0.0
43,icmp,no_shield-final,0.38972044715429355,0.996764441756081,497.49999999999994,500.0,500.0,-1.3545439946017874,0.0
43,icmp,grpo_vanilla,0.5030347994757005,0.4807553653893318,236.00000000000006,500.0,500.0,-0.4637205659136313,500.0
43,icmp,grpo_vanilla-final,0.4996949632495526,0.4614892666620857,260.00000000000006,500.0,500.0,-0.47179430341253314,500.0
43,icmp,nscsd_safe,0.5237036935640942,0.6837253114096221,21.25,500.0,500.0,-0.4312716178455279,500.0
43,icmp,nscsd_safe-final,0.5217367295964066,0.6644808587556384,40.5,500.0,500.0,-0.43324412915923183,500.0
43,icmp,ppo,0.5306506248780313,0.7539586550029208,0.5,500.0,500.0,-0.47380803012488953,500.0
43,icmp,ppo-final,0.522324574373233,0.6695232478676023,34.5,500.0,500.0,-0.4316986734943693,500.0
43,icmp,straddle,0.522651096286033,0.6720094362374134,32.5,500.0,500.0,-0.43185833995138034,499.0
43,icmp,straddle-final,0.5216896104181441,0.6609691199226879,38.00000000000001,500.0,500.0,-0.42727950950454385,485.0
43,icmp,straddle_nosafe,0.522768272146328,0.6731810428909653,28.750000000000007,500.0,500.0,-0.4291627707446372,500.0
43,icmp,straddle_nosafe-final,0.5154232128572379,0.5992657363584637,108.74999999999999,500.0,500.0,-0.4425925235012258,5.0
43,icmp,straddle_cgrpo,0.5304684418439888,0.7505071863363679,0.5,500.0,500.0,-0.47053874449237915,500.0
43,icmp,straddle_cgrpo-final,0.5304684418439888,0.7505071863363679,0.5,500.0,500.0,-0.47053874449237915,500.0
43,icmp,maxmc_only,0.5258267296978525,0.7035837015524504,9.25,500.0,500.0,-0.4370069718545979,500.0
43,icmp,maxmc_only-final,0.5227807743682953,0.6732938215364764,30.25,500.0,500.0,-0.43076304716818115,500.0
43,icmp,straddle_archive,0.5232030746192925,0.6794006384086126,28.999999999999996,500.0,500.0,-0.4351975637893202,500.0
43,icmp,straddle_archive-final,0.5155554599399329,0.600480097778018,107.74999999999999,500.0,500.0,-0.44267463783808514,499.25
43,pulse,Sentinel,0.7584102572543636,0.8948006565162613,68.75,250.0,250.0,-0.33014039926189764,252.5
43,pulse,Sentinel-final,0.7590005266090314,0.898662649578011,64.00000000000001,250.0,250.0,-0.3286621229689796,252.5
43,pulse,PPO-NoShield (Sentinel),0.7545531254891551,0.8740020638553464,87.50000000000001,250.0,250.0,-0.3319489383661913,0.0
43,pulse,ShieldOnly,0.7473614075821848,0.9010907548041514,99.0,250.0,254.0,-0.3777293472219665,264.0
43,pulse,Static,0.7584170039785427,0.894986585693171,68.5,250.0,250.0,-0.3300695817146283,0.0
43,pulse,Adaptive,0.755704279898389,0.8806249663030806,88.25000000000003,250.0,250.0,-0.3381706864046917,0.0
43,pulse,Random,0.7323152808280793,0.8897005709821059,133.0,250.0,263.99999999999994,-0.4153852901540266,0.0
43,pulse,nscsd,0.7515839792107453,0.7368253813196401,123.00000000000003,250.0,250.0,-0.2332414021088949,253.5
43,pulse,nscsd-final,0.7476709467202747,0.7092466496347869,156.0,250.0,250.0,-0.24257570291451222,253.75
43,pulse,nscsd-tree,0.751869418810259,0.7371521321522507,130.0,250.0,250.0,-0.2402827133419917,252.5
43,pulse,no_shield_discovery,0.7540434159012905,0.769554609142344,109.75000000000001,250.0,250.0,-0.25026119324105345,253.25
43,pulse,no_shield_discovery-final,0.7478947020373788,0.7159401156588183,153.00000000000003,250.0,250.0,-0.2460454136214395,254.0
43,pulse,no_discovery,0.7452387017377375,0.700410538480028,158.25,250.0,250.0,-0.23842183674229045,254.25
43,pulse,no_discovery-final,0.7446539285420254,0.6964563658383408,160.75,250.0,250.0,-0.23755243729631542,255.25
43,pulse,no_elite,0.7459399317688773,0.705935173445074,156.50000000000003,250.0,250.0,-0.24149524167619668,477.5
43,pulse,no_elite-final,0.7478309479483866,0.7186973826986376,156.0,250.0,250.0,-0.25186643475025106,379.75
43,pulse,no_anchor,0.7526938041597445,0.7443747337436692,121.50000000000001,250.0,250.0,-0.23818092958392473,253.0
43,pulse,no_anchor-final,0.7526938041597445,0.7443747337436692,121.50000000000001,250.0,250.0,-0.23818092958392473,253.0
43,pulse,no_crn,0.7444359915855309,0.692745438811992,160.75,250.0,250.0,-0.23405944722646116,268.5
43,pulse,no_crn-final,0.7443525059214915,0.6918486897303312,161.0,250.0,250.0,-0.2334961838088397,256.0
43,pulse,no_shield,0.7344667698488518,0.6346677109610288,208.00000000000003,250.0,250.0,-0.23320094111217698,0.0
43,pulse,no_shield-final,0.7344667698488518,0.6346677109610288,208.00000000000003,250.0,250.0,-0.23320094111217698,0.0
43,pulse,grpo_vanilla,0.743668060409236,0.6836387425296835,164.25,250.0,250.0,-0.22922068212044744,500.0
43,pulse,grpo_vanilla-final,0.7411888548505655,0.675399109522962,170.24999999999997,250.0,250.0,-0.22946025467239647,500.0
43,pulse,nscsd_safe,0.7592515048883435,0.8222894475500254,43.75,250.0,250.0,-0.23178794266168196,252.5
43,pulse,nscsd_safe-final,0.7570701701029792,0.8015161260842086,72.25000000000001,250.0,250.0,-0.24169595598122948,307.0
43,pulse,ppo,0.7624367728923753,0.8788389798491801,6.750000000000001,250.0,250.0,-0.24815220695680482,307.0
43,pulse,ppo-final,0.7549378932837362,0.8160007444287725,101.5,250.0,250.0,-0.28756285114503627,307.0
43,pulse,straddle,0.7612223818205208,0.8275053393548353,27.000000000000004,250.0,250.0,-0.21828295753431445,252.5
43,pulse,straddle-final,0.7586812808843766,0.8048566810898359,51.25000000000001,250.0,250.0,-0.2224254002054593,252.5
43,pulse,straddle_nosafe,0.7558228504262337,0.7977903307394486,80.99999999999999,250.0,250.0,-0.24796748031321494,252.5
43,pulse,straddle_nosafe-final,0.7507446482991672,0.7357111596507735,121.00000000000003,250.0,250.0,-0.2309665113516063,252.5
43,pulse,straddle_cgrpo,0.759241724047665,0.8190929604951466,27.750000000000007,250.0,250.0,-0.21260123644748158,252.5
43,pulse,straddle_cgrpo-final,0.759241724047665,0.8190929604951466,27.750000000000007,250.0,250.0,-0.21260123644748158,252.5
43,pulse,maxmc_only,0.7560622869670819,0.7838910359848413,77.25000000000001,250.0,250.0,-0.23007874901775946,252.5
43,pulse,maxmc_only-final,0.7541813757590502,0.7679145680087045,102.00000000000001,250.0,250.0,-0.2407331922496543,252.5
43,pulse,straddle_archive,0.759353883490083,0.8216771252300312,45.5,250.0,250.0,-0.23282324173994817,307.0
43,pulse,straddle_archive-final,0.752231015325893,0.7548388214024007,108.25,250.0,250.0,-0.2358578060765077,307.0
43,polymorph,Sentinel,0.6614961171352425,0.9136896356553953,9.5,379.0,495.24999999999983,-0.4511935185201528,5.0
43,polymorph,Sentinel-final,0.6640378256666032,0.9176427866690959,8.5,375.0,495.24999999999983,-0.44960496100249275,5.0
43,polymorph,PPO-NoShield (Sentinel),0.6610346631993679,0.9129737635128781,9.5,379.75,495.74999999999983,-0.45131410031351016,0.0
43,polymorph,ShieldOnly,0.6285375412163431,0.9211561637116581,75.0,403.25,489.49999999999994,-0.569243622495315,70.25
43,polymorph,Static,0.6771739890692553,0.9359121355042742,2.2500000000000004,357.0,485.99999999999994,-0.4394881464350189,0.0
43,polymorph,Adaptive,0.7111146205088958,0.9877297607945446,0.25,320.25000000000006,469.25,-0.4369901402856487,0.0
43,polymorph,Random,0.6289973972134071,0.9289670577319127,74.00000000000001,399.00000000000006,491.49999999999994,-0.5734696605185057,0.0
43,polymorph,nscsd,0.6119065935679217,0.796106917112616,82.5,434.25,498.74999999999994,-0.48382532354469443,5.0
43,polymorph,nscsd-final,0.5981373677434927,0.7764002649400366,101.25000000000001,450.4999999999999,499.5,-0.5047628971965439,5.0
43,polymorph,nscsd-tree,0.614544506458298,0.7983944301544447,75.25000000000001,431.00000000000006,498.99999999999994,-0.4745999236961468,5.0
43,polymorph,no_shield_discovery,0.6287550924703454,0.8278499975945308,49.00000000000001,416.75000000000006,498.74999999999994,-0.4564699051241854,5.0
43,polymorph,no_shield_discovery-final,0.6018739387813261,0.7832242395957311,93.25000000000001,448.25,499.5,-0.4987253008144049,5.0
43,polymorph,no_discovery,0.6005988277604389,0.7813154994667917,95.0,447.74999999999994,500.0,-0.49959167170635266,5.0
43,polymorph,no_discovery-final,0.5986959116354398,0.7760197603706827,98.24999999999999,449.9999999999999,500.0,-0.5005738487352428,5.25
43,polymorph,no_elite,0.603544410094389,0.7849669473931027,96.99999999999999,443.49999999999994,499.75,-0.5001725372987137,490.75
43,polymorph,no_elite-final,0.6089595293096549,0.7916217411256263,87.5,437.75,499.5,-0.48903721181597143,247.75
43,polymorph,no_anchor,0.6157231559991574,0.8010391275062234,73.75000000000001,432.00000000000006,498.99999999999994,-0.47506597150706603,5.0
43,polymorph,no_anchor-final,0.6157231559991574,0.8010391275062234,73.75000000000001,432.00000000000006,498.99999999999994,-0.47506597150706603,5.0
43,polymorph,no_crn,0.5912895290452065,0.7648449747725029,108.74999999999999,454.4999999999999,499.5,-0.5095554457272964,38.0
43,polymorph,no_crn-final,0.5913531622546173,0.7649892531658994,109.25000000000003,454.4999999999999,499.5,-0.510136090911282,5.0
43,polymorph,no_shield,0.5866211312718973,0.7589605034630741,114.00000000000001,458.2499999999999,500.0,-0.5154643721911767,0.0
43,polymorph,no_shield-final,0.5866211312718973,0.7589605034630741,114.00000000000001,458.2499999999999,500.0,-0.5154643721911767,0.0
43,polymorph,grpo_vanilla,0.5872172901198788,0.7572883216019409,115.00000000000001,456.24999999999994,499.5,-0.513196031482062,500.0
43,polymorph,grpo_vanilla-final,0.5782280884048576,0.7457968487247223,130.74999999999997,465.9999999999999,499.5,-0.5313187603198646,500.0
43,polymorph,nscsd_safe,0.6539412212988313,0.8781671720552409,15.500000000000004,385.0,496.5,-0.4322259507564096,5.5
43,polymorph,nscsd_safe-final,0.643438261027775,0.8583020163416709,32.5,401.49999999999994,497.99999999999994,-0.44811375531389586,124.25
43,polymorph,ppo,0.6675856614468988,0.9182409552724226,5.5,363.50000000000006,494.25000000000006,-0.4379052938255238,124.25
43,polymorph,ppo-final,0.6390151462440058,0.8722872073442746,35.25,404.99999999999994,499.5,-0.4710220611002688,124.25
43,polymorph,straddle,0.6541318788067393,0.871013236456414,23.500000000000004,379.5,494.74999999999994,-0.43013135764967475,5.0
43,polymorph,straddle-final,0.6425937910072383,0.850640973683283,35.500000000000014,396.75,497.75,-0.4419221826760446,5.0
43,polymorph,straddle_nosafe,0.6352745105294029,0.8540293918497817,41.25,413.75,499.5,-0.46687988132037883,5.0
43,polymorph,straddle_nosafe-final,0.6110418474623649,0.7974253885786013,79.5,438.5,499.5,-0.48513354111623647,5.0
43,polymorph,straddle_cgrpo,0.6484436168417334,0.8659548637176219,24.0,389.5,498.74999999999994,-0.4362612468758885,5.0
43,polymorph,straddle_cgrpo-final,0.6484436168417334,0.8659548637176219,24.0,389.5,498.74999999999994,-0.4362612468758885,5.0
43,polymorph,maxmc_only,0.6341880254533976,0.8386678558698566,41.5,410.75,499.25,-0.451354830416459,5.0
43,polymorph,maxmc_only-final,0.6279351125394188,0.8272931585650303,50.25,418.25,499.5,-0.4587330460256115,5.0
43,polymorph,straddle_archive,0.6535363330755295,0.8762201078190459,21.5,387.0,494.2499999999999,-0.4376837747435164,124.25
43,polymorph,straddle_archive-final,0.6204141012177898,0.8158586536936985,64.75,425.0,499.25,-0.47269455247590864,124.25
43,boundary,Sentinel,0.9168461238949561,0.9139270673557197,0.0,0.0,166.0,0.0029190565392364087,5.0
43,boundary,Sentinel-final,0.9200865151634421,0.9204110619840729,0.0,0.0,161.50000000000003,-0.0003245468206307667,5.0
43,boundary,PPO-NoShield (Sentinel),0.9164890327430376,0.9132747189099364,0.0,0.0,166.5,0.0032143138331012233,0.0
43,boundary,ShieldOnly,0.874279739696403,0.912163177121361,2.4999999999999996,70.0,256.5,-0.07538343742495793,83.0
43,boundary,Static,0.9441092216585927,0.9642777001507048,0.0,0.0,123.74999999999999,-0.02016847849211212,0.0
43,boundary,Adaptive,0.9602564743982624,0.9948699863602821,0.0,0.0,84.0,-0.03461351196201967,0.0
43,boundary,Random,0.8694690499418541,0.933491039631142,4.0,73.75000000000001,257.0,-0.10489698968928786,0.0
43,boundary,nscsd,0.8837148697024672,0.7374506302328167,0.0,16.250000000000004,281.75,0.1381392394696505,10.25
43,boundary,nscsd-final,0.8650614788902589,0.7020438131880813,0.0,19.0,355.25,0.15351766570217756,12.0
43,boundary,nscsd-tree,0.8846572709489162,0.7381979735151563,0.0,15.250000000000004,277.99999999999994,0.13883429743375997,5.5
43,boundary,no_shield_discovery,0.8833508982205291,0.7599950942028653,0.0,4.75,296.25,0.12098080401766388,13.75
43,boundary,no_shield_discovery-final,0.8675989350059041,0.7174169861202231,0.0,14.500000000000002,354.5,0.14293194888568103,15.5
43,boundary,no_discovery,0.8656542936353929,0.7154487406011822,0.0,15.500000000000004,349.00000000000006,0.14245555303421067,16.75
43,boundary,no_discovery-final,0.8619829309161924,0.7057125380438531,0.0,21.25,362.5,0.14564539287233924,21.25
43,boundary,no_elite,0.861323661789655,0.7133009192495349,0.0,17.750000000000004,379.75,0.13914774254012016,484.75
43,boundary,no_elite-final,0.8587908800681499,0.7061601466104099,0.0,21.000000000000004,400.49999999999994,0.1421307334577399,365.75
43,boundary,no_anchor,0.8779628060760396,0.726410941164908,0.0,13.000000000000002,316.00000000000006,0.1450518649111316,9.75
43,boundary,no_anchor-final,0.8779628060760396,0.726410941164908,0.0,13.000000000000002,316.00000000000006,0.1450518649111316,9.75
43,boundary,no_crn,0.8546372657801264,0.6938552410708188,0.0,25.750000000000004,372.0,0.1479070247093077,30.0
43,boundary,no_crn-final,0.857930570841609,0.7021235749516268,0.0,24.75,360.75,0.14343199588998215,21.75
43,boundary,no_shield,0.8545146240332105,0.6701809674097803,0.0,18.5,373.74999999999994,0.17508365662343026,0.0
43,boundary,no_shield-final,0.8545146240332105,0.6701809674097803,0.0,18.5,373.74999999999994,0.17508365662343026,0.0
43,boundary,grpo_vanilla,0.8518584104726292,0.6876793224969846,0.0,29.000000000000004,375.25,0.1496790879756446,500.0
43,boundary,grpo_vanilla-final,0.8376228576140001,0.6696021808073894,0.0,47.5,391.75000000000006,0.1442706768066107,500.0
43,boundary,nscsd_safe,0.9146408756866025,0.8443075786271125,0.0,0.25,153.0,0.07020829705948999,5.75
43,boundary,nscsd_safe-final,0.9029059245588537,0.8108622819265534,0.0,0.75,200.49999999999997,0.09166864263230025,163.75
43,boundary,ppo,0.9278263095251524,0.9069326046352794,0.0,0.0,128.00000000000003,0.020893704889873077,169.25
43,boundary,ppo-final,0.9057208085799762,0.8473774301678854,0.0,1.5,191.74999999999997,0.05759337841209081,169.25
43,boundary,straddle,0.8996532171828198,0.7927201923094358,0.0,2.0,210.75,0.10593302487338396,5.25
43,boundary,straddle-final,0.8900600495319925,0.7647335004084935,0.0,4.75,259.0,0.12295154912349894,5.75
43,boundary,straddle_nosafe,0.8940421454563013,0.7927366214266534,0.0,2.75,242.74999999999997,0.09993052402964799,5.25
43,boundary,straddle_nosafe-final,0.8703676242111461,0.7142908921089194,0.0,13.500000000000002,331.25,0.14932673210222672,5.75
43,boundary,straddle_cgrpo,0.888194797193453,0.7696274249995015,0.0,1.7500000000000002,275.99999999999994,0.11769237219395141,9.0
43,boundary,straddle_cgrpo-final,0.888194797193453,0.7696274249995015,0.0,1.7500000000000002,275.99999999999994,0.11769237219395141,9.0
43,boundary,maxmc_only,0.8799986319569826,0.7420619746649433,0.0,4.000000000000001,313.0,0.1359366572920393,6.75
43,boundary,maxmc_only-final,0.8784548027455121,0.736942377728937,0.0,5.0,326.25,0.13901242501657513,6.75
43,boundary,straddle_archive,0.9160530912272373,0.8416214977298886,0.0,0.5,156.5,0.07418159349734874,170.0
43,boundary,straddle_archive-final,0.8866279623155225,0.7648740701201904,0.0,6.0,287.50000000000006,0.11875389219533217,169.5
43,icmp_chaos,Sentinel,0.7257395618991144,0.8477264599899055,31.5,297.5,409.75,-0.30223689809079113,243.25
43,icmp_chaos,Sentinel-final,0.7268342371321597,0.850848414158742,30.750000000000007,296.74999999999994,409.5000000000001,-0.30313917702658233,243.25
43,icmp_chaos,PPO-NoShield (Sentinel),0.7263798148131463,0.8532238209892256,30.750000000000007,295.00000000000006,409.5000000000001,-0.3050940061760793,0.0
43,icmp_chaos,ShieldOnly,0.6933564134084689,0.8094801861803301,58.5,327.5,420.00000000000006,-0.33837377277186126,261.75
43,icmp_chaos,Static,0.7377916579498638,0.8961509424270435,24.25,279.0,398.25,-0.32210928447717974,0.0
43,icmp_chaos,Adaptive,0.75764686747525,0.9739634705282546,14.000000000000002,270.0,378.0,-0.3653166030530046,0.0
43,icmp_chaos,Random,0.67938529942369,0.9153697448721688,74.25000000000001,337.5,426.50000000000006,-0.4789844454484789,0.0
43,icmp_chaos,nscsd,0.701358668479273,0.6439522869452647,28.250000000000004,321.5,426.75,-0.13159361846599177,64.5
43,icmp_chaos,nscsd-final,0.6942858582010489,0.6158878934160933,31.25,327.75,427.99999999999994,-0.11672703521504435,65.5
43,icmp_chaos,nscsd-tree,0.7005670335049888,0.6451843242529649,28.499999999999996,320.75,428.00000000000006,-0.13349229074797606,243.75
43,icmp_chaos,no_shield_discovery,0.710848933581296,0.699706736650506,23.500000000000004,314.25,423.50000000000006,-0.16948280306921,62.75
43,icmp_chaos,no_shield_discovery-final,0.6968423122190812,0.6305483164169939,28.750000000000007,322.75,426.99999999999994,-0.12383100419791272,66.25
43,icmp_chaos,no_discovery,0.6956795778608619,0.628181659912487,28.750000000000007,323.74999999999994,427.50000000000006,-0.12312708205162508,76.75
43,icmp_chaos,no_discovery-final,0.6942098011227509,0.6255996242030287,34.50000000000001,323.75000000000006,427.74999999999994,-0.12776482308027787,65.5
43,icmp_chaos,no_elite,0.6966771670292455,0.6356877107498515,34.49999999999999,321.75000000000006,426.2499999999999,-0.13438554372060602,480.25
43,icmp_chaos,no_elite-final,0.6983770663731713,0.6438500393126181,35.50000000000001,320.75,426.2499999999999,-0.14134797293944676,247.5
43,icmp_chaos,no_anchor,0.7033601887833003,0.6559186672184663,27.250000000000004,317.75,426.5,-0.13868347843516593,63.75
43,icmp_chaos,no_anchor-final,0.7033601887833003,0.6559186672184663,27.250000000000004,317.75,426.5,-0.13868347843516593,63.75
43,icmp_chaos,no_crn,0.6897521709139077,0.602330725470431,45.00000000000001,328.25,429.74999999999994,-0.12170355455652326,78.5
43,icmp_chaos,no_crn-final,0.6899742882564246,0.6033129661301447,46.00000000000001,328.4999999999999,428.99999999999994,-0.1235886778737201,70.25
43,icmp_chaos,no_shield,0.6383570227668299,0.7743606330512676,103.25,380.0,443.99999999999994,-0.42925361028443765,0.0
43,icmp_chaos,no_shield-final,0.6383570227668299,0.7743606330512676,103.25,380.0,443.99999999999994,-0.42925361028443765,0.0
43,icmp_chaos,grpo_vanilla,0.6873424746147592,0.5921149373406959,53.25000000000001,331.49999999999994,430.5,-0.12377246272593669,500.0
43,icmp_chaos,grpo_vanilla-final,0.6803692979267328,0.5754969030992602,63.0,341.5,432.49999999999994,-0.12887760517252733,500.0
43,icmp_chaos,nscsd_safe,0.7241108274459965,0.7746292972409596,18.5,300.75,414.00000000000006,-0.2193934697949631,244.25
43,icmp_chaos,nscsd_safe-final,0.7188255904197544,0.7505874353263817,21.0,307.49999999999994,416.75000000000006,-0.20651184490662733,331.0
43,icmp_chaos,ppo,0.7321749766041715,0.8357502062590715,18.25,291.24999999999994,409.25,-0.26745022965489995,335.5
43,icmp_chaos,ppo-final,0.7177765802230517,0.7627727655636228,20.0,308.74999999999994,416.24999999999994,-0.21937118534057115,336.25
43,icmp_chaos,straddle,0.7232108495272983,0.7669586896741306,19.0,298.5,415.50000000000006,-0.21199784014683232,244.75
43,icmp_chaos,straddle-final,0.7187631183962487,0.745770783404083,19.5,301.0,418.0,-0.19700766500783423,242.0
43,icmp_chaos,straddle_nosafe,0.7159100696242635,0.7487684940172252,20.0,308.5,418.0,-0.20710842439296173,250.0
43,icmp_chaos,straddle_nosafe-final,0.704168375018513,0.6692775195544145,22.750000000000004,317.99999999999994,423.49999999999994,-0.14685914453590143,60.75
43,icmp_chaos,straddle_cgrpo,0.7250741470709667,0.7954287380677239,19.25,293.24999999999994,413.25,-0.2362295909967571,249.75
43,icmp_chaos,straddle_cgrpo-final,0.7250741470709667,0.7954287380677239,19.25,293.24999999999994,413.25,-0.2362295909967571,249.75
43,icmp_chaos,maxmc_only,0.7187981907692095,0.7515775455660483,19.75,300.74999999999994,417.0,-0.20290435479683877,249.0
43,icmp_chaos,maxmc_only-final,0.7149368093684021,0.7292427821663794,20.25,305.99999999999994,418.99999999999994,-0.18755597279797726,248.5
43,icmp_chaos,straddle_archive,0.7227238940228866,0.7688421032251883,19.5,301.24999999999994,414.00000000000006,-0.21624320920230167,335.75
43,icmp_chaos,straddle_archive-final,0.7083015665253762,0.6895508485140771,21.0,312.25,422.0,-0.15837428198870088,333.5
44,benign,Sentinel,1.0,0.0,0.0,0.0,0.0,1.0,500.0
44,benign,Sentinel-final,1.0,0.0,0.0,0.0,0.0,1.0,500.0
44,benign,PPO-NoShield (Sentinel),1.0,0.0,0.0,0.0,0.0,1.0,0.0
44,benign,ShieldOnly,1.0,0.0,0.0,0.0,0.0,1.0,462.75
44,benign,Static,1.0,0.0,0.0,0.0,0.0,1.0,0.0
44,benign,Adaptive,1.0,0.0,0.0,0.0,0.0,1.0,0.0
44,benign,Random,0.9816364760930385,0.0,0.0,0.0,29.000000000000004,0.9816364760930385,0.0
44,benign,nscsd,1.0,0.0,0.0,0.0,0.0,1.0,498.75
44,benign,nscsd-final,1.0,0.0,0.0,0.0,0.0,1.0,498.75
44,benign,nscsd-tree,1.0,0.0,0.0,0.0,0.0,1.0,0.0
44,benign,no_shield_discovery,1.0,0.0,0.0,0.0,0.0,1.0,500.0
44,benign,no_shield_discovery-final,1.0,0.0,0.0,0.0,0.0,1.0,500.0
44,benign,no_discovery,1.0,0.0,0.0,0.0,0.0,1.0,500.0
44,benign,no_discovery-final,1.0,0.0,0.0,0.0,0.0,1.0,500.0
44,benign,no_elite,1.0,0.0,0.0,0.0,0.0,1.0,500.0
44,benign,no_elite-final,1.0,0.0,0.0,0.0,0.0,1.0,500.0
44,benign,no_anchor,1.0,0.0,0.0,0.0,0.0,1.0,499.75
44,benign,no_anchor-final,1.0,0.0,0.0,0.0,0.0,1.0,499.75
44,benign,no_crn,1.0,0.0,0.0,0.0,0.0,1.0,500.0
44,benign,no_crn-final,1.0,0.0,0.0,0.0,0.0,1.0,500.0
44,benign,no_shield,0.9997120575449004,0.0,0.0,0.0,0.0,0.9997120575449004,0.0
44,benign,no_shield-final,0.9996776884412217,0.0,0.0,0.0,0.0,0.9996776884412217,0.0
44,benign,grpo_vanilla,1.0,0.0,0.0,0.0,0.0,1.0,500.0
44,benign,grpo_vanilla-final,1.0,0.0,0.0,0.0,0.0,1.0,500.0
44,benign,nscsd_safe,1.0,0.0,0.0,0.0,0.0,1.0,500.0
44,benign,nscsd_safe-final,1.0,0.0,0.0,0.0,0.0,1.0,500.0
44,benign,ppo,1.0,0.0,0.0,0.0,0.0,1.0,500.0
44,benign,ppo-final,1.0,0.0,0.0,0.0,0.0,1.0,500.0
44,benign,straddle,1.0,0.0,0.0,0.0,0.0,1.0,500.0
44,benign,straddle-final,1.0,0.0,0.0,0.0,0.0,1.0,500.0
44,benign,straddle_nosafe,1.0,0.0,0.0,0.0,0.0,1.0,500.0
44,benign,straddle_nosafe-final,1.0,0.0,0.0,0.0,0.0,1.0,500.0
44,benign,straddle_cgrpo,1.0,0.0,0.0,0.0,0.0,1.0,500.0
44,benign,straddle_cgrpo-final,1.0,0.0,0.0,0.0,0.0,1.0,500.0
44,benign,maxmc_only,1.0,0.0,0.0,0.0,0.0,1.0,500.0
44,benign,maxmc_only-final,1.0,0.0,0.0,0.0,0.0,1.0,500.0
44,benign,straddle_archive,1.0,0.0,0.0,0.0,0.0,1.0,500.0
44,benign,straddle_archive-final,1.0,0.0,0.0,0.0,0.0,1.0,500.0
44,mild,Sentinel,0.9939527502065983,0.9838651044407941,0.0,0.0,0.0,0.010087645765804232,405.5
44,mild,Sentinel-final,0.9954531055068138,0.9877681710261562,0.0,0.0,0.0,0.007684934480657546,405.25
44,mild,PPO-NoShield (Sentinel),0.9895134093518477,0.9905136604837411,0.0,0.0,0.0,-0.0010002511318933927,0.0
44,mild,ShieldOnly,0.9747166669275419,0.9789238649740714,0.25,13.250000000000002,47.0,-0.011082198046529471,347.0
44,mild,Static,1.0,1.0,0.0,0.0,0.0,0.0,0.0
44,mild,Adaptive,0.9991944135174142,0.9987692610107558,0.0,0.0,1.5,0.00042515250665842164,0.0
44,mild,Random,0.9353293340789532,0.9614487102974868,0.75,35.50000000000001,126.5,-0.044619376218533555,0.0
44,mild,nscsd,0.9498718054190458,0.857677499388805,0.0,0.0,64.24999999999999,0.09219430603024081,63.75
44,mild,nscsd-final,0.9498718054190458,0.857677499388805,0.0,0.0,64.24999999999999,0.09219430603024081,63.75
44,mild,nscsd-tree,0.9499184375740996,0.8582363653637793,0.0,0.0,65.99999999999999,0.09168207221032021,0.75
44,mild,no_shield_discovery,0.9752079901817072,0.9254586349845036,0.0,0.0,32.75,0.04974935519720358,337.75
44,mild,no_shield_discovery-final,0.9759926053521971,0.927236500817445,0.0,0.0,30.5,0.0487561045347521,337.25
44,mild,no_discovery,0.9508530830953807,0.8617941543644806,0.0,0.0,76.75,0.08905892873090016,122.75
44,mild,no_discovery-final,0.9511871167369806,0.863381791104697,0.0,0.0,77.49999999999999,0.0878053256322836,124.0
44,mild,no_elite,0.9356144601915402,0.8202201223165634,0.0,0.0,119.0,0.11539433787497677,500.0
44,mild,no_elite-final,0.9347808096972219,0.8187952443435561,0.0,0.0,122.0,0.11598556535366578,500.0
44,mild,no_anchor,0.942699021943036,0.8387550150774417,0.0,0.0,94.25000000000001,0.10394400686559435,71.5
44,mild,no_anchor-final,0.9438850186243395,0.8406697757075646,0.0,0.0,90.5,0.10321524291677486,70.75
44,mild,no_crn,0.964726828328965,0.910686555405302,0.0,0.0,42.5,0.05404027292366298,263.0
44,mild,no_crn-final,0.9673849543021122,0.9173588041219753,0.0,0.0,40.5,0.0500261501801369,261.5
44,mild,no_shield,0.9404608531575069,0.8187098597119103,0.0,0.0,107.00000000000001,0.12175099344559659,0.0
44,mild,no_shield-final,0.9400202229495603,0.8173956947164959,0.0,0.0,108.49999999999997,0.12262452823306447,0.0
44,mild,grpo_vanilla,0.9658519060918842,0.9116951550366496,0.0,0.0,82.5,0.05415675105523465,500.0
44,mild,grpo_vanilla-final,0.9644025396956426,0.9101872917184617,0.0,0.0,89.25,0.054215247977180914,500.0
44,mild,nscsd_safe,0.9690777881602172,0.9085444178467712,0.0,0.0,41.5,0.06053337031344597,258.0
44,mild,nscsd_safe-final,0.9629296820957828,0.9063634606246456,0.0,0.0,68.5,0.05656622147113721,287.0
44,mild,ppo,0.9963142400229736,0.9893616448917918,0.0,0.0,0.0,0.006952595131181849,405.25
44,mild,ppo-final,0.9896061863387395,0.9722163690556063,0.0,0.0,0.0,0.01738981728313327,406.5
44,mild,straddle,0.9844476488925793,0.948767912382554,0.0,0.0,1.25,0.03567973651002532,234.25
44,mild,straddle-final,0.9819580655936491,0.9391448185717894,0.0,0.0,1.0,0.042813247021859624,233.75
44,mild,straddle_nosafe,0.9693205572095398,0.909332720036257,0.0,0.0,17.750000000000004,0.05998783717328282,256.0
44,mild,straddle_nosafe-final,0.964297261877206,0.8994043552230995,0.0,0.0,55.75,0.06489290665410652,259.25
44,mild,straddle_cgrpo,0.9691845660205347,0.9119640758768087,0.0,0.0,7.750000000000002,0.05722049014372599,140.75
44,mild,straddle_cgrpo-final,0.9574690165599874,0.878618772513892,0.0,0.0,48.5,0.07885024404609542,142.0
44,mild,maxmc_only,0.9649433605740632,0.8964104438749836,0.0,0.0,25.0,0.06853291669907957,142.25
44,mild,maxmc_only-final,0.9608969317115355,0.8872258996663701,0.0,0.0,40.25,0.07367103204516534,144.0
44,mild,straddle_archive,0.9840151185548756,0.9529883861924683,0.0,0.0,1.7500000000000002,0.031026732362407272,405.5
44,mild,straddle_archive-final,0.9778396598203279,0.9351326041855194,0.0,0.0,29.500000000000007,0.04270705563480859,351.5
44,strong,Sentinel,0.5166345808876153,0.8451373679853316,73.49999999999999,500.0,500.0,-0.6520027870977163,147.25
44,strong,Sentinel-final,0.5213167546770384,0.8642577818249395,17.000000000000004,500.0,500.0,-0.6099410271479011,147.25
44,strong,PPO-NoShield (Sentinel),0.5027181356934481,0.9051284067795045,210.49999999999997,500.0,500.0,-0.8629102710860563,0.0
44,strong,ShieldOnly,0.4881347162747752,0.8784341022955123,246.5,500.0,500.0,-0.886799386020737,74.25
44,strong,Static,0.5168775163203077,0.8969715243285401,117.75,500.0,500.0,-0.7478440080082325,0.0
44,strong,Adaptive,0.5481318065442294,0.9792180403086761,2.25,500.0,500.0,-0.6833362337644466,0.0
44,strong,Random,0.4812512569254449,0.899979961666677,276.75000000000006,500.0,500.0,-0.9454787047412322,0.0
44,strong,nscsd,0.468628344465453,0.6353332160431492,394.25,500.0,500.0,-0.8109548715776962,47.5
44,strong,nscsd-final,0.468628344465453,0.6353332160431492,394.25,500.0,500.0,-0.8109548715776962,47.5
44,strong,nscsd-tree,0.468784500117294,0.6365794300989,393.99999999999994,500.0,500.0,-0.8117949299816059,1.25
44,strong,no_shield_discovery,0.4701340200796397,0.6347753528935052,391.74999999999994,500.0,500.0,-0.8063913328138654,26.75
44,strong,no_shield_discovery-final,0.47000997152786866,0.6347416153251505,391.74999999999994,500.0,500.0,-0.8064816437972817,16.75
44,strong,no_discovery,0.4678048876890033,0.6314890861002526,396.0,500.0,500.0,-0.8096841984112493,326.75
44,strong,no_discovery-final,0.46734822200128334,0.6303758480521385,396.49999999999994,500.0,500.0,-0.8095276260508552,328.5
44,strong,no_elite,0.46547993476659977,0.6278031040725754,399.49999999999994,500.0,500.0,-0.8118231693059756,500.0
44,strong,no_elite-final,0.46505913542469823,0.6267403035163326,400.24999999999994,500.0,500.0,-0.8119311680916343,500.0
44,strong,no_anchor,0.4668305781969746,0.631360393688134,397.0,500.0,500.0,-0.8115298154911594,36.25
44,strong,no_anchor-final,0.4673355620638172,0.6355793638912279,400.75000000000006,500.0,500.0,-0.8189938018274108,22.75
44,strong,no_crn,0.4714308547156305,0.647871241593593,386.25,500.0,500.0,-0.8126903868779625,15.25
44,strong,no_crn-final,0.474955808068383,0.656579464372738,380.0,500.0,500.0,-0.811623656304355,11.5
44,strong,no_shield,0.46579427385464606,0.6073904903808116,401.75,500.0,500.0,-0.7933462165261655,0.0
44,strong,no_shield-final,0.46551477971205635,0.6062694861803563,402.25,500.0,500.0,-0.7930047064682999,0.0
44,strong,grpo_vanilla,0.46589880639750747,0.6286370008485147,397.25,500.0,500.0,-0.8099881944510072,500.0
44,strong,grpo_vanilla-final,0.4645609112855899,0.6260890181310185,401.50000000000006,500.0,500.0,-0.8130281068454286,500.0
44,strong,nscsd_safe,0.48226491947168226,0.6798094465390141,353.24999999999994,500.0,500.0,-0.8007945270673318,148.5
44,strong,nscsd_safe-final,0.4798166029708611,0.669656279273114,364.0,500.0,500.0,-0.8038396763022528,148.5
44,strong,ppo,0.5125911913255964,0.8113214572044782,145.25000000000003,500.0,500.0,-0.6939802658788818,147.25
44,strong,ppo-final,0.49281071694723977,0.7487389498575644,315.25,500.0,500.0,-0.8211782329103245,147.25
44,strong,straddle,0.5193529402131187,0.8179999968794155,32.75,500.0,500.0,-0.5813970566662967,5.0
44,strong,straddle-final,0.5236356576804113,0.8225715469573949,48.75,500.0,500.0,-0.5976858892769836,5.0
44,strong,straddle_nosafe,0.5147010500882184,0.7969733666861053,77.5,500.0,500.0,-0.6097723165978869,5.0
44,strong,straddle_nosafe-final,0.5088426158548839,0.7612468628034638,133.24999999999997,500.0,500.0,-0.6356542469485799,5.0
44,strong,straddle_cgrpo,0.5169600886223111,0.8100511877297748,44.25,500.0,500.0,-0.5873410991074637,5.0
44,strong,straddle_cgrpo-final,0.5059009587271589,0.7537988815021511,187.49999999999997,500.0,500.0,-0.6853979227749922,5.0
44,strong,maxmc_only,0.507221507750254,0.7649407356009141,166.99999999999997,500.0,500.0,-0.6747192278506602,5.25
44,strong,maxmc_only-final,0.499869001965879,0.7346540071526801,284.74999999999994,500.0,500.0,-0.7695350051868011,5.25
44,strong,straddle_archive,0.5177959855110111,0.8151351100115536,49.25,500.0,500.0,-0.5965891245005425,145.75
44,strong,straddle_archive-final,0.4845804797035587,0.6888664670193314,337.75000000000006,500.0,500.0,-0.7920359873157727,23.25
44,chaos,Sentinel,0.813139891261008,0.8947554268490355,12.25,192.75000000000003,249.49999999999997,-0.1902405355880275,248.0
44,chaos,Sentinel-final,0.8170325226832433,0.9093339050879663,11.75,192.5,248.74999999999997,-0.20030138240472295,248.0
44,chaos,PPO-NoShield (Sentinel),0.8019654784276151,0.940162811927663,14.500000000000002,197.50000000000003,259.99999999999994,-0.25144733350004794,0.0
44,chaos,ShieldOnly,0.7842369219936958,0.9123501203774674,49.00000000000001,217.0,282.75,-0.2856131983837717,179.5
44,chaos,Static,0.8229316956940005,0.9346374381884338,11.0,191.0,244.25,-0.2182057424944333,0.0
44,chaos,Adaptive,0.8359400988219262,0.9807399763124598,11.0,188.00000000000003,242.5,-0.24979987749053362,0.0
44,chaos,Random,0.7693014089494703,0.925833071404097,49.0,229.75000000000003,306.74999999999994,-0.3204066624546267,0.0
44,chaos,nscsd,0.7668853711959656,0.6937690925388413,47.25,219.74999999999997,314.25000000000006,-0.08400872134287576,113.0
44,chaos,nscsd-final,0.7668853711959656,0.6937690925388413,47.25,219.74999999999997,314.25000000000006,-0.08400872134287576,113.0
44,chaos,nscsd-tree,0.7669138423611291,0.694083275267092,47.0,219.74999999999997,314.5,-0.08404443290596286,0.0
44,chaos,no_shield_discovery,0.7736135729493642,0.7075442631731887,45.0,218.24999999999997,305.5,-0.08805569022382456,151.25
44,chaos,no_shield_discovery-final,0.7739389717490385,0.7085909304324574,45.25,218.24999999999997,301.75,-0.08902695868341887,148.25
44,chaos,no_discovery,0.7656341302659981,0.688941967742714,47.00000000000001,220.24999999999997,315.5,-0.08043283747671584,286.75
44,chaos,no_discovery-final,0.7652474495337694,0.688212803843197,47.25,221.25,316.0,-0.08084035430942761,288.5
44,chaos,no_elite,0.7608486025194038,0.6778984271453941,50.24999999999999,222.75,319.75000000000006,-0.07867482462599026,500.0
44,chaos,no_elite-final,0.7603800525968311,0.6771151160101379,50.75,222.75,319.75000000000006,-0.0788600634133068,500.0
44,chaos,no_anchor,0.7636939066403072,0.6857881250416901,49.25,220.75,316.50000000000006,-0.08171921840138284,112.0
44,chaos,no_anchor-final,0.763795374777213,0.6897359946424917,49.0,221.0,316.50000000000006,-0.08544061986527865,108.75
44,chaos,no_crn,0.7729551296244086,0.7150736277629164,45.75,217.49999999999997,302.00000000000006,-0.09661849813850777,122.75
44,chaos,no_crn-final,0.7761984051294467,0.7259859985383214,44.5,216.5,288.75,-0.10253759340887464,121.0
44,chaos,no_shield,0.7611572638799571,0.661388068622039,49.25,224.00000000000003,317.5,-0.061480804742081965,0.0
44,chaos,no_shield-final,0.7608062966638262,0.6601225117093215,50.0,224.25,317.5,-0.06144121504549531,0.0
44,chaos,grpo_vanilla,0.7683060712647022,0.6964853214211736,49.25,220.5,314.50000000000006,-0.0876792501564714,500.0
44,chaos,grpo_vanilla-final,0.7665236833631053,0.6936926425904865,50.50000000000001,222.5,315.75000000000006,-0.08891895922738119,500.0
44,chaos,nscsd_safe,0.7807480730259372,0.7397903694867403,38.75,206.50000000000006,285.75000000000006,-0.1010422964608031,202.5
44,chaos,nscsd_safe-final,0.7753488436419418,0.7306120394596162,41.74999999999999,211.25,307.5,-0.10263819581767437,209.75
44,chaos,ppo,0.8142416612391884,0.8753149573424489,12.0,193.5,249.49999999999997,-0.16982329610326052,244.5
44,chaos,ppo-final,0.7960670431627437,0.8289253356025335,26.000000000000004,197.0,252.5,-0.15735829243978977,250.0
44,chaos,straddle,0.8094755320213747,0.8520790372130044,13.250000000000002,194.25,248.99999999999997,-0.1529785051916297,112.0
44,chaos,straddle-final,0.8073099615530592,0.8360758473423685,13.500000000000002,194.75,261.75000000000006,-0.13964088578930928,112.5
44,chaos,straddle_nosafe,0.7975458699376266,0.8080523931155286,15.75,194.5,274.49999999999994,-0.12350652317790202,121.0
44,chaos,straddle_nosafe-final,0.7906963098117535,0.7764450822530761,22.750000000000004,195.0,288.25,-0.10599877244132254,120.25
44,chaos,straddle_cgrpo,0.7998161134330062,0.8242381897447091,14.75,195.24999999999997,256.75,-0.1367970763117029,104.25
44,chaos,straddle_cgrpo-final,0.7861965965393333,0.7619424132568909,29.000000000000004,198.25,286.25,-0.10387081671755768,104.0
44,chaos,maxmc_only,0.7898803158091793,0.7828558481532241,19.75,196.75,282.50000000000006,-0.1111005323440448,109.5
44,chaos,maxmc_only-final,0.784718845813066,0.7607548964306057,26.000000000000004,200.49999999999997,292.0,-0.10228605061753973,107.25
44,chaos,straddle_archive,0.8103660558741996,0.8587649900054742,14.250000000000002,194.0,247.5,-0.15964893413127462,242.25
44,chaos,straddle_archive-final,0.7853753983067819,0.7541970769822025,35.25,208.75,281.75000000000006,-0.10844667867542057,162.25
44,icmp,Sentinel,0.5280688197102752,0.7644951841477476,1.5,500.0,500.0,-0.48792636443747245,500.0
44,icmp,Sentinel-final,0.5280707016695887,0.7644951841477476,1.5,500.0,500.0,-0.48792448247815895,500.0
44,icmp,PPO-NoShield (Sentinel),0.48025403514714615,1.0,499.75,500.0,500.0,-1.2694959648528539,0.0
44,icmp,ShieldOnly,0.5005186724449497,0.6851961226634342,176.50000000000003,500.0,500.0,-0.6111774502184845,444.25
44,icmp,Static,0.5342506420387109,0.8170616050554651,0.0,500.0,500.0,-0.5328109630167542,0.0
44,icmp,Adaptive,0.5511420740761531,0.9640172809704532,1.7499999999999998,500.0,500.0,-0.6646252068943002,0.0
44,icmp,Random,0.4766780164204403,0.9158683465117508,271.75000000000006,500.0,500.0,-0.9609403300913105,0.0
44,icmp,nscsd,0.4980083230965831,0.5046463953888847,273.0,500.0,500.0,-0.5296380722923015,499.0
44,icmp,nscsd-final,0.4980083230965831,0.5046463953888847,273.0,500.0,500.0,-0.5296380722923015,499.0
44,icmp,nscsd-tree,0.4989411265326373,0.5129695244098149,266.5,500.0,500.0,-0.5305283978771776,494.25
44,icmp,no_shield_discovery,0.4986136947877444,0.5087102115665323,269.0,500.0,500.0,-0.5290965167787879,5.0
44,icmp,no_shield_discovery-final,0.49855066107266116,0.5080822514319221,269.49999999999994,500.0,500.0,-0.5290315903592608,5.0
44,icmp,no_discovery,0.49785886598678913,0.5019037358120622,273.49999999999994,500.0,500.0,-0.5275448698252729,318.25
44,icmp,no_discovery-final,0.4975138455466241,0.4997071632384268,275.49999999999994,500.0,500.0,-0.5276933176918026,6.75
44,icmp,no_elite,0.49610180682353794,0.4905395516140185,282.25,500.0,500.0,-0.5266877447904805,500.0
44,icmp,no_elite-final,0.4954523899785663,0.4893525848417445,284.25,500.0,500.0,-0.5281501948631782,500.0
44,icmp,no_anchor,0.4966622663085431,0.4965266947068743,279.0,500.0,500.0,-0.5288644283983313,499.0
44,icmp,no_anchor-final,0.497201433612774,0.5015956423221426,276.5,500.0,500.0,-0.5308942087093687,499.0
44,icmp,no_crn,0.49977347737230104,0.5179415247197517,259.75000000000006,500.0,500.0,-0.5279180473474507,266.5
44,icmp,no_crn-final,0.501740973757063,0.5349093233846253,243.75000000000006,500.0,500.0,-0.5269183496275623,324.25
44,icmp,no_shield,0.3816558847985144,0.9848122562914583,490.49999999999994,500.0,500.0,-1.3436563714929437,0.0
44,icmp,no_shield-final,0.3884616580138122,0.9518124799331101,469.5,500.0,500.0,-1.282850821919298,0.0
44,icmp,grpo_vanilla,0.4964383835060201,0.49085509529060534,281.5,500.0,500.0,-0.5259167117845852,500.0
44,icmp,grpo_vanilla-final,0.49502069550905936,0.4879820884880249,285.74999999999994,500.0,500.0,-0.5287113929789655,500.0
44,icmp,nscsd_safe,0.5066347352606815,0.5810024648588484,211.74999999999997,500.0,500.0,-0.536117729598167,499.5
44,icmp,nscsd_safe-final,0.5050204250141116,0.5667120077554874,219.74999999999997,500.0,500.0,-0.5314415827413758,499.5
44,icmp,ppo,0.5233579827785052,0.7222311333784674,18.000000000000004,500.0,500.0,-0.46687315059996226,500.0
44,icmp,ppo-final,0.5141842771548629,0.6445399154887537,141.24999999999997,500.0,500.0,-0.5216056383338907,499.75
44,icmp,straddle,0.5189297494070858,0.6849060135721364,76.99999999999999,500.0,500.0,-0.4929762641650506,499.75
44,icmp,straddle-final,0.5232871901670599,0.7212787357942619,21.75,500.0,500.0,-0.469741545627202,500.0
44,icmp,straddle_nosafe,0.5281674137337377,0.7640537072007567,1.5,500.0,500.0,-0.48738629346701906,500.0
44,icmp,straddle_nosafe-final,0.5274031174074539,0.7580416019169526,2.5,500.0,500.0,-0.48313848450949864,500.0
44,icmp,straddle_cgrpo,0.5182984491878642,0.6744876368605986,78.99999999999999,500.0,500.0,-0.48518918767273445,499.0
44,icmp,straddle_cgrpo-final,0.5152045898388483,0.6445218535860784,119.25,500.0,500.0,-0.49856726374723004,494.0
44,icmp,maxmc_only,0.5230119497337142,0.7209810638796992,27.500000000000004,500.0,500.0,-0.4754691141459849,500.0
44,icmp,maxmc_only-final,0.5178773362223006,0.6759095369286731,95.24999999999999,500.0,500.0,-0.5032822007063724,500.0
44,icmp,straddle_archive,0.5218862893938121,0.7103337113871233,34.0,500.0,500.0,-0.47244742199331125,500.0
44,icmp,straddle_archive-final,0.5083593486129641,0.5921671737232294,201.75,500.0,500.0,-0.5355578251102653,497.5
44,pulse,Sentinel,0.7613196933143082,0.8699707608366805,18.250000000000004,250.0,250.0,-0.2519010675223723,316.0
44,pulse,Sentinel-final,0.7631808714187024,0.8854184926238681,6.750000000000001,250.0,250.0,-0.2539876212051657,316.0
44,pulse,PPO-NoShield (Sentinel),0.7522691086601527,0.8968132980445753,84.25,250.0,250.0,-0.3537941893844226,0.0
44,pulse,ShieldOnly,0.7474238678383074,0.9002814643774771,95.25000000000003,250.0,254.5,-0.3731075965391698,266.0
44,pulse,Static,0.759590519802422,0.8869345856946372,46.25,250.0,250.0,-0.29859406589221527,0.0
44,pulse,Adaptive,0.7567089172088487,0.8678708903692938,93.5,250.0,250.0,-0.3296619731604451,0.0
44,pulse,Random,0.7311329855260954,0.890228907656323,136.74999999999997,250.0,265.99999999999994,-0.4208459221302276,0.0
44,pulse,nscsd,0.7434840605802132,0.6934221095616491,151.75,250.0,250.0,-0.22668804898143585,291.5
44,pulse,nscsd-final,0.7434840605802132,0.6934221095616491,151.75,250.0,250.0,-0.22668804898143585,291.5
44,pulse,nscsd-tree,0.7435559159958604,0.6942585513501133,151.75,250.0,250.0,-0.22745263535425292,0.0
44,pulse,no_shield_discovery,0.7434622571674245,0.6907623005907515,148.50000000000003,250.0,250.0,-0.22080004342332699,276.75
44,pulse,no_shield_discovery-final,0.7434353654004159,0.6905254730200377,148.75,250.0,250.0,-0.22084010761962186,274.75
44,pulse,no_discovery,0.7419116522208362,0.6828216407076794,151.25000000000003,250.0,250.0,-0.21715998848684318,426.0
44,pulse,no_discovery-final,0.741674041980896,0.682288563431344,151.50000000000003,250.0,250.0,-0.21711452145044802,427.0
44,pulse,no_elite,0.7419925889216185,0.6901184877797888,155.25,250.0,250.0,-0.22837589885817033,500.0
44,pulse,no_elite-final,0.7417479152217583,0.6898916161696462,157.0,250.0,250.0,-0.2301437009478879,500.0
44,pulse,no_anchor,0.7425192237792484,0.6925194498259336,154.5,250.0,250.0,-0.2295002260466852,278.25
44,pulse,no_anchor-final,0.7426988637320606,0.6956818788287495,153.75,250.0,250.0,-0.23173301509668892,260.25
44,pulse,no_crn,0.7446549061512604,0.7050016835984817,150.00000000000003,250.0,250.0,-0.23534677744722132,257.5
44,pulse,no_crn-final,0.7458843334769433,0.7133509464240503,145.75,250.0,250.0,-0.238216612947107,256.25
44,pulse,no_shield,0.7323385425796461,0.6133728694244722,197.74999999999997,250.0,250.0,-0.20378432684482606,0.0
44,pulse,no_shield-final,0.7320251804093861,0.613746549707385,198.49999999999997,250.0,250.0,-0.2052213692979988,0.0
44,pulse,grpo_vanilla,0.7417144069025098,0.6870702178989153,155.0,250.0,250.0,-0.22535581099640553,500.0
44,pulse,grpo_vanilla-final,0.7409324367510262,0.6864465911899514,158.0,250.0,250.0,-0.22851415443892528,500.0
44,pulse,nscsd_safe,0.7473223678831096,0.7247726206612805,134.0,250.0,250.0,-0.2364502527781709,316.0
44,pulse,nscsd_safe-final,0.7463438475070017,0.7166668263478801,138.25,250.0,250.0,-0.2335729788408785,316.75
44,pulse,ppo,0.7603307563574172,0.8377668624502718,49.0,250.0,250.0,-0.25143610609285455,316.0
44,pulse,ppo-final,0.7518042577426952,0.7921483394785112,130.25,250.0,250.0,-0.2955940817358159,316.25
44,pulse,straddle,0.76256267548562,0.8449693971683441,16.749999999999996,250.0,250.0,-0.2241567216827241,251.75
44,pulse,straddle-final,0.7638058773744737,0.8465064888315214,17.5,250.0,250.0,-0.22520061145704767,251.75
44,pulse,straddle_nosafe,0.7606754828192085,0.8254081564648175,32.5,250.0,250.0,-0.22223267364560897,252.0
44,pulse,straddle_nosafe-final,0.7582955223309608,0.7962473802942809,55.00000000000001,250.0,250.0,-0.21795185796332012,252.0
44,pulse,straddle_cgrpo,0.7617061771622502,0.8379464721431846,24.5,250.0,250.0,-0.22574029498093443,251.75
44,pulse,straddle_cgrpo-final,0.7570364399584275,0.7891583142686931,76.25,250.0,250.0,-0.23337187431026557,251.75
44,pulse,maxmc_only,0.7576705608329692,0.7976334596124686,66.50000000000001,250.0,250.0,-0.23146289877949933,252.5
44,pulse,maxmc_only-final,0.7550126889217492,0.7730415043558806,101.75,250.0,250.0,-0.24477881543413138,252.0
44,pulse,straddle_archive,0.7624300908430149,0.8458799940132193,23.0,250.0,250.0,-0.2314499031702044,315.5
44,pulse,straddle_archive-final,0.7492954717320466,0.7342253777846179,128.75,250.0,250.0,-0.23867990605257136,266.0
44,polymorph,Sentinel,0.653694113118219,0.9071270542579419,6.500000000000001,390.0,497.00000000000006,-0.45493294113972294,125.0
44,polymorph,Sentinel-final,0.6611005951278288,0.9195082175970597,2.4999999999999996,380.25,494.50000000000006,-0.45103262246923087,125.0
44,polymorph,PPO-NoShield (Sentinel),0.6476508434961036,0.9262113648483222,10.75,398.49999999999994,498.00000000000006,-0.4885605213522186,0.0
44,polymorph,ShieldOnly,0.6226673002948936,0.9244494029486322,76.75000000000001,408.00000000000006,491.49999999999994,-0.5825321026537387,62.75
44,polymorph,Static,0.6678965430140764,0.934203627602427,5.249999999999999,372.0,485.25,-0.4575570845883506,0.0
44,polymorph,Adaptive,0.7016361828683289,0.9875770058363413,0.5,337.75,468.5,-0.4553158229680125,0.0
44,polymorph,Random,0.6161836602091305,0.9256631898662058,84.0,416.00000000000006,492.9999999999999,-0.6014795296570753,0.0
44,polymorph,nscsd,0.5793205001164412,0.7537581833080673,127.75,460.49999999999994,499.75,-0.5324376831916261,80.25
44,polymorph,nscsd-final,0.5793205001164412,0.7537581833080673,127.75,460.49999999999994,499.75,-0.5324376831916261,80.25
44,polymorph,nscsd-tree,0.5797230505851358,0.7543027878052404,127.25,460.49999999999994,499.75,-0.5320797372201045,0.0
44,polymorph,no_shield_discovery,0.5802484061576291,0.7550269969048691,124.50000000000003,460.75,499.75,-0.52965359074724,41.5
44,polymorph,no_shield_discovery-final,0.5801507377713866,0.7548446449950438,125.25000000000003,460.5,499.75,-0.5301939072236572,24.0
44,polymorph,no_discovery,0.5775405400874034,0.7507133015019509,131.24999999999997,462.74999999999994,499.75,-0.5357977614145475,360.0
44,polymorph,no_discovery-final,0.5767826979692509,0.7496039793849405,133.25000000000003,463.24999999999994,499.75,-0.5376962814156896,360.75
44,polymorph,no_elite,0.5743807602252928,0.7460075425683418,138.75,464.24999999999994,499.75,-0.5425017823430489,500.0
44,polymorph,no_elite-final,0.5735915664980988,0.7450403841594626,141.0,464.99999999999994,499.75,-0.5449488176613637,500.0
44,polymorph,no_anchor,0.5764141851852798,0.7492058716569054,133.74999999999997,463.4999999999999,499.75,-0.5382916864716256,54.0
44,polymorph,no_anchor-final,0.576593507565417,0.7539855678152653,133.0,463.75,499.75,-0.5422670602498483,5.25
44,polymorph,no_crn,0.5836467490792554,0.761946529728448,121.0,457.0,499.75,-0.5277997806491926,5.25
44,polymorph,no_crn-final,0.5881328432071059,0.7701879226750363,111.50000000000001,453.5,499.75,-0.5203050794679305,5.0
44,polymorph,no_shield,0.5716168229574384,0.7402124149965996,144.75000000000003,466.74999999999994,500.0,-0.5467205920391612,0.0
44,polymorph,no_shield-final,0.5711596652692817,0.7394066460333506,145.50000000000003,466.74999999999994,500.0,-0.5471219807640688,0.0
44,polymorph,grpo_vanilla,0.5751446850732411,0.7468443276533627,137.5,463.99999999999983,499.75,-0.5411996425801215,500.0
44,polymorph,grpo_vanilla-final,0.5728409632993168,0.7443030402817945,143.25000000000003,465.75,499.75,-0.5475870769824778,500.0
44,polymorph,nscsd_safe,0.6009317275094556,0.796655214440472,92.5,441.0,499.75,-0.5087234869310165,123.5
44,polymorph,nscsd_safe-final,0.5962632757205848,0.7842918818539368,98.0,445.5,499.75,-0.508778606133352,123.5
44,polymorph,ppo,0.649844129622566,0.8863723123954381,15.5,391.5,495.74999999999994,-0.4477781827728722,125.0
44,polymorph,ppo-final,0.6186438430098365,0.8481909928568477,56.50000000000001,427.50000000000006,499.75,-0.4997971498470112,125.0
44,polymorph,straddle,0.6547889787678457,0.8909670619804053,14.250000000000004,388.99999999999994,494.24999999999994,-0.4449280832125596,5.0
44,polymorph,straddle-final,0.6551596111789031,0.8867838069794463,15.250000000000004,390.0,492.24999999999994,-0.4418741958005432,5.0
44,polymorph,straddle_nosafe,0.6408280519235857,0.8629462689958236,24.5,406.5,497.7499999999999,-0.4498682170722379,5.0
44,polymorph,straddle_nosafe-final,0.6286680786389699,0.8389575757319794,43.0,420.24999999999994,498.74999999999994,-0.4634144970930094,5.0
44,polymorph,straddle_cgrpo,0.6423843035723344,0.8695539510743526,17.250000000000004,409.75,499.75,-0.4492946475020182,5.0
44,polymorph,straddle_cgrpo-final,0.6222460005254632,0.8290908943730244,49.00000000000001,426.25,499.75,-0.4689698938475612,5.0
44,polymorph,maxmc_only,0.6246351091242714,0.8347977425179135,46.25,426.0,499.75,-0.46941263339364203,5.0
44,polymorph,maxmc_only-final,0.6147250298644774,0.8178864008183158,64.5,433.5,499.75,-0.48441137095383835,5.0
44,polymorph,straddle_archive,0.6533645899080682,0.8900475664856755,15.000000000000004,389.75,493.49999999999994,-0.4465579765776073,124.0
44,polymorph,straddle_archive-final,0.6029242673344105,0.7969127883963711,84.0,440.75,499.75,-0.49836352106196063,24.25
44,boundary,Sentinel,0.9074633953683348,0.9008913667125258,0.0,1.5,196.0,0.00582202865580897,131.0
44,boundary,Sentinel-final,0.9138679046164955,0.9159423211866372,0.0,0.5,185.0,-0.002324416570141735,131.0
44,boundary,PPO-NoShield (Sentinel),0.8939279666849231,0.9356102487563824,0.0,12.25,207.25,-0.047807282071459296,0.0
44,boundary,ShieldOnly,0.8634758335341204,0.9176496645773418,2.9999999999999996,77.5,283.75,-0.09592383104322139,67.75
44,boundary,Static,0.9297596564315558,0.9617356172848603,0.0,0.0,169.99999999999997,-0.031975960853304564,0.0
44,boundary,Adaptive,0.9473804020547739,0.9943158216575403,0.0,0.25,147.50000000000003,-0.04706041960276637,0.0
44,boundary,Random,0.8547473281245287,0.9250294405959156,2.75,90.75,292.0,-0.11840711247138694,0.0
44,boundary,nscsd,0.8320452668170537,0.706005850100929,0.0,67.99999999999999,424.5,0.09203941671612473,28.25
44,boundary,nscsd-final,0.8320452668170537,0.706005850100929,0.0,67.99999999999999,424.5,0.09203941671612473,28.25
44,boundary,nscsd-tree,0.8311017630483233,0.70511757783588,0.0,67.75,429.5,0.09210918521244325,0.5
44,boundary,no_shield_discovery,0.8338048362830834,0.7050696034482204,0.0,65.99999999999997,404.74999999999994,0.095735232834863,16.75
44,boundary,no_shield_discovery-final,0.8348286264110175,0.7061446829180674,0.0,65.74999999999999,402.75,0.0958089434929501,13.25
44,boundary,no_discovery,0.829701297693987,0.6997251476169043,0.0,71.49999999999999,424.00000000000006,0.09422615007708275,242.25
44,boundary,no_discovery-final,0.8287050045032085,0.698902190772629,0.0,73.99999999999999,426.75,0.09280281373057946,253.5
44,boundary,no_elite,0.8222694761390098,0.692840992147109,0.0,80.49999999999999,437.75,0.08917848399190077,500.0
44,boundary,no_elite-final,0.8213745077049254,0.6919299247632732,0.0,83.74999999999997,438.0,0.08756958294165218,500.0
44,boundary,no_anchor,0.827008012905587,0.6993559119069088,0.0,73.99999999999999,434.25,0.0906521009986782,26.0
44,boundary,no_anchor-final,0.8279266608096763,0.7010267249495374,0.0,72.75,432.5,0.09052493586013882,21.25
44,boundary,no_crn,0.8378649817946829,0.7202132930789783,0.0,62.0,418.25,0.08665168871570464,16.0
44,boundary,no_crn-final,0.8438505846098687,0.7310986617323181,0.0,54.25,384.75000000000006,0.08562692287755065,12.75
44,boundary,no_shield,0.825723148092482,0.678191770550984,0.0,76.0,435.50000000000006,0.10953137754149803,0.0
44,boundary,no_shield-final,0.8252297042089595,0.6770248183822825,0.0,76.99999999999999,435.50000000000006,0.10970488582667702,0.0
44,boundary,grpo_vanilla,0.8235898119404765,0.6947476154767608,0.0,78.24999999999999,437.5,0.08971719646371576,500.0
44,boundary,grpo_vanilla-final,0.8204030336930626,0.6909693205443069,0.0,86.0,438.25,0.08643371314875563,500.0
44,boundary,nscsd_safe,0.8531969035128366,0.7468094813051162,0.0,38.00000000000001,384.75000000000006,0.08738742220772046,72.25
44,boundary,nscsd_safe-final,0.8458535847578421,0.7336593467643671,0.0,45.75,394.50000000000006,0.08931923799347505,88.25
44,boundary,ppo,0.9086127302258806,0.8911076032439921,0.0,2.25,197.24999999999997,0.01638012698188855,131.0
44,boundary,ppo-final,0.8807295165372734,0.8380420323940851,0.0,24.75,238.0,0.030312484143188236,131.0
44,boundary,straddle,0.8955121035702487,0.8449769011159523,0.0,2.0,206.00000000000003,0.049535202454296434,6.5
44,boundary,straddle-final,0.8916122671127038,0.8289541563915197,0.0,2.75,250.24999999999997,0.0612831107211841,5.75
44,boundary,straddle_nosafe,0.8769736601446203,0.8008134011203483,0.0,4.750000000000001,325.75,0.07378525902427203,8.75
44,boundary,straddle_nosafe-final,0.8647299678423304,0.7725983391755171,0.0,9.0,366.0,0.08763162866681323,12.5
44,boundary,straddle_cgrpo,0.8835116309193094,0.8239585052805374,0.0,3.2500000000000004,243.25000000000003,0.05792812563877202,8.25
44,boundary,straddle_cgrpo-final,0.8626591347788999,0.7692047994171238,0.0,16.25,377.00000000000006,0.08532933536177606,9.25
44,boundary,maxmc_only,0.8658292595621793,0.7780681339020515,0.0,8.5,362.24999999999994,0.08351112566012772,9.75
44,boundary,maxmc_only-final,0.8582624001245209,0.7597139242854263,0.0,15.25,383.5,0.09092347583909466,11.0
44,boundary,straddle_archive,0.8983462711704737,0.8548836708602418,0.0,2.0,189.50000000000003,0.04246260031023197,131.25
44,boundary,straddle_archive-final,0.8563911647665055,0.7560511326168033,0.0,39.5,356.0,0.0805900321497021,47.25
44,icmp_chaos,Sentinel,0.7282379785083659,0.8158065953170194,17.0,289.25,400.24999999999994,-0.24919361680865348,335.25
44,icmp_chaos,Sentinel-final,0.7305655330627578,0.8275818967564458,16.5,285.99999999999994,399.5,-0.2565163636936879,335.25
44,icmp_chaos,PPO-NoShield (Sentinel),0.6999338584042667,0.9488061747873653,32.5,318.75,413.75,-0.44074731638309855,0.0
44,icmp_chaos,ShieldOnly,0.6985552882000869,0.7959795894620885,64.5,320.25000000000006,403.74999999999994,-0.32204930126200154,279.5
44,icmp_chaos,Static,0.7364893487071542,0.8768076095506263,20.250000000000004,281.25,396.25,-0.3011932608434721,0.0
44,icmp_chaos,Adaptive,0.7526311810189774,0.967370811873238,13.249999999999998,269.49999999999994,387.75,-0.3627396308542606,0.0
44,icmp_chaos,Random,0.6821552063429438,0.914388703070632,81.24999999999999,327.24999999999994,412.75000000000006,-0.4771084967276882,0.0
44,icmp_chaos,nscsd,0.6951558723589459,0.5555520503547189,70.49999999999999,327.00000000000006,404.49999999999994,-0.09439617799577296,284.0
44,icmp_chaos,nscsd-final,0.6951558723589459,0.5555520503547189,70.49999999999999,327.00000000000006,404.49999999999994,-0.09439617799577296,284.0
44,icmp_chaos,nscsd-tree,0.6955782178418198,0.5597780437672524,68.49999999999997,326.25000000000006,404.25000000000006,-0.09582482592543254,184.25
44,icmp_chaos,no_shield_discovery,0.6956887495605921,0.5565960638287356,68.74999999999999,326.99999999999994,404.49999999999994,-0.09315731426814346,93.5
44,icmp_chaos,no_shield_discovery-final,0.6956371339280786,0.5562605701506953,68.74999999999999,326.99999999999994,404.49999999999994,-0.09287343622261669,92.5
44,icmp_chaos,no_discovery,0.6942756786781829,0.5499955210498698,73.25,328.0,404.75000000000006,-0.09296984237168697,323.0
44,icmp_chaos,no_discovery-final,0.6938146751073864,0.5481539210371802,73.25,328.25,404.75000000000006,-0.09171424592979381,226.5
44,icmp_chaos,no_elite,0.6924720833145681,0.5422217647721149,74.99999999999999,329.25,404.49999999999994,-0.08937468145754679,500.0
44,icmp_chaos,no_elite-final,0.6917553204021898,0.5413297987010616,76.99999999999999,329.5,404.49999999999994,-0.09132447829887178,500.0
44,icmp_chaos,no_anchor,0.6933374417863669,0.5477219968826924,73.25,328.0,404.49999999999994,-0.0916345550963255,285.75
44,icmp_chaos,no_anchor-final,0.6931790177755116,0.5539556446895854,72.0,329.75,404.49999999999994,-0.09765162691407374,284.75
44,icmp_chaos,no_crn,0.6970251655318018,0.5702665195792127,61.5,324.75,404.25000000000006,-0.09711635404741087,165.0
44,icmp_chaos,no_crn-final,0.6992858739700926,0.5855631631122005,55.49999999999999,322.5,404.25000000000006,-0.1030272891421079,187.25
44,icmp_chaos,no_shield,0.6438968432282564,0.709273210447688,133.49999999999997,376.25,411.74999999999994,-0.38700136721943157,0.0
44,icmp_chaos,no_shield-final,0.6613987575951571,0.6325473304403004,116.49999999999997,357.0,405.25,-0.2661485728451433,0.0
44,icmp_chaos,grpo_vanilla,0.6927145431833053,0.5433461922878767,74.49999999999999,328.5,404.49999999999994,-0.08938164910457144,500.0
44,icmp_chaos,grpo_vanilla-final,0.6911634823881274,0.5396263105672132,76.99999999999999,331.5,404.99999999999994,-0.0912128281790858,500.0
44,icmp_chaos,nscsd_safe,0.7068608661506233,0.6336129177228883,38.74999999999999,316.75,404.24999999999994,-0.12387705157226502,334.5
44,icmp_chaos,nscsd_safe-final,0.7043640133216397,0.6146886534821543,43.5,318.75,404.24999999999994,-0.1131996401605146,335.0
44,icmp_chaos,ppo,0.7271443052097676,0.7773092079273468,18.25,294.75,400.25000000000006,-0.21578990271757925,331.25
44,icmp_chaos,ppo-final,0.7121337532096078,0.7110152833394832,39.24999999999999,311.75,404.0,-0.19400653012987534,335.75
44,icmp_chaos,straddle,0.7278874188694526,0.7650196725757882,17.750000000000007,297.75,402.25,-0.20375725370633557,267.5
44,icmp_chaos,straddle-final,0.7308722109476496,0.7759938510827702,15.000000000000004,292.50000000000006,400.99999999999994,-0.20637164013512055,270.5
44,icmp_chaos,straddle_nosafe,0.7276410845087791,0.779869589649055,18.000000000000004,292.50000000000006,401.25,-0.2164785051402759,275.5
44,icmp_chaos,straddle_nosafe-final,0.7249392518245684,0.7538037720264565,22.5,294.25,401.75,-0.19848952020188812,275.75
44,icmp_chaos,straddle_cgrpo,0.7232858721835244,0.7396941264700269,17.750000000000004,301.5,403.74999999999994,-0.18490825428650248,271.5
44,icmp_chaos,straddle_cgrpo-final,0.7166505492825315,0.6845080398653914,20.25,307.25000000000006,403.74999999999994,-0.14173249058286,270.0
44,icmp_chaos,maxmc_only,0.7212158355969549,0.7382492661274913,24.0,299.25,402.25,-0.1906584305305364,276.25
44,icmp_chaos,maxmc_only-final,0.7164782710553795,0.6990991367335683,27.750000000000004,305.75,403.5,-0.16324586567818875,274.75
44,icmp_chaos,straddle_archive,0.7284666862462827,0.7757572491637008,20.5,297.75,401.75,-0.21666556291741806,331.0
44,icmp_chaos,straddle_archive-final,0.7072220808998264,0.6344653049476043,36.0,315.5,403.74999999999994,-0.12099322404777793,277.75
