seed,scenario,defender,operator,acc,quality,leakage,severe,benchmark,switches_per_ep
42,icmp,STRADDLE,none,,0.5185509897458305,0.7074641353356309,32.75,-0.47166314558980044,0.0
42,icmp,STRADDLE,quality-first,1.0,0.5264047170204833,0.7707100845825804,0.25,-0.49455536756209706,1.0
42,icmp,STRADDLE,icmp-only,1.0,0.5264047170204833,0.7707100845825804,0.25,-0.49455536756209706,1.0
42,icmp,STRADDLE,quality-first,0.9,0.525708654811918,0.7647728582785486,3.0,-0.4920642034666306,2.35
42,icmp,STRADDLE,icmp-only,0.9,0.525708654811918,0.7647728582785486,3.0,-0.4920642034666306,2.35
42,icmp,STRADDLE,quality-first,0.7,0.5246666642557624,0.7554293763908706,8.0,-0.48876271213510825,4.05
42,icmp,STRADDLE,icmp-only,0.7,0.5246666642557624,0.7554293763908706,8.0,-0.48876271213510825,4.05
42,icmp,Sentinel,none,,0.5166478950875869,0.6939936617092,66.5,-0.49384576662161306,0.0
42,icmp,Sentinel,quality-first,1.0,0.5263488288365396,0.7701486836620065,1.0,-0.49479985482546696,1.0
42,icmp,Sentinel,icmp-only,1.0,0.5263488288365396,0.7701486836620065,1.0,-0.49479985482546696,1.0
42,icmp,Sentinel,quality-first,0.9,0.5254994432971603,0.7630427998284288,5.0,-0.4925433565312686,2.35
42,icmp,Sentinel,icmp-only,0.9,0.5254994432971603,0.7630427998284288,5.0,-0.4925433565312686,2.35
42,icmp,Sentinel,quality-first,0.7,0.5242189438485494,0.7518710044836655,14.499999999999998,-0.49215206063511613,4.05
42,icmp,Sentinel,icmp-only,0.7,0.5242189438485494,0.7518710044836655,14.499999999999998,-0.49215206063511613,4.05
42,mild,STRADDLE,none,,0.9789828456973086,0.9321755817177884,0.0,0.046807263979520286,0.0
42,mild,STRADDLE,quality-first,1.0,0.9968000844653184,0.9901396637595422,0.0,0.0066604207057762155,1.0
42,mild,STRADDLE,icmp-only,1.0,0.9789828456973086,0.9321755817177884,0.0,0.046807263979520286,0.0
42,mild,STRADDLE,quality-first,0.9,0.9967546474765631,0.9896755206503262,0.0,0.007079126826236903,1.35
42,mild,STRADDLE,icmp-only,0.9,0.9791417942468175,0.9337703800162842,0.0,0.04537141423053326,0.4
42,mild,STRADDLE,quality-first,0.7,0.9948061716396882,0.985839896305639,0.0,0.008966275334049256,2.7
42,mild,STRADDLE,icmp-only,0.7,0.9793421545136485,0.9353001329772569,0.0,0.044042021536391585,1.05
42,mild,Sentinel,none,,0.9918561722176653,0.9860735898792669,0.0,0.0057825823383984565,0.0
42,mild,Sentinel,quality-first,1.0,0.9984095556338994,0.9972217485770841,0.0,0.0011878070568153154,1.0
42,mild,Sentinel,icmp-only,1.0,0.9918561722176653,0.9860735898792669,0.0,0.0057825823383984565,0.0
42,mild,Sentinel,quality-first,0.9,0.9983435467804693,0.996568750443862,0.0,0.001774796336607376,1.35
42,mild,Sentinel,icmp-only,0.9,0.9918168831470726,0.9857754109037451,0.0,0.006041472243327517,0.4
42,mild,Sentinel,quality-first,0.7,0.9970830677957951,0.9952275811812484,0.0,0.0018554866145467086,2.7
42,mild,Sentinel,icmp-only,0.7,0.9916313006931264,0.9856270529354253,0.0,0.006004247757701142,1.05
42,boundary,STRADDLE,none,,0.9101362231725428,0.8227027457695735,0.0,0.08655847740296936,0.0
42,boundary,STRADDLE,quality-first,1.0,0.957918368476728,0.9731431039232827,0.0,-0.015224735446554782,1.0
42,boundary,STRADDLE,icmp-only,1.0,0.9101362231725428,0.8227027457695735,0.0,0.08655847740296936,0.0
42,boundary,STRADDLE,quality-first,0.9,0.9574773337737383,0.9713327937645637,0.0,-0.01385545999082538,1.25
42,boundary,STRADDLE,icmp-only,0.9,0.9100923992050199,0.8223351360974869,0.0,0.08688226310753307,0.1
42,boundary,STRADDLE,quality-first,0.7,0.9537826636830457,0.9632149706794442,0.0,-0.00955730699639852,2.05
42,boundary,STRADDLE,icmp-only,0.7,0.9099546576716075,0.8243312138784349,0.0,0.08462344379317266,0.5
42,boundary,Sentinel,none,,0.9154813767140659,0.8732478302318081,0.0,0.040733546482257854,0.0
42,boundary,Sentinel,quality-first,1.0,0.9578273734477497,0.9778276125441341,0.0,-0.020000239096384376,1.0
42,boundary,Sentinel,icmp-only,1.0,0.9154813767140659,0.8732478302318081,0.0,0.040733546482257854,0.0
42,boundary,Sentinel,quality-first,0.9,0.9573202292362069,0.9758347987395499,0.0,-0.01851456950334307,1.25
42,boundary,Sentinel,icmp-only,0.9,0.9155010778644975,0.873385879342116,0.0,0.040615198522381546,0.1
42,boundary,Sentinel,quality-first,0.7,0.9539470672358238,0.969084174526977,0.0,-0.015262107291153251,2.05
42,boundary,Sentinel,icmp-only,0.7,0.91538339716163,0.8744544577051514,0.0,0.03930393945647857,0.5
42,icmp_chaos,STRADDLE,none,,0.7027189550972653,0.8024573183929038,21.75,-0.27523836329563844,0.0
42,icmp_chaos,STRADDLE,quality-first,1.0,0.705850896142592,0.8302959376070944,22.75,-0.2954450414645024,2.6
42,icmp_chaos,STRADDLE,icmp-only,1.0,0.7046889826286603,0.8218592160342905,22.75,-0.28867023340563014,2.2
42,icmp_chaos,STRADDLE,quality-first,0.9,0.705643550991748,0.8312702124922436,22.75,-0.2971266615004956,3.35
42,icmp_chaos,STRADDLE,icmp-only,0.9,0.7042640178217471,0.8206467979088655,22.75,-0.28838278008711843,2.8
42,icmp_chaos,STRADDLE,quality-first,0.7,0.7048432825129605,0.8286872293900128,22.75,-0.29721894687705236,4.05
42,icmp_chaos,STRADDLE,icmp-only,0.7,0.7033954639280736,0.8171226956484874,22.75,-0.28760223172041377,3.25
42,icmp_chaos,Sentinel,none,,0.6946754397432082,0.7682450112097825,34.0,-0.2671945714665743,0.0
42,icmp_chaos,Sentinel,quality-first,1.0,0.6998300045759642,0.8043526201051867,33.5,-0.2913976155292225,2.6
42,icmp_chaos,Sentinel,icmp-only,1.0,0.6982066449241932,0.7941734534059006,33.5,-0.2833418084817074,2.2
42,icmp_chaos,Sentinel,quality-first,0.9,0.6994455854013918,0.8049244949997755,33.5,-0.2924789095983837,3.35
42,icmp_chaos,Sentinel,icmp-only,0.9,0.6977563670730679,0.7926735264966742,33.5,-0.28241715942360635,2.8
42,icmp_chaos,Sentinel,quality-first,0.7,0.6984429894899417,0.8010992957691025,33.75,-0.2920313062791609,4.05
42,icmp_chaos,Sentinel,icmp-only,0.7,0.6966844859621898,0.7878899081419666,33.75,-0.2810804221797768,3.25
42,strong,STRADDLE,none,,0.5179762420489336,0.8352990261738207,33.25,-0.6005727841248871,0.0
42,strong,STRADDLE,quality-first,1.0,0.5179762420489336,0.8352990261738207,33.25,-0.6005727841248871,0.0
42,strong,STRADDLE,icmp-only,1.0,0.5179762420489336,0.8352990261738207,33.25,-0.6005727841248871,0.0
42,strong,STRADDLE,quality-first,0.9,0.5178809432768894,0.8351273586223957,36.00000000000001,-0.6032464153455064,0.2
42,strong,STRADDLE,icmp-only,0.9,0.5178809432768894,0.8351273586223957,36.00000000000001,-0.6032464153455064,0.2
42,strong,STRADDLE,quality-first,0.7,0.5173923515839399,0.8370068041969256,41.25,-0.6108644526129857,0.7
42,strong,STRADDLE,icmp-only,0.7,0.5173923515839399,0.8370068041969256,41.25,-0.6108644526129857,0.7
42,strong,Sentinel,none,,0.5045772776662215,0.7834041039014298,212.5,-0.7413268262352083,0.0
42,strong,Sentinel,quality-first,1.0,0.5045772776662215,0.7834041039014298,212.5,-0.7413268262352083,0.0
42,strong,Sentinel,icmp-only,1.0,0.5045772776662215,0.7834041039014298,212.5,-0.7413268262352083,0.0
42,strong,Sentinel,quality-first,0.9,0.5047049823660835,0.7837030455204357,211.5,-0.7404980631543522,0.2
42,strong,Sentinel,icmp-only,0.9,0.5047049823660835,0.7837030455204357,211.5,-0.7404980631543522,0.2
42,strong,Sentinel,quality-first,0.7,0.5045200745515822,0.7873718335033474,216.25,-0.7491017589517652,0.7
42,strong,Sentinel,icmp-only,0.7,0.5045200745515822,0.7873718335033474,216.25,-0.7491017589517652,0.7
42,chaos,STRADDLE,none,,0.7794415889091484,0.8557513258202272,15.0,-0.21668473691107876,0.0
42,chaos,STRADDLE,quality-first,1.0,0.7910389467009648,0.8988838145024138,13.500000000000002,-0.2458448678014491,1.65
42,chaos,STRADDLE,icmp-only,1.0,0.7794415889091484,0.8557513258202272,15.0,-0.21668473691107876,0.0
42,chaos,STRADDLE,quality-first,0.9,0.7909796196514978,0.9008096347150142,13.500000000000002,-0.24783001506351643,2.1
42,chaos,STRADDLE,icmp-only,0.9,0.7792265746177036,0.856605864162572,15.0,-0.21775428954486836,0.3
42,chaos,STRADDLE,quality-first,0.7,0.7905185198035908,0.898952405050526,13.75,-0.24693388524693521,2.85
42,chaos,STRADDLE,icmp-only,0.7,0.7791811159585055,0.8567422892110752,15.0,-0.2179361732525697,0.75
42,chaos,Sentinel,none,,0.7731243784214411,0.8543893591774632,35.0,-0.24288998075602206,0.0
42,chaos,Sentinel,quality-first,1.0,0.7828189125893219,0.8802339310505827,33.25,-0.2564150184612608,1.65
42,chaos,Sentinel,icmp-only,1.0,0.7731243784214411,0.8543893591774632,35.0,-0.24288998075602206,0.0
42,chaos,Sentinel,quality-first,0.9,0.7831310060047127,0.883355222061423,32.25,-0.2582242160567103,2.1
42,chaos,Sentinel,icmp-only,0.9,0.7731409383130253,0.8555436500355944,34.0,-0.24302771172256907,0.3
42,chaos,Sentinel,quality-first,0.7,0.7830522237781067,0.8821343433018474,32.5,-0.25758211952374066,2.85
42,chaos,Sentinel,icmp-only,0.7,0.7732289139250507,0.8558339332724616,34.0,-0.24323001934741093,0.75
42,pulse,STRADDLE,none,,0.7635439492840506,0.8600832210715676,8.5,-0.2300392717875171,0.0
42,pulse,STRADDLE,quality-first,1.0,0.7635439492840506,0.8600832210715676,8.5,-0.2300392717875171,0.0
42,pulse,STRADDLE,icmp-only,1.0,0.7635439492840506,0.8600832210715676,8.5,-0.2300392717875171,0.0
42,pulse,STRADDLE,quality-first,0.9,0.7640340459378229,0.8666257821728944,8.25,-0.23584173623507157,1.2
42,pulse,STRADDLE,icmp-only,0.9,0.7635053243187709,0.8594197980128401,8.5,-0.22941447369406914,0.2
42,pulse,STRADDLE,quality-first,0.7,0.7649675754913222,0.8740824670879844,8.5,-0.24261489159666222,2.4
42,pulse,STRADDLE,icmp-only,0.7,0.7634343736209821,0.8588944943285688,9.000000000000002,-0.2294601207075867,0.5
42,pulse,Sentinel,none,,0.7575377223286837,0.8109474954974741,77.0,-0.2554097731687905,0.0
42,pulse,Sentinel,quality-first,1.0,0.7575377223286837,0.8109474954974741,77.0,-0.2554097731687905,0.0
42,pulse,Sentinel,icmp-only,1.0,0.7575377223286837,0.8109474954974741,77.0,-0.2554097731687905,0.0
42,pulse,Sentinel,quality-first,0.9,0.7583247563054216,0.8208188614517793,73.5,-0.2609941051463577,1.2
42,pulse,Sentinel,icmp-only,0.9,0.7575426767730528,0.8110297008043862,77.0,-0.25548702403133344,0.2
42,pulse,Sentinel,quality-first,0.7,0.7599243140288349,0.8325738600218333,62.75,-0.2603995459929984,2.4
42,pulse,Sentinel,icmp-only,0.7,0.7575594123282776,0.8110886164773612,75.75,-0.25427920414908356,0.5
42,polymorph,STRADDLE,none,,0.6719014414149794,0.8998006076180454,9.250000000000002,-0.4176491662030659,0.0
42,polymorph,STRADDLE,quality-first,1.0,0.6806530453182839,0.9167482462488264,6.750000000000001,-0.41772020093054263,3.35
42,polymorph,STRADDLE,icmp-only,1.0,0.6719014414149794,0.8998006076180454,9.250000000000002,-0.4176491662030659,0.0
42,polymorph,STRADDLE,quality-first,0.9,0.6802597012358228,0.9166610456350414,6.999999999999999,-0.41852634439921854,3.4
42,polymorph,STRADDLE,icmp-only,0.9,0.6717176333225794,0.8999347022974469,9.250000000000002,-0.41796706897486746,0.3
42,polymorph,STRADDLE,quality-first,0.7,0.6796633050087999,0.9159534863215782,6.999999999999999,-0.41866518131277836,3.65
42,polymorph,STRADDLE,icmp-only,0.7,0.6715464692833715,0.9000198115355754,9.250000000000002,-0.418098342252204,0.8
42,polymorph,Sentinel,none,,0.6525877441777115,0.8668181169951792,30.750000000000004,-0.43648037281746765,0.0
42,polymorph,Sentinel,quality-first,1.0,0.6650233835550704,0.8901910727047687,23.250000000000004,-0.4324176891496983,3.35
42,polymorph,Sentinel,icmp-only,1.0,0.6525877441777115,0.8668181169951792,30.750000000000004,-0.43648037281746765,0.0
42,polymorph,Sentinel,quality-first,0.9,0.6647477702464326,0.8904834689917133,24.249999999999996,-0.43411069874528063,3.4
42,polymorph,Sentinel,icmp-only,0.9,0.6526750975468881,0.8674609794821645,30.750000000000004,-0.4369108819352764,0.3
42,polymorph,Sentinel,quality-first,0.7,0.6643707759301472,0.8902352446435406,24.249999999999996,-0.4346144687133935,3.65
42,polymorph,Sentinel,icmp-only,0.7,0.6529069783727581,0.8683711242357683,30.750000000000004,-0.4374641458630102,0.8
43,icmp,STRADDLE,none,,0.5217124323918028,0.6773048974822634,38.75,-0.44434246509046066,0.0
43,icmp,STRADDLE,quality-first,1.0,0.5298103219458529,0.7554914724876648,0.75,-0.47643115054181195,1.0
43,icmp,STRADDLE,icmp-only,1.0,0.5298103219458529,0.7554914724876648,0.75,-0.47643115054181195,1.0
43,icmp,STRADDLE,quality-first,0.9,0.5292086128746029,0.7490214699823522,3.75,-0.47356285710774937,2.25
43,icmp,STRADDLE,icmp-only,0.9,0.5292086128746029,0.7490214699823522,3.75,-0.47356285710774937,2.25
43,icmp,STRADDLE,quality-first,0.7,0.5276659016643479,0.73546265564787,11.5,-0.46929675398352205,4.25
43,icmp,STRADDLE,icmp-only,0.7,0.5276659016643479,0.73546265564787,11.5,-0.46929675398352205,4.25
43,icmp,Sentinel,none,,0.5299575063066666,0.7569523825343083,0.25,-0.47724487622764167,0.0
43,icmp,Sentinel,quality-first,1.0,0.5299575063066666,0.7569523825343083,0.25,-0.47724487622764167,1.0
43,icmp,Sentinel,icmp-only,1.0,0.5299575063066666,0.7569523825343083,0.25,-0.47724487622764167,1.0
43,icmp,Sentinel,quality-first,0.9,0.5299575063066666,0.7569523825343083,0.25,-0.47724487622764167,2.25
43,icmp,Sentinel,icmp-only,0.9,0.5299575063066666,0.7569523825343083,0.25,-0.47724487622764167,2.25
43,icmp,Sentinel,quality-first,0.7,0.5299575063066666,0.7569523825343083,0.25,-0.47724487622764167,4.25
43,icmp,Sentinel,icmp-only,0.7,0.5299575063066666,0.7569523825343083,0.25,-0.47724487622764167,4.25
43,mild,STRADDLE,none,,0.9801726346237369,0.9427399487595233,0.0,0.037432685864213666,0.0
43,mild,STRADDLE,quality-first,1.0,0.9967886303804072,0.9911751019465646,0.0,0.005613528433842663,1.0
43,mild,STRADDLE,icmp-only,1.0,0.9801726346237369,0.9427399487595233,0.0,0.037432685864213666,0.0
43,mild,STRADDLE,quality-first,0.9,0.9961161301741223,0.9902448297253562,0.0,0.005871300448766048,1.9
43,mild,STRADDLE,icmp-only,0.9,0.9806490461386526,0.9450687876887163,0.0,0.035580258449936286,0.75
43,mild,STRADDLE,quality-first,0.7,0.9954867300027357,0.9892327500383742,0.0,0.0062539799643615,2.45
43,mild,STRADDLE,icmp-only,0.7,0.9808012399258995,0.9475384590834445,0.0,0.03326278084245504,1.35
43,mild,Sentinel,none,,0.9926861542035048,0.9905950553089081,0.0,0.002091098894596688,0.0
43,mild,Sentinel,quality-first,1.0,0.9981469697400347,0.9973683741655375,0.0,0.0007785955744972206,1.0
43,mild,Sentinel,icmp-only,1.0,0.9926861542035048,0.9905950553089081,0.0,0.002091098894596688,0.0
43,mild,Sentinel,quality-first,0.9,0.9974910711323557,0.9963317622525347,0.0,0.0011593088798209639,1.9
43,mild,Sentinel,icmp-only,0.9,0.9924117112066542,0.9899919937677503,0.0,0.002419717438903901,0.75
43,mild,Sentinel,quality-first,0.7,0.9968508592031179,0.9953474057649876,0.0,0.0015034534381302977,2.45
43,mild,Sentinel,icmp-only,0.7,0.9921693582110257,0.9894612848260464,0.0,0.002708073384979248,1.35
43,boundary,STRADDLE,none,,0.8894828760085539,0.8242553374513448,0.0,0.06447753855720909,0.0
43,boundary,STRADDLE,quality-first,1.0,0.9373330337180252,0.9732975500712223,0.0,-0.035964516353197085,1.0
43,boundary,STRADDLE,icmp-only,1.0,0.8894828760085539,0.8242553374513448,0.0,0.06447753855720909,0.0
43,boundary,STRADDLE,quality-first,0.9,0.9359299065945319,0.96987177538762,0.0,-0.03394186879308814,1.55
43,boundary,STRADDLE,icmp-only,0.9,0.8895130104671293,0.8248846132239647,0.0,0.0638783972431646,0.35
43,boundary,STRADDLE,quality-first,0.7,0.9334288112819528,0.9625007008074377,0.0,-0.029196889525484895,2.65
43,boundary,STRADDLE,icmp-only,0.7,0.8896158446446502,0.8269121935073288,0.0,0.06182865113732135,0.95
43,boundary,Sentinel,none,,0.8994002230676066,0.9125109340647214,0.0,-0.014610710997114805,0.0
43,boundary,Sentinel,quality-first,1.0,0.9360411325228968,0.980527593970381,0.0,-0.04448646144748425,1.0
43,boundary,Sentinel,icmp-only,1.0,0.8994002230676066,0.9125109340647214,0.0,-0.014610710997114805,0.0
43,boundary,Sentinel,quality-first,0.9,0.9349831609027908,0.9778764559823159,0.0,-0.04289329507952511,1.55
43,boundary,Sentinel,icmp-only,0.9,0.8992919622085335,0.9122093768082429,0.0,-0.014417414599709409,0.35
43,boundary,Sentinel,quality-first,0.7,0.932614227533454,0.9722538839722779,0.0,-0.039764656438823834,2.65
43,boundary,Sentinel,icmp-only,0.7,0.8991071253696371,0.9116910710758079,0.0,-0.014208945706170829,0.95
43,icmp_chaos,STRADDLE,none,,0.7417585323469476,0.7943273538310217,18.500000000000004,-0.20381882148407415,0.0
43,icmp_chaos,STRADDLE,quality-first,1.0,0.7464098306259805,0.8374021411440417,18.75,-0.24199231051806114,2.3
43,icmp_chaos,STRADDLE,icmp-only,1.0,0.7430330706717857,0.812322811234148,18.75,-0.22091474056236227,1.7
43,icmp_chaos,STRADDLE,quality-first,0.9,0.7462535292767837,0.8364103109687617,19.5,-0.24215678169197807,2.7
43,icmp_chaos,STRADDLE,icmp-only,0.9,0.7428751483286117,0.8110516396853706,19.5,-0.22067649135675899,2.05
43,icmp_chaos,STRADDLE,quality-first,0.7,0.7459169710373378,0.8295241926003687,19.5,-0.2353572215630309,3.4
43,icmp_chaos,STRADDLE,icmp-only,0.7,0.7427685868445535,0.8072205778756985,19.5,-0.21670199103114496,2.45
43,icmp_chaos,Sentinel,none,,0.7392935020722841,0.8501829065647387,26.000000000000004,-0.26938940449245463,0.0
43,icmp_chaos,Sentinel,quality-first,1.0,0.7429463100216389,0.8652074653393866,26.25,-0.28001115531774773,2.3
43,icmp_chaos,Sentinel,icmp-only,1.0,0.7391312513463028,0.8497294282488127,26.25,-0.26934817690250995,1.7
43,icmp_chaos,Sentinel,quality-first,0.9,0.7427474115952354,0.8641312758094146,26.75,-0.2797588642141792,2.7
43,icmp_chaos,Sentinel,icmp-only,0.9,0.7391014761241275,0.8495355093064966,26.75,-0.2696840331823691,2.05
43,icmp_chaos,Sentinel,quality-first,0.7,0.7424246292842546,0.8634830115130765,26.75,-0.27980838222882193,3.4
43,icmp_chaos,Sentinel,icmp-only,0.7,0.7390731492605116,0.8491451661472984,26.75,-0.2696970168867868,2.45
43,strong,STRADDLE,none,,0.5182081458403824,0.8345681857027835,33.0,-0.599360039862401,0.0
43,strong,STRADDLE,quality-first,1.0,0.5182081458403824,0.8345681857027835,33.0,-0.599360039862401,0.0
43,strong,STRADDLE,icmp-only,1.0,0.5182081458403824,0.8345681857027835,33.0,-0.599360039862401,0.0
43,strong,STRADDLE,quality-first,0.9,0.5182142630521247,0.8345516718784811,33.0,-0.5993374088263564,0.1
43,strong,STRADDLE,icmp-only,0.9,0.5182142630521247,0.8345516718784811,33.0,-0.5993374088263564,0.1
43,strong,STRADDLE,quality-first,0.7,0.5179416068949668,0.8344917012136841,36.00000000000001,-0.6025500943187173,0.35
43,strong,STRADDLE,icmp-only,0.7,0.5179416068949668,0.8344917012136841,36.00000000000001,-0.6025500943187173,0.35
43,strong,Sentinel,none,,0.5054056215239795,0.8964229696942315,208.25,-0.849267348170252,0.0
43,strong,Sentinel,quality-first,1.0,0.5054056215239795,0.8964229696942315,208.25,-0.849267348170252,0.0
43,strong,Sentinel,icmp-only,1.0,0.5054056215239795,0.8964229696942315,208.25,-0.849267348170252,0.0
43,strong,Sentinel,quality-first,0.9,0.5053918740443926,0.896339022903706,208.25,-0.8491971488593135,0.1
43,strong,Sentinel,icmp-only,0.9,0.5053918740443926,0.896339022903706,208.25,-0.8491971488593135,0.1
43,strong,Sentinel,quality-first,0.7,0.5053434130862317,0.8961776182023776,209.0,-0.8498342051161459,0.35
43,strong,Sentinel,icmp-only,0.7,0.5053434130862317,0.8961776182023776,209.0,-0.8498342051161459,0.35
43,chaos,STRADDLE,none,,0.8599029584641389,0.8653827355092932,10.0,-0.07435477704515435,0.0
43,chaos,STRADDLE,quality-first,1.0,0.8784307725881323,0.9413599564183703,8.25,-0.12842918383023805,2.6
43,chaos,STRADDLE,icmp-only,1.0,0.8599029584641389,0.8653827355092932,10.0,-0.07435477704515435,0.0
43,chaos,STRADDLE,quality-first,0.9,0.8778613912581821,0.9387173097870816,8.25,-0.1273559185288995,2.9
43,chaos,STRADDLE,icmp-only,0.9,0.8602025107598257,0.8673613643514833,10.0,-0.07703385359165757,0.4
43,chaos,STRADDLE,quality-first,0.7,0.8762641619331835,0.9342182199352418,8.75,-0.12545405800205833,3.55
43,chaos,STRADDLE,icmp-only,0.7,0.8600092113343729,0.8679625354122384,10.0,-0.07795332407786554,0.85
43,chaos,Sentinel,none,,0.8650059669684249,0.9315106812825069,15.0,-0.143254714314082,0.0
43,chaos,Sentinel,quality-first,1.0,0.8776408767478291,0.9599436199676161,12.0,-0.153552743219787,2.6
43,chaos,Sentinel,icmp-only,1.0,0.8650059669684249,0.9315106812825069,15.0,-0.143254714314082,0.0
43,chaos,Sentinel,quality-first,0.9,0.877060053265486,0.9571708084976187,12.0,-0.15236075523213274,2.9
43,chaos,Sentinel,icmp-only,0.9,0.8648909774375605,0.9309811945104889,15.0,-0.1434652170729284,0.4
43,chaos,Sentinel,quality-first,0.7,0.8760662425421443,0.9552775329564401,12.5,-0.15246129041429585,3.55
43,chaos,Sentinel,icmp-only,0.7,0.8647176625064982,0.9308469022161823,15.0,-0.1435042397096841,0.85
43,pulse,STRADDLE,none,,0.7618187093658539,0.8088073942909395,19.25,-0.19123868492508556,0.0
43,pulse,STRADDLE,quality-first,1.0,0.7618187093658539,0.8088073942909395,19.25,-0.19123868492508556,0.0
43,pulse,STRADDLE,icmp-only,1.0,0.7618187093658539,0.8088073942909395,19.25,-0.19123868492508556,0.0
43,pulse,STRADDLE,quality-first,0.9,0.7624153946731215,0.8189682251162855,17.75,-0.19930283044316405,1.15
43,pulse,STRADDLE,icmp-only,0.9,0.7616734124260307,0.8096618353996853,20.0,-0.1929884229736546,0.2
43,pulse,STRADDLE,quality-first,0.7,0.7631825746870297,0.8325133223364544,17.75,-0.2120807476494247,2.2
43,pulse,STRADDLE,icmp-only,0.7,0.7615675603488272,0.8118967400074878,21.25,-0.19657917965866056,0.5
43,pulse,Sentinel,none,,0.7598606761733229,0.8821210700705338,57.5,-0.3047603938972109,0.0
43,pulse,Sentinel,quality-first,1.0,0.7598606761733229,0.8821210700705338,57.5,-0.3047603938972109,0.0
43,pulse,Sentinel,icmp-only,1.0,0.7598606761733229,0.8821210700705338,57.5,-0.3047603938972109,0.0
43,pulse,Sentinel,quality-first,0.9,0.7603462638022882,0.8870214498340019,56.25,-0.3079251860317137,1.15
43,pulse,Sentinel,icmp-only,0.9,0.7597763488176993,0.8816572087464264,57.75,-0.30463085992872707,0.2
43,pulse,Sentinel,quality-first,0.7,0.7611645980062954,0.8920845186474354,53.0,-0.30891992064114,2.2
43,pulse,Sentinel,icmp-only,0.7,0.7597116564538196,0.8810166748180857,57.99999999999999,-0.3043050183642661,0.5
43,polymorph,STRADDLE,none,,0.6507176397560197,0.8731504074068853,23.5,-0.4448077676508656,0.0
43,polymorph,STRADDLE,quality-first,1.0,0.6597977039630482,0.8910176729979705,19.75,-0.4448449690349223,3.0
43,polymorph,STRADDLE,icmp-only,1.0,0.6507176397560197,0.8731504074068853,23.5,-0.4448077676508656,0.0
43,polymorph,STRADDLE,quality-first,0.9,0.6594328610734956,0.8908922449578407,19.5,-0.4450843838843451,3.1
43,polymorph,STRADDLE,icmp-only,0.9,0.6507819305434573,0.8738163384023588,23.250000000000004,-0.4451594078589015,0.3
43,polymorph,STRADDLE,quality-first,0.7,0.6593596405082893,0.8910671283077425,19.5,-0.4452074877994532,3.3
43,polymorph,STRADDLE,icmp-only,0.7,0.6508992768460486,0.8742491971839904,23.250000000000004,-0.44534992033794174,0.65
43,polymorph,Sentinel,none,,0.6579936890321523,0.9133425214455662,8.25,-0.45909883241341387,0.0
43,polymorph,Sentinel,quality-first,1.0,0.6657460916959743,0.9255065190815625,7.5,-0.45888542738558813,3.0
43,polymorph,Sentinel,icmp-only,1.0,0.6579936890321523,0.9133425214455662,8.25,-0.45909883241341387,0.0
43,polymorph,Sentinel,quality-first,0.9,0.6652441322737753,0.9248182528000033,7.5,-0.459074120526228,3.1
43,polymorph,Sentinel,icmp-only,0.9,0.6579057864916231,0.9131874979032147,8.25,-0.4591567114115916,0.3
43,polymorph,Sentinel,quality-first,0.7,0.6649394344439711,0.9245123816924362,7.5,-0.45907294724846515,3.3
43,polymorph,Sentinel,icmp-only,0.7,0.6577932922636367,0.9130186688340732,8.25,-0.4591003765704365,0.65
44,icmp,STRADDLE,none,,0.5217994326492691,0.6746387930894595,43.75,-0.44658936044019043,0.0
44,icmp,STRADDLE,quality-first,1.0,0.5302361304039498,0.7541698832332069,0.75,-0.4746837528292571,1.0
44,icmp,STRADDLE,icmp-only,1.0,0.5302361304039498,0.7541698832332069,0.75,-0.4746837528292571,1.0
44,icmp,STRADDLE,quality-first,0.9,0.5295078158801827,0.748756156345497,7.5,-0.4767483404653143,1.75
44,icmp,STRADDLE,icmp-only,0.9,0.5295078158801827,0.748756156345497,7.5,-0.4767483404653143,1.75
44,icmp,STRADDLE,quality-first,0.7,0.5284183596995353,0.7366728867730741,10.75,-0.4690045270735388,3.6
44,icmp,STRADDLE,icmp-only,0.7,0.5284183596995353,0.7366728867730741,10.75,-0.4690045270735388,3.6
44,icmp,Sentinel,none,,0.5302934677317677,0.7567027131236739,0.25,-0.4766592453919062,0.0
44,icmp,Sentinel,quality-first,1.0,0.5302934677317677,0.7567027131236739,0.25,-0.4766592453919062,1.0
44,icmp,Sentinel,icmp-only,1.0,0.5302934677317677,0.7567027131236739,0.25,-0.4766592453919062,1.0
44,icmp,Sentinel,quality-first,0.9,0.5302934677317677,0.7567027131236739,0.25,-0.4766592453919062,1.75
44,icmp,Sentinel,icmp-only,0.9,0.5302934677317677,0.7567027131236739,0.25,-0.4766592453919062,1.75
44,icmp,Sentinel,quality-first,0.7,0.5302934677317677,0.7567027131236739,0.25,-0.4766592453919062,3.6
44,icmp,Sentinel,icmp-only,0.7,0.5302934677317677,0.7567027131236739,0.25,-0.4766592453919062,3.6
44,mild,STRADDLE,none,,0.9877983807492424,0.9642794039490445,0.0,0.023518976800197877,0.0
44,mild,STRADDLE,quality-first,1.0,0.9978704727080041,0.9932950714921411,0.0,0.004575401215862973,1.0
44,mild,STRADDLE,icmp-only,1.0,0.9877983807492424,0.9642794039490445,0.0,0.023518976800197877,0.0
44,mild,STRADDLE,quality-first,0.9,0.9977416107426721,0.9928169348712658,0.0,0.0049246758714063255,1.45
44,mild,STRADDLE,icmp-only,0.9,0.9877983807492424,0.9642794039490445,0.0,0.023518976800197877,0.1
44,mild,STRADDLE,quality-first,0.7,0.9965561077371615,0.9911649052325217,0.0,0.005391202504639869,2.65
44,mild,STRADDLE,icmp-only,0.7,0.9877962286615686,0.9649864413524144,0.0,0.022809787309154173,0.9
44,mild,Sentinel,none,,0.9939217358886863,0.9887057781017482,0.0,0.0052159577869380636,0.0
44,mild,Sentinel,quality-first,1.0,0.9983595963172952,0.9970191164589165,0.0,0.001340479858378707,1.0
44,mild,Sentinel,icmp-only,1.0,0.9939217358886863,0.9887057781017482,0.0,0.0052159577869380636,0.0
44,mild,Sentinel,quality-first,0.9,0.9983348119387556,0.9969785245962839,0.0,0.0013562873424717292,1.45
44,mild,Sentinel,icmp-only,0.9,0.9939217358886863,0.9887057781017482,0.0,0.0052159577869380636,0.1
44,mild,Sentinel,quality-first,0.7,0.9973761076582415,0.9958891748595411,0.0,0.00148693279870038,2.65
44,mild,Sentinel,icmp-only,0.7,0.9936161972178374,0.988554675567373,0.0,0.005061521650464473,0.9
44,boundary,STRADDLE,none,,0.9146006969167003,0.8169733385559119,0.0,0.0968773583607884,0.0
44,boundary,STRADDLE,quality-first,1.0,0.9568831576759075,0.9708401180244491,0.0,-0.014081960348541658,1.0
44,boundary,STRADDLE,icmp-only,1.0,0.9146006969167003,0.8169733385559119,0.0,0.0968773583607884,0.0
44,boundary,STRADDLE,quality-first,0.9,0.9560985801986007,0.9666857583583269,0.0,-0.010712178159726207,1.5
44,boundary,STRADDLE,icmp-only,0.9,0.9146506291450655,0.8173216213163697,0.0,0.0965790078286958,0.1
44,boundary,STRADDLE,quality-first,0.7,0.9519853340718565,0.9611100403632304,0.0,-0.009249706291373963,2.5
44,boundary,STRADDLE,icmp-only,0.7,0.9144966830387957,0.8215392944719688,0.0,0.09220738856682689,0.7
44,boundary,Sentinel,none,,0.926923132302787,0.8930920377310609,0.0,0.03358109457172606,0.0
44,boundary,Sentinel,quality-first,1.0,0.9565577689359938,0.9757929492133435,0.0,-0.019235180277349717,1.0
44,boundary,Sentinel,icmp-only,1.0,0.926923132302787,0.8930920377310609,0.0,0.03358109457172606,0.0
44,boundary,Sentinel,quality-first,0.9,0.9558245480365768,0.9733882226279202,0.0,-0.017563674591343448,1.5
44,boundary,Sentinel,icmp-only,0.9,0.9269072690882078,0.8929805893248647,0.0,0.03367667976334307,0.1
44,boundary,Sentinel,quality-first,0.7,0.9519317666296329,0.9698146285446514,0.0,-0.017882861915018533,2.5
44,boundary,Sentinel,icmp-only,0.7,0.9258043977847141,0.8946648205223564,0.0,0.03088957726235772,0.7
44,icmp_chaos,STRADDLE,none,,0.7361461459727253,0.8106109880175822,23.5,-0.2280898420448569,0.0
44,icmp_chaos,STRADDLE,quality-first,1.0,0.7405221461407419,0.8415386238852742,22.75,-0.25089147774453235,1.65
44,icmp_chaos,STRADDLE,icmp-only,1.0,0.73756947415967,0.8280605175849087,23.0,-0.24149104342523872,1.3
44,icmp_chaos,STRADDLE,quality-first,0.9,0.7401627329998044,0.8401750049555672,22.75,-0.25188727195576277,2.5
44,icmp_chaos,STRADDLE,icmp-only,0.9,0.7370964827673131,0.8262853283061041,23.0,-0.24218884553879103,1.8
44,icmp_chaos,STRADDLE,quality-first,0.7,0.7393697745019264,0.8401154150892929,22.75,-0.25312064058736644,3.75
44,icmp_chaos,STRADDLE,icmp-only,0.7,0.7365455560991072,0.8250915334011146,23.0,-0.2421709773020074,2.65
44,icmp_chaos,Sentinel,none,,0.735470096050036,0.843977271786059,22.75,-0.26863217573602294,0.0
44,icmp_chaos,Sentinel,quality-first,1.0,0.7375497234315708,0.8550329465291195,23.0,-0.27760822309754873,1.65
44,icmp_chaos,Sentinel,icmp-only,1.0,0.7349876205662319,0.8443082266599493,23.0,-0.2701956060937174,1.3
44,icmp_chaos,Sentinel,quality-first,0.9,0.737578497284272,0.855116280567397,23.250000000000004,-0.2779127832831249,2.5
44,icmp_chaos,Sentinel,icmp-only,0.9,0.7348762479642253,0.8440271491724897,23.250000000000004,-0.2702759012082643,1.8
44,icmp_chaos,Sentinel,quality-first,0.7,0.7372675577500114,0.8558791763427533,23.0,-0.27848661859274193,3.75
44,icmp_chaos,Sentinel,icmp-only,0.7,0.7346954166537032,0.8439723914171132,23.0,-0.27027697476341006,2.65
44,strong,STRADDLE,none,,0.5196598827686214,0.8191422135071246,32.5,-0.5819823307385031,0.0
44,strong,STRADDLE,quality-first,1.0,0.5196598827686214,0.8191422135071246,32.5,-0.5819823307385031,0.0
44,strong,STRADDLE,icmp-only,1.0,0.5196598827686214,0.8191422135071246,32.5,-0.5819823307385031,0.0
44,strong,STRADDLE,quality-first,0.9,0.519313001940425,0.8209495666560647,37.00000000000001,-0.5886365647156397,0.35
44,strong,STRADDLE,icmp-only,0.9,0.519313001940425,0.8209495666560647,37.00000000000001,-0.5886365647156397,0.35
44,strong,STRADDLE,quality-first,0.7,0.5185858448787941,0.8219462849569347,42.75,-0.5961104400781405,1.1
44,strong,STRADDLE,icmp-only,0.7,0.5185858448787941,0.8219462849569347,42.75,-0.5961104400781405,1.1
44,strong,Sentinel,none,,0.5165055028575286,0.8442265565647767,59.25,-0.6369710537072482,0.0
44,strong,Sentinel,quality-first,1.0,0.5165055028575286,0.8442265565647767,59.25,-0.6369710537072482,0.0
44,strong,Sentinel,icmp-only,1.0,0.5165055028575286,0.8442265565647767,59.25,-0.6369710537072482,0.0
44,strong,Sentinel,quality-first,0.9,0.5161355050035642,0.8453785702180576,63.75,-0.6429930652144934,0.35
44,strong,Sentinel,icmp-only,0.9,0.5161355050035642,0.8453785702180576,63.75,-0.6429930652144934,0.35
44,strong,Sentinel,quality-first,0.7,0.5156809133468803,0.8463717282626269,69.24999999999999,-0.6499408149157466,1.1
44,strong,Sentinel,icmp-only,0.7,0.5156809133468803,0.8463717282626269,69.24999999999999,-0.6499408149157466,1.1
44,chaos,STRADDLE,none,,0.8579061939741817,0.8662734974576946,10.0,-0.0866173034835129,0.0
44,chaos,STRADDLE,quality-first,1.0,0.8758175950278319,0.9353452535240849,7.75,-0.13465265849625307,2.4
44,chaos,STRADDLE,icmp-only,1.0,0.8579061939741817,0.8662734974576946,10.0,-0.0866173034835129,0.0
44,chaos,STRADDLE,quality-first,0.9,0.8754200676520627,0.9353251634233063,7.75,-0.1346550957712436,2.7
44,chaos,STRADDLE,icmp-only,0.9,0.857899979248954,0.8670185440597867,10.0,-0.08749356481083273,0.4
44,chaos,STRADDLE,quality-first,0.7,0.8747168027831779,0.9321729030110537,7.75,-0.13220610022787585,3.35
44,chaos,STRADDLE,icmp-only,0.7,0.8579740914964062,0.86875268079312,10.0,-0.08915358929671371,0.9
44,chaos,Sentinel,none,,0.8650616381315763,0.9134484400886812,9.75,-0.1261368019571049,0.0
44,chaos,Sentinel,quality-first,1.0,0.8761825189096344,0.9478953213654803,8.5,-0.1477128024558459,2.4
44,chaos,Sentinel,icmp-only,1.0,0.8650616381315763,0.9134484400886812,9.75,-0.1261368019571049,0.0
44,chaos,Sentinel,quality-first,0.9,0.8759232879170091,0.947599771829666,8.25,-0.14705148391265693,2.7
44,chaos,Sentinel,icmp-only,0.9,0.8649556873195544,0.9131173275328693,9.75,-0.12603664021331493,0.4
44,chaos,Sentinel,quality-first,0.7,0.8753178057041083,0.9459570852176068,8.25,-0.1460142795134985,3.35
44,chaos,Sentinel,icmp-only,0.7,0.8647104818264938,0.9130201105327197,9.75,-0.1261846287062259,0.9
44,pulse,STRADDLE,none,,0.7631396075132845,0.8482943750852121,7.75,-0.21790476757192764,0.0
44,pulse,STRADDLE,quality-first,1.0,0.7631396075132845,0.8482943750852121,7.75,-0.21790476757192764,0.0
44,pulse,STRADDLE,icmp-only,1.0,0.7631396075132845,0.8482943750852121,7.75,-0.21790476757192764,0.0
44,pulse,STRADDLE,quality-first,0.9,0.7632314182437018,0.8504595859954959,8.75,-0.2209781677517941,0.55
44,pulse,STRADDLE,icmp-only,0.9,0.7630449003412394,0.8479022732425395,8.75,-0.21860737290130014,0.2
44,pulse,STRADDLE,quality-first,0.7,0.7633578136416703,0.8549322241576285,13.25,-0.22982441051595814,1.7
44,pulse,STRADDLE,icmp-only,0.7,0.7627016653218991,0.8474804303338873,13.500000000000002,-0.22327876501198823,0.9
44,pulse,Sentinel,none,,0.7611565571685938,0.8710621747920511,27.75,-0.2626556176234573,0.0
44,pulse,Sentinel,quality-first,1.0,0.7611565571685938,0.8710621747920511,27.75,-0.2626556176234573,0.0
44,pulse,Sentinel,icmp-only,1.0,0.7611565571685938,0.8710621747920511,27.75,-0.2626556176234573,0.0
44,pulse,Sentinel,quality-first,0.9,0.7613274782210478,0.8726642707105157,27.75,-0.2640867924894678,0.55
44,pulse,Sentinel,icmp-only,0.9,0.7611144247191782,0.8706375598524485,27.999999999999996,-0.2625231351332703,0.2
44,pulse,Sentinel,quality-first,0.7,0.7616636638263813,0.8763140147200934,29.25,-0.2689003508937121,1.7
44,pulse,Sentinel,icmp-only,0.7,0.7608798443634335,0.8699446794613064,30.750000000000004,-0.2648148350978729,0.9
44,polymorph,STRADDLE,none,,0.6666479639256351,0.8921622138826238,8.25,-0.41801424995698877,0.0
44,polymorph,STRADDLE,quality-first,1.0,0.6760608027933702,0.9106343741183869,6.500000000000001,-0.4209485713250167,3.25
44,polymorph,STRADDLE,icmp-only,1.0,0.6666479639256351,0.8921622138826238,8.25,-0.41801424995698877,0.0
44,polymorph,STRADDLE,quality-first,0.9,0.6755718574059532,0.9095830452402611,6.25,-0.420261187834308,3.65
44,polymorph,STRADDLE,icmp-only,0.9,0.6665848713193125,0.8918578117508164,7.249999999999999,-0.4166479404315038,0.45
44,polymorph,STRADDLE,quality-first,0.7,0.67449569737335,0.9088978036052155,6.25,-0.4214021062318655,3.95
44,polymorph,STRADDLE,icmp-only,0.7,0.6661493232792115,0.8921521177797844,7.249999999999999,-0.41762779450057297,1.15
44,polymorph,Sentinel,none,,0.66428678805119,0.9086920446690309,6.750000000000001,-0.4362802566178408,0.0
44,polymorph,Sentinel,quality-first,1.0,0.6737672411096711,0.9243964988734554,4.500000000000001,-0.4351292577637843,3.25
44,polymorph,Sentinel,icmp-only,1.0,0.66428678805119,0.9086920446690309,6.750000000000001,-0.4362802566178408,0.0
44,polymorph,Sentinel,quality-first,0.9,0.6733537358828064,0.9232361932081641,4.500000000000001,-0.4345074573253576,3.65
44,polymorph,Sentinel,icmp-only,0.9,0.6642345002042706,0.9081705632263158,6.500000000000001,-0.4355610630220453,0.45
44,polymorph,Sentinel,quality-first,0.7,0.6724835557341062,0.9220592306869229,4.25,-0.43457567495281657,3.95
44,polymorph,Sentinel,icmp-only,0.7,0.6639577325550156,0.9080076156706103,6.25,-0.4355498831155947,1.15
45,icmp,STRADDLE,none,,0.5297866817642476,0.7310105627854174,0.25,-0.4514738810211698,0.0
45,icmp,STRADDLE,quality-first,1.0,0.5315312125133289,0.7506207038606888,0.25,-0.46933949134735986,1.0
45,icmp,STRADDLE,icmp-only,1.0,0.5315312125133289,0.7506207038606888,0.25,-0.46933949134735986,1.0
45,icmp,STRADDLE,quality-first,0.9,0.5313902266728197,0.748704644604578,0.25,-0.4675644179317583,2.6
45,icmp,STRADDLE,icmp-only,0.9,0.5313902266728197,0.748704644604578,0.25,-0.4675644179317583,2.6
45,icmp,STRADDLE,quality-first,0.7,0.5311136935768583,0.7456388290326974,0.25,-0.46477513545583904,3.8
45,icmp,STRADDLE,icmp-only,0.7,0.5311136935768583,0.7456388290326974,0.25,-0.46477513545583904,3.8
45,icmp,Sentinel,none,,0.5307903372533728,0.7430410263995489,0.25,-0.46250068914617615,0.0
45,icmp,Sentinel,quality-first,1.0,0.5315489193679106,0.7508422013099718,0.25,-0.4695432819420612,1.0
45,icmp,Sentinel,icmp-only,1.0,0.5315489193679106,0.7508422013099718,0.25,-0.4695432819420612,1.0
45,icmp,Sentinel,quality-first,0.9,0.5314899940460704,0.7501023700574727,0.25,-0.46886237601140224,2.6
45,icmp,Sentinel,icmp-only,0.9,0.5314899940460704,0.7501023700574727,0.25,-0.46886237601140224,2.6
45,icmp,Sentinel,quality-first,0.7,0.5313688033205487,0.7488331494634672,0.25,-0.4677143461429185,3.8
45,icmp,Sentinel,icmp-only,0.7,0.5313688033205487,0.7488331494634672,0.25,-0.4677143461429185,3.8
45,mild,STRADDLE,none,,0.9810059036440409,0.9413956813304238,0.0,0.039610222313617105,0.0
45,mild,STRADDLE,quality-first,1.0,0.9964463898712457,0.9851265802645367,0.0,0.011319809606708975,1.0
45,mild,STRADDLE,icmp-only,1.0,0.9810059036440409,0.9413956813304238,0.0,0.039610222313617105,0.0
45,mild,STRADDLE,quality-first,0.9,0.996373034351913,0.9851228599443557,0.0,0.011250174407557378,1.3
45,mild,STRADDLE,icmp-only,0.9,0.9809700982858013,0.9414742190078156,0.0,0.0394958792779857,0.2
45,mild,STRADDLE,quality-first,0.7,0.9957911571371595,0.9836554553986717,0.0,0.01213570173848777,2.6
45,mild,STRADDLE,icmp-only,0.7,0.9812712345369127,0.9424017195942458,0.0,0.03886951494266688,0.95
45,mild,Sentinel,none,,0.9921774491462213,0.9789196704092742,0.0,0.013257778736947112,0.0
45,mild,Sentinel,quality-first,1.0,0.9981930880515358,0.9913895037109526,0.0,0.0068035843405832575,1.0
45,mild,Sentinel,icmp-only,1.0,0.9921774491462213,0.9789196704092742,0.0,0.013257778736947112,0.0
45,mild,Sentinel,quality-first,0.9,0.9981346955980648,0.9913895037109526,0.0,0.006745191887112201,1.3
45,mild,Sentinel,icmp-only,0.9,0.9921349437081995,0.9789196704092742,0.0,0.013215273298925356,0.2
45,mild,Sentinel,quality-first,0.7,0.9977351963591816,0.9902837896775152,0.0,0.007451406681666439,2.6
45,mild,Sentinel,icmp-only,0.7,0.9920206093349251,0.9785891428344776,0.0,0.013431466500447464,0.95
45,boundary,STRADDLE,none,,0.921893942820926,0.8418590794452921,0.0,0.07928486337563381,0.0
45,boundary,STRADDLE,quality-first,1.0,0.957815084116169,0.9719205137402536,0.0,-0.014105429624084564,1.0
45,boundary,STRADDLE,icmp-only,1.0,0.921893942820926,0.8418590794452921,0.0,0.07928486337563381,0.0
45,boundary,STRADDLE,quality-first,0.9,0.9566385986156317,0.9694352903927268,0.0,-0.012796691777095082,1.45
45,boundary,STRADDLE,icmp-only,0.9,0.9218915114564348,0.8423321010632122,0.0,0.07893441039322256,0.3
45,boundary,STRADDLE,quality-first,0.7,0.9548021666700853,0.9629708397237844,0.0,-0.00841867305369906,2.2
45,boundary,STRADDLE,icmp-only,0.7,0.9219719142146477,0.8430594336066399,0.0,0.07816248060800782,0.85
45,boundary,Sentinel,none,,0.9227014872868742,0.8992317514189601,0.0,0.02271973586791412,0.0
45,boundary,Sentinel,quality-first,1.0,0.9566881805173699,0.9784173484372332,0.0,-0.021729167919863235,1.0
45,boundary,Sentinel,icmp-only,1.0,0.9227014872868742,0.8992317514189601,0.0,0.02271973586791412,0.0
45,boundary,Sentinel,quality-first,0.9,0.9553452152483018,0.9766582917475134,0.0,-0.021313076499211547,1.45
45,boundary,Sentinel,icmp-only,0.9,0.9226208600462067,0.8991230352012163,0.0,0.02274782484499041,0.3
45,boundary,Sentinel,quality-first,0.7,0.9536847878305302,0.9719031574349669,0.0,-0.01846836960443668,2.2
45,boundary,Sentinel,icmp-only,0.7,0.922531194493196,0.898837845219567,0.0,0.022943349273628982,0.85
45,icmp_chaos,STRADDLE,none,,0.7198513469248199,0.8274559653492488,16.0,-0.2764796184244289,0.0
45,icmp_chaos,STRADDLE,quality-first,1.0,0.7203214202710213,0.8459884965586033,16.0,-0.29466707628758204,2.1
45,icmp_chaos,STRADDLE,icmp-only,1.0,0.7186733679523161,0.836016407539103,16.25,-0.2870930395867869,1.85
45,icmp_chaos,STRADDLE,quality-first,0.9,0.7205802860065799,0.8472732536336327,16.0,-0.29556796762705284,2.9
45,icmp_chaos,STRADDLE,icmp-only,0.9,0.7185282255240686,0.8339526374371851,16.25,-0.28517441191311643,2.1
45,icmp_chaos,STRADDLE,quality-first,0.7,0.718901979105226,0.8437474834966656,16.25,-0.2950955043914396,3.6
45,icmp_chaos,STRADDLE,icmp-only,0.7,0.7173436264932768,0.8345180265416905,16.25,-0.28804940004841373,2.4
45,icmp_chaos,Sentinel,none,,0.7050628335820105,0.864975993242312,21.75,-0.3406631596603015,0.0
45,icmp_chaos,Sentinel,quality-first,1.0,0.7085868179912986,0.8739804830304164,21.5,-0.3428936650391178,2.1
45,icmp_chaos,Sentinel,icmp-only,1.0,0.7051628070419469,0.8662988492416895,21.75,-0.3418860421997426,1.85
45,icmp_chaos,Sentinel,quality-first,0.9,0.7089026869055646,0.8765152683822169,21.5,-0.34511258147665236,2.9
45,icmp_chaos,Sentinel,icmp-only,0.9,0.7051337575389452,0.866106093779066,21.75,-0.3417223362401207,2.1
45,icmp_chaos,Sentinel,quality-first,0.7,0.7073313372614496,0.8746780722153836,21.75,-0.346971734953934,3.6
45,icmp_chaos,Sentinel,icmp-only,0.7,0.705061588407243,0.8660337137605566,21.75,-0.3417221253533136,2.4
45,strong,STRADDLE,none,,0.5246192913043963,0.8474754622342756,31.0,-0.6038561709298793,0.0
45,strong,STRADDLE,quality-first,1.0,0.5246192913043963,0.8474754622342756,31.0,-0.6038561709298793,0.0
45,strong,STRADDLE,icmp-only,1.0,0.5246192913043963,0.8474754622342756,31.0,-0.6038561709298793,0.0
45,strong,STRADDLE,quality-first,0.9,0.5237774950816022,0.8472201655561251,37.25,-0.6106926704745229,0.6
45,strong,STRADDLE,icmp-only,0.9,0.5237774950816022,0.8472201655561251,37.25,-0.6106926704745229,0.6
45,strong,STRADDLE,quality-first,0.7,0.5233685146044148,0.8499822554317152,41.25,-0.6178637408273004,1.1
45,strong,STRADDLE,icmp-only,0.7,0.5233685146044148,0.8499822554317152,41.25,-0.6178637408273004,1.1
45,strong,Sentinel,none,,0.5077082221837698,0.8607142742302129,171.25,-0.7742560520464431,0.0
45,strong,Sentinel,quality-first,1.0,0.5077082221837698,0.8607142742302129,171.25,-0.7742560520464431,0.0
45,strong,Sentinel,icmp-only,1.0,0.5077082221837698,0.8607142742302129,171.25,-0.7742560520464431,0.0
45,strong,Sentinel,quality-first,0.9,0.5077022735167361,0.8606838962351964,171.25,-0.7742316227184602,0.6
45,strong,Sentinel,icmp-only,0.9,0.5077022735167361,0.8606838962351964,171.25,-0.7742316227184602,0.6
45,strong,Sentinel,quality-first,0.7,0.5076960806908268,0.8606528993522422,171.25,-0.7742068186614154,1.1
45,strong,Sentinel,icmp-only,0.7,0.5076960806908268,0.8606528993522422,171.25,-0.7742068186614154,1.1
45,chaos,STRADDLE,none,,0.8001458187447029,0.8733131584059273,11.25,-0.19816733966122435,0.0
45,chaos,STRADDLE,quality-first,1.0,0.8080759665244992,0.9025565183785391,10.5,-0.21673055185403992,2.1
45,chaos,STRADDLE,icmp-only,1.0,0.8001458187447029,0.8733131584059273,11.25,-0.19816733966122435,0.0
45,chaos,STRADDLE,quality-first,0.9,0.8074618714218658,0.9006874372633433,10.5,-0.21622556584147756,2.25
45,chaos,STRADDLE,icmp-only,0.9,0.7999517343825414,0.8730052487989569,11.25,-0.1980535144164155,0.2
45,chaos,STRADDLE,quality-first,0.7,0.8059292437368604,0.8990327794036567,10.5,-0.21747853566679629,3.3
45,chaos,STRADDLE,icmp-only,0.7,0.7992577174739793,0.874192868724997,11.25,-0.20118515125101769,0.9
45,chaos,Sentinel,none,,0.7878523814183482,0.9098066730438872,25.0,-0.26720429162553894,0.0
45,chaos,Sentinel,quality-first,1.0,0.7978921919170179,0.9259750762939121,22.5,-0.26795788437689416,2.1
45,chaos,Sentinel,icmp-only,1.0,0.7878523814183482,0.9098066730438872,25.0,-0.26720429162553894,0.0
45,chaos,Sentinel,quality-first,0.9,0.7973155922154633,0.9242305499413336,22.5,-0.26753995772587025,2.25
45,chaos,Sentinel,icmp-only,0.9,0.7878281608266058,0.9097786925084757,25.0,-0.26720053168186986,0.2
45,chaos,Sentinel,quality-first,0.7,0.7963983456180077,0.9218827792189976,22.5,-0.2663594336009899,3.3
45,chaos,Sentinel,icmp-only,0.7,0.7877538394536685,0.909634649519824,25.0,-0.26725581006615545,0.9
45,pulse,STRADDLE,none,,0.7644469535905537,0.8779936897901877,6.500000000000001,-0.24504673619963396,0.0
45,pulse,STRADDLE,quality-first,1.0,0.7644469535905537,0.8779936897901877,6.500000000000001,-0.24504673619963396,0.0
45,pulse,STRADDLE,icmp-only,1.0,0.7644469535905537,0.8779936897901877,6.500000000000001,-0.24504673619963396,0.0
45,pulse,STRADDLE,quality-first,0.9,0.7650420333902177,0.8868883431899883,7.249999999999999,-0.2540963097997706,1.5
45,pulse,STRADDLE,icmp-only,0.9,0.7643028740063862,0.8777630647076723,7.75,-0.2462101907012861,0.4
45,pulse,STRADDLE,quality-first,0.7,0.7655161500244502,0.895293992279108,9.75,-0.26452784225465786,2.95
45,pulse,STRADDLE,icmp-only,0.7,0.7639849634157322,0.8778037184594825,11.25,-0.25006875504375026,0.6
45,pulse,Sentinel,none,,0.7558033343629923,0.8981316181734831,93.75,-0.3610782838104908,0.0
45,pulse,Sentinel,quality-first,1.0,0.7558033343629923,0.8981316181734831,93.75,-0.3610782838104908,0.0
45,pulse,Sentinel,icmp-only,1.0,0.7558033343629923,0.8981316181734831,93.75,-0.3610782838104908,0.0
45,pulse,Sentinel,quality-first,0.9,0.7569503542246614,0.9028197652156418,86.75000000000001,-0.3576194109909804,1.5
45,pulse,Sentinel,icmp-only,0.9,0.7557382740220298,0.897519276758425,94.0,-0.36078100273639524,0.4
45,pulse,Sentinel,quality-first,0.7,0.758308526120207,0.910515424248642,79.5,-0.3567068981284349,2.95
45,pulse,Sentinel,icmp-only,0.7,0.7556558314957084,0.8973672704039556,94.75,-0.3614614389082472,0.6
45,polymorph,STRADDLE,none,,0.6642239228014138,0.888912206183502,12.0,-0.4233132833820882,0.0
45,polymorph,STRADDLE,quality-first,1.0,0.6716737117921767,0.9043346202923107,10.0,-0.425160908500134,3.1
45,polymorph,STRADDLE,icmp-only,1.0,0.6642239228014138,0.888912206183502,12.0,-0.4233132833820882,0.0
45,polymorph,STRADDLE,quality-first,0.9,0.67129468093185,0.903940601516284,10.0,-0.425395920584434,3.05
45,polymorph,STRADDLE,icmp-only,0.9,0.6640376307043939,0.8890476410204341,12.0,-0.4238850103160402,0.05
45,polymorph,STRADDLE,quality-first,0.7,0.6701186426980107,0.9021900202747734,10.5,-0.4260713775767627,3.2
45,polymorph,STRADDLE,icmp-only,0.7,0.6637243441970044,0.8894002371756274,12.5,-0.42505089297862303,0.75
45,polymorph,Sentinel,none,,0.6558382173603025,0.9048675552100797,11.75,-0.4501543378497772,0.0
45,polymorph,Sentinel,quality-first,1.0,0.6645293877682158,0.918312944740906,10.249999999999998,-0.4477835569726901,3.1
45,polymorph,Sentinel,icmp-only,1.0,0.6558382173603025,0.9048675552100797,11.75,-0.4501543378497772,0.0
45,polymorph,Sentinel,quality-first,0.9,0.664314133492683,0.9177786210970682,10.249999999999998,-0.4475894876043852,3.05
45,polymorph,Sentinel,icmp-only,0.9,0.6558304842932685,0.9048649313375503,11.75,-0.4501594470442818,0.05
45,polymorph,Sentinel,quality-first,0.7,0.6634090449840521,0.9156463907741571,10.249999999999998,-0.447112345790105,3.2
45,polymorph,Sentinel,icmp-only,0.7,0.6557771905466692,0.9047762051339271,11.75,-0.4501240145872579,0.75
46,icmp,STRADDLE,none,,0.5275342356500348,0.7276221818925143,2.7500000000000004,-0.4528379462424795,0.0
46,icmp,STRADDLE,quality-first,1.0,0.5302930603314886,0.7547336860818393,0.0,-0.47444062575035073,1.0
46,icmp,STRADDLE,icmp-only,1.0,0.5302930603314886,0.7547336860818393,0.0,-0.47444062575035073,1.0
46,icmp,STRADDLE,quality-first,0.9,0.5300118121629255,0.7528572024120733,0.75,-0.4735953902491479,2.2
46,icmp,STRADDLE,icmp-only,0.9,0.5300118121629255,0.7528572024120733,0.75,-0.4735953902491479,2.2
46,icmp,STRADDLE,quality-first,0.7,0.5294710330713129,0.7473614677797211,0.75,-0.4686404347084082,4.1
46,icmp,STRADDLE,icmp-only,0.7,0.5294710330713129,0.7473614677797211,0.75,-0.4686404347084082,4.1
46,icmp,Sentinel,none,,0.529761230526752,0.7495181259935638,0.0,-0.4697568954668119,0.0
46,icmp,Sentinel,quality-first,1.0,0.5303109745988753,0.7548667217578628,0.0,-0.4745557471589875,1.0
46,icmp,Sentinel,icmp-only,1.0,0.5303109745988753,0.7548667217578628,0.0,-0.4745557471589875,1.0
46,icmp,Sentinel,quality-first,0.9,0.5302566504934405,0.7545070673130087,0.0,-0.47425041681956814,2.2
46,icmp,Sentinel,icmp-only,0.9,0.5302566504934405,0.7545070673130087,0.0,-0.47425041681956814,2.2
46,icmp,Sentinel,quality-first,0.7,0.5301481640322716,0.753428842279808,0.0,-0.4732806782475364,4.1
46,icmp,Sentinel,icmp-only,0.7,0.5301481640322716,0.753428842279808,0.0,-0.4732806782475364,4.1
46,mild,STRADDLE,none,,0.9816263201627919,0.943491511797647,0.0,0.038134808365144934,0.0
46,mild,STRADDLE,quality-first,1.0,0.9971138573072764,0.991386324443115,0.0,0.005727532864161389,1.0
46,mild,STRADDLE,icmp-only,1.0,0.9816263201627919,0.943491511797647,0.0,0.038134808365144934,0.0
46,mild,STRADDLE,quality-first,0.9,0.9968705142123886,0.9903900358826363,0.0,0.006480478329752293,1.45
46,mild,STRADDLE,icmp-only,0.9,0.981632080957385,0.9435047905892583,0.0,0.038127290368126676,0.15
46,mild,STRADDLE,quality-first,0.7,0.9962708278874645,0.9889863877521188,0.0,0.007284440135345682,2.85
46,mild,STRADDLE,icmp-only,0.7,0.9817723612824562,0.944238281870909,0.0,0.03753407941154718,0.85
46,mild,Sentinel,none,,0.9884477053912398,0.9857817284079566,0.0,0.0026659769832831914,0.0
46,mild,Sentinel,quality-first,1.0,0.9968510580780875,0.9954822355233516,0.0,0.0013688225547359156,1.0
46,mild,Sentinel,icmp-only,1.0,0.9884477053912398,0.9857817284079566,0.0,0.0026659769832831914,0.0
46,mild,Sentinel,quality-first,0.9,0.9966188661818748,0.9953398458192015,0.0,0.0012790203626732444,1.45
46,mild,Sentinel,icmp-only,0.9,0.988444303334791,0.9857736698407298,0.0,0.0026706334940612697,0.15
46,mild,Sentinel,quality-first,0.7,0.9963731672873369,0.9951274669524167,0.0,0.001245700334920219,2.85
46,mild,Sentinel,icmp-only,0.7,0.988406389972025,0.985701758313068,0.0,0.0027046316589569575,0.85
46,boundary,STRADDLE,none,,0.8995635554234315,0.833171774741167,0.0,0.06564178068226448,0.0
46,boundary,STRADDLE,quality-first,1.0,0.9431060657188962,0.9723662252677301,0.0,-0.029260159548833875,1.0
46,boundary,STRADDLE,icmp-only,1.0,0.8995635554234315,0.833171774741167,0.0,0.06564178068226448,0.0
46,boundary,STRADDLE,quality-first,0.9,0.9417859429772474,0.9682941687825528,0.0,-0.02650822580530543,1.55
46,boundary,STRADDLE,icmp-only,0.9,0.8994554917819193,0.8334060488675747,0.0,0.06529944291434456,0.25
46,boundary,STRADDLE,quality-first,0.7,0.9380985478313165,0.9615713843918201,0.0,-0.023722836560503585,2.75
46,boundary,STRADDLE,icmp-only,0.7,0.8993197837836445,0.8358652271739355,0.0,0.062704556609709,0.85
46,boundary,Sentinel,none,,0.8864512462676071,0.9193474244338151,0.0,-0.040521178166208045,0.0
46,boundary,Sentinel,quality-first,1.0,0.9376456124058589,0.9816781565489829,0.0,-0.044032544143124075,1.0
46,boundary,Sentinel,icmp-only,1.0,0.8864512462676071,0.9193474244338151,0.0,-0.040521178166208045,0.0
46,boundary,Sentinel,quality-first,0.9,0.9364330505887842,0.9791385307590217,0.0,-0.04270548017023745,1.55
46,boundary,Sentinel,icmp-only,0.9,0.8864782908760808,0.9194080983215989,0.0,-0.0405548074455181,0.25
46,boundary,Sentinel,quality-first,0.7,0.9323493016942824,0.9743853120858695,0.0,-0.04228601039158711,2.75
46,boundary,Sentinel,icmp-only,0.7,0.8865802885802568,0.9194992899849515,0.0,-0.040419001404694614,0.85
46,icmp_chaos,STRADDLE,none,,0.6946427147003525,0.7942609717470666,20.75,-0.282243257046714,0.0
46,icmp_chaos,STRADDLE,quality-first,1.0,0.697389432653999,0.8194640574997163,24.249999999999996,-0.30669962484571733,2.45
46,icmp_chaos,STRADDLE,icmp-only,1.0,0.6944278747960348,0.8069979980834552,25.249999999999996,-0.29907012328742033,1.9
46,icmp_chaos,STRADDLE,quality-first,0.9,0.6977056145491066,0.8203884428530538,24.249999999999996,-0.3073078283039472,2.9
46,icmp_chaos,STRADDLE,icmp-only,0.9,0.6946038023938641,0.8070538396880271,25.249999999999996,-0.29895003729416303,2.25
46,icmp_chaos,STRADDLE,quality-first,0.7,0.6972860639686548,0.8211794995066566,24.5,-0.3083934355380018,3.55
46,icmp_chaos,STRADDLE,icmp-only,0.7,0.6942638942019523,0.8069190685145269,25.249999999999996,-0.29878017431257453,2.6
46,icmp_chaos,Sentinel,none,,0.6873531753101488,0.8234161464241267,38.75,-0.3430629711139779,0.0
46,icmp_chaos,Sentinel,quality-first,1.0,0.6934333576959223,0.8384300857441082,37.00000000000001,-0.3468717280481859,2.45
46,icmp_chaos,Sentinel,icmp-only,1.0,0.687847414733503,0.8259663029988408,38.5,-0.34449388826533783,1.9
46,icmp_chaos,Sentinel,quality-first,0.9,0.6935170242542884,0.8390891678144572,37.00000000000001,-0.3474471435601688,2.9
46,icmp_chaos,Sentinel,icmp-only,0.9,0.6877997503922731,0.8258101772388278,38.5,-0.34438542684655465,2.25
46,icmp_chaos,Sentinel,quality-first,0.7,0.6929955736856473,0.8412601563294579,37.25,-0.3503895826438106,3.55
46,icmp_chaos,Sentinel,icmp-only,0.7,0.6877514488667182,0.8254862659857707,38.5,-0.3441098171190525,2.6
46,strong,STRADDLE,none,,0.5191138977495494,0.7870555780013655,59.75,-0.577691680251816,0.0
46,strong,STRADDLE,quality-first,1.0,0.5191138977495494,0.7870555780013655,59.75,-0.577691680251816,0.0
46,strong,STRADDLE,icmp-only,1.0,0.5191138977495494,0.7870555780013655,59.75,-0.577691680251816,0.0
46,strong,STRADDLE,quality-first,0.9,0.5188711940418127,0.7893739468946416,63.25,-0.5837527528528289,0.4
46,strong,STRADDLE,icmp-only,0.9,0.5188711940418127,0.7893739468946416,63.25,-0.5837527528528289,0.4
46,strong,STRADDLE,quality-first,0.7,0.5181054850693063,0.7920874612898194,73.25,-0.5972319762205132,1.1
46,strong,STRADDLE,icmp-only,0.7,0.5181054850693063,0.7920874612898194,73.25,-0.5972319762205132,1.1
46,strong,Sentinel,none,,0.5088152852826276,0.8470818166020957,172.25,-0.7605165313194681,0.0
46,strong,Sentinel,quality-first,1.0,0.5088152852826276,0.8470818166020957,172.25,-0.7605165313194681,0.0
46,strong,Sentinel,icmp-only,1.0,0.5088152852826276,0.8470818166020957,172.25,-0.7605165313194681,0.0
46,strong,Sentinel,quality-first,0.9,0.5088262502010311,0.847119507472135,172.0,-0.7602932572711039,0.4
46,strong,Sentinel,icmp-only,0.9,0.5088262502010311,0.847119507472135,172.0,-0.7602932572711039,0.4
46,strong,Sentinel,quality-first,0.7,0.5088552475282568,0.8471575453831541,172.0,-0.7603022978548972,1.1
46,strong,Sentinel,icmp-only,0.7,0.5088552475282568,0.8471575453831541,172.0,-0.7603022978548972,1.1
46,chaos,STRADDLE,none,,0.8427405419320871,0.8704707933039408,10.249999999999998,-0.11873025137185368,0.0
46,chaos,STRADDLE,quality-first,1.0,0.855136392543164,0.9176050277044133,9.250000000000002,-0.15196863516124937,1.8
46,chaos,STRADDLE,icmp-only,1.0,0.8427405419320871,0.8704707933039408,10.249999999999998,-0.11873025137185368,0.0
46,chaos,STRADDLE,quality-first,0.9,0.8540218711166182,0.913046195328891,9.250000000000002,-0.14889932421227278,2.35
46,chaos,STRADDLE,icmp-only,0.9,0.8426426833650588,0.8699497838851993,10.249999999999998,-0.1183071005201405,0.35
46,chaos,STRADDLE,quality-first,0.7,0.8534506526822194,0.9137235540500249,9.250000000000002,-0.1501479013678055,2.9
46,chaos,STRADDLE,icmp-only,0.7,0.8424698542324844,0.8712665410494921,10.5,-0.12004668681700764,0.6
46,chaos,Sentinel,none,,0.8359422682242144,0.9203282770984244,13.25,-0.18126100887420998,0.0
46,chaos,Sentinel,quality-first,1.0,0.847777880973627,0.9424765208942422,11.25,-0.1885736399206151,1.8
46,chaos,Sentinel,icmp-only,1.0,0.8359422682242144,0.9203282770984244,13.25,-0.18126100887420998,0.0
46,chaos,Sentinel,quality-first,0.9,0.846907042108371,0.9402929436490451,11.25,-0.18763590154067417,2.35
46,chaos,Sentinel,icmp-only,0.9,0.8359476942432909,0.9203382067902334,13.25,-0.1812655125469425,0.35
46,chaos,Sentinel,quality-first,0.7,0.8468366260577757,0.939397136860814,11.25,-0.1868105108030384,2.9
46,chaos,Sentinel,icmp-only,0.7,0.8359689842522922,0.9203574841602009,13.25,-0.18126349990790874,0.6
46,pulse,STRADDLE,none,,0.7637506582226534,0.859520533422754,17.5,-0.23826987520010062,0.0
46,pulse,STRADDLE,quality-first,1.0,0.7637506582226534,0.859520533422754,17.5,-0.23826987520010062,0.0
46,pulse,STRADDLE,icmp-only,1.0,0.7637506582226534,0.859520533422754,17.5,-0.23826987520010062,0.0
46,pulse,STRADDLE,quality-first,0.9,0.7638202532889682,0.8639200101596126,19.25,-0.24434975687064442,1.15
46,pulse,STRADDLE,icmp-only,0.9,0.7634819927928421,0.8604696439874677,19.25,-0.2412376511946256,0.6
46,pulse,STRADDLE,quality-first,0.7,0.7636386405400433,0.8723198846169229,24.0,-0.25768124407687965,2.9
46,pulse,STRADDLE,icmp-only,0.7,0.7627864426966249,0.860486463634998,25.249999999999996,-0.24795002093837315,1.65
46,pulse,Sentinel,none,,0.757955893206383,0.8755205416507048,68.0,-0.3105646484443218,0.0
46,pulse,Sentinel,quality-first,1.0,0.757955893206383,0.8755205416507048,68.0,-0.3105646484443218,0.0
46,pulse,Sentinel,icmp-only,1.0,0.757955893206383,0.8755205416507048,68.0,-0.3105646484443218,0.0
46,pulse,Sentinel,quality-first,0.9,0.7582636324518833,0.879266229910246,67.75,-0.3137525974583627,1.15
46,pulse,Sentinel,icmp-only,0.9,0.7578512423834745,0.8748348185680932,68.25,-0.3102335761846188,0.6
46,pulse,Sentinel,quality-first,0.7,0.7587041295825034,0.8848626842979124,66.75,-0.3179085547154089,2.9
46,pulse,Sentinel,icmp-only,0.7,0.7576104032556867,0.8737522027866886,69.74999999999999,-0.3108917995310019,1.65
46,polymorph,STRADDLE,none,,0.6587614958444835,0.8859368140608739,20.75,-0.43330031821639037,0.0
46,polymorph,STRADDLE,quality-first,1.0,0.6694416071931988,0.9080334878990082,15.5,-0.4350918807058094,3.4
46,polymorph,STRADDLE,icmp-only,1.0,0.6587614958444835,0.8859368140608739,20.75,-0.43330031821639037,0.0
46,polymorph,STRADDLE,quality-first,0.9,0.6693260604119945,0.9081241982206683,15.5,-0.43529813780867377,3.6
46,polymorph,STRADDLE,icmp-only,0.9,0.6586459490632793,0.8860275243825338,20.75,-0.4335065753192545,0.2
46,polymorph,STRADDLE,quality-first,0.7,0.668335880956369,0.9064088013676143,16.5,-0.4359479204112453,3.9
46,polymorph,STRADDLE,icmp-only,0.7,0.658428799258911,0.8866251719523394,21.0,-0.4346963726934284,0.9
46,polymorph,Sentinel,none,,0.6510712490242466,0.9051008648963483,19.5,-0.46352961587210173,0.0
46,polymorph,Sentinel,quality-first,1.0,0.6621906276312156,0.9231423149503302,15.5,-0.46157668731911455,3.4
46,polymorph,Sentinel,icmp-only,1.0,0.6510712490242466,0.9051008648963483,19.5,-0.46352961587210173,0.0
46,polymorph,Sentinel,quality-first,0.9,0.6622079656512944,0.9231600830236951,15.5,-0.46157711737240076,3.6
46,polymorph,Sentinel,icmp-only,0.9,0.6510885870443255,0.9051186329697135,19.5,-0.46353004592538805,0.2
46,polymorph,Sentinel,quality-first,0.7,0.6616149892118439,0.9215598463820089,15.75,-0.461194857170165,3.9
46,polymorph,Sentinel,icmp-only,0.7,0.6511363717756881,0.9051874281205521,19.5,-0.46355105634486404,0.9
47,icmp,STRADDLE,none,,0.5307107702887538,0.7533621878216024,0.75,-0.4734014175328486,0.0
47,icmp,STRADDLE,quality-first,1.0,0.5307107710422158,0.7533622122132635,0.75,-0.47340144117104777,1.0
47,icmp,STRADDLE,icmp-only,1.0,0.5307107710422158,0.7533622122132635,0.75,-0.47340144117104777,1.0
47,icmp,STRADDLE,quality-first,0.9,0.5307107702887538,0.7533621878216024,0.75,-0.4734014175328486,2.0
47,icmp,STRADDLE,icmp-only,0.9,0.5307107702887538,0.7533621878216024,0.75,-0.4734014175328486,2.0
47,icmp,STRADDLE,quality-first,0.7,0.5307107702887538,0.7533621878216024,0.75,-0.4734014175328486,4.7
47,icmp,STRADDLE,icmp-only,0.7,0.5307107702887538,0.7533621878216024,0.75,-0.4734014175328486,4.7
47,icmp,Sentinel,none,,0.5307233077970974,0.7534630568870978,0.75,-0.4734897490900004,0.0
47,icmp,Sentinel,quality-first,1.0,0.5307652298273621,0.7538390793722111,0.75,-0.473823849544849,1.0
47,icmp,Sentinel,icmp-only,1.0,0.5307652298273621,0.7538390793722111,0.75,-0.473823849544849,1.0
47,icmp,Sentinel,quality-first,0.9,0.5307622245692791,0.7538127753719849,0.75,-0.4738005508027058,2.0
47,icmp,Sentinel,icmp-only,0.9,0.5307622245692791,0.7538127753719849,0.75,-0.4738005508027058,2.0
47,icmp,Sentinel,quality-first,0.7,0.5307548901742725,0.7537378960079156,0.75,-0.4737330058336432,4.7
47,icmp,Sentinel,icmp-only,0.7,0.5307548901742725,0.7537378960079156,0.75,-0.4737330058336432,4.7
47,mild,STRADDLE,none,,0.9869661565886813,0.9614050153990916,0.0,0.02556114118958963,0.0
47,mild,STRADDLE,quality-first,1.0,0.9975060696768222,0.9930545284063814,0.0,0.004451541270440784,1.0
47,mild,STRADDLE,icmp-only,1.0,0.9869661565886813,0.9614050153990916,0.0,0.02556114118958963,0.0
47,mild,STRADDLE,quality-first,0.9,0.9970909819718408,0.9926516350078272,0.0,0.004439346964013602,1.4
47,mild,STRADDLE,icmp-only,0.9,0.9870526952366794,0.9617644517784122,0.0,0.02528824345826719,0.2
47,mild,STRADDLE,quality-first,0.7,0.9962316405273012,0.9894955856230514,0.0,0.0067360549042497775,2.55
47,mild,STRADDLE,icmp-only,0.7,0.9872257492770209,0.9621134134612156,0.0,0.025112335815805298,0.6
47,mild,Sentinel,none,,0.9929812373168042,0.9876480280950947,0.0,0.005333209221709545,0.0
47,mild,Sentinel,quality-first,1.0,0.9982649940097221,0.9968923715560015,0.0,0.0013726224537206067,1.0
47,mild,Sentinel,icmp-only,1.0,0.9929812373168042,0.9876480280950947,0.0,0.005333209221709545,0.0
47,mild,Sentinel,quality-first,0.9,0.9980999622644421,0.9966415639144148,0.0,0.0014583983500272568,1.4
47,mild,Sentinel,icmp-only,0.9,0.9929445390280481,0.9875039071408412,0.0,0.005440631887206893,0.2
47,mild,Sentinel,quality-first,0.7,0.9976036893270118,0.9954637162202828,0.0,0.0021399731067289762,2.55
47,mild,Sentinel,icmp-only,0.7,0.992884827729703,0.987423855769096,0.0,0.0054609719606070195,0.6
47,boundary,STRADDLE,none,,0.9043770034940405,0.8687443753950665,0.0,0.03538262809897394,0.0
47,boundary,STRADDLE,quality-first,1.0,0.9508437355242003,0.9769251085334879,0.0,-0.02608137300928759,1.0
47,boundary,STRADDLE,icmp-only,1.0,0.9043770034940405,0.8687443753950665,0.0,0.03538262809897394,0.0
47,boundary,STRADDLE,quality-first,0.9,0.9482040609529484,0.971375186154942,0.0,-0.023171125201993603,1.85
47,boundary,STRADDLE,icmp-only,0.9,0.9041204310907744,0.869836975780305,0.0,0.03403345531046939,0.35
47,boundary,STRADDLE,quality-first,0.7,0.9459139496928708,0.965862333315575,0.0,-0.019948383622704235,2.75
47,boundary,STRADDLE,icmp-only,0.7,0.9044498287119273,0.8706257417185551,0.0,0.03357408699337214,0.95
47,boundary,Sentinel,none,,0.904758524448351,0.9205584043968411,0.0,-0.01604987994849008,0.0
47,boundary,Sentinel,quality-first,1.0,0.948312814609852,0.9825492917645706,0.0,-0.03448647715471867,1.0
47,boundary,Sentinel,icmp-only,1.0,0.904758524448351,0.9205584043968411,0.0,-0.01604987994849008,0.0
47,boundary,Sentinel,quality-first,0.9,0.9458476779227897,0.979899244715855,0.0,-0.03430156679306531,1.85
47,boundary,Sentinel,icmp-only,0.9,0.9047364794122384,0.9205381437137369,0.0,-0.01605166430149843,0.35
47,boundary,Sentinel,quality-first,0.7,0.9438382140482932,0.9757800770372155,0.0,-0.03219186298892232,2.75
47,boundary,Sentinel,icmp-only,0.7,0.904712888835476,0.9204736890787464,0.0,-0.016010800243270423,0.95
47,icmp_chaos,STRADDLE,none,,0.6839826433001477,0.8282730612706471,22.250000000000004,-0.3557904179704995,0.0
47,icmp_chaos,STRADDLE,quality-first,1.0,0.6843085880877986,0.8357437549203635,24.249999999999996,-0.3639351668325649,2.6
47,icmp_chaos,STRADDLE,icmp-only,1.0,0.6826793986823876,0.8310910894332156,24.5,-0.36228669075082803,2.25
47,icmp_chaos,STRADDLE,quality-first,0.9,0.683992580866311,0.8354152457118792,24.249999999999996,-0.36392266484556823,3.2
47,icmp_chaos,STRADDLE,icmp-only,0.9,0.682549567999865,0.8309927038112326,24.5,-0.36231813581136757,2.75
47,icmp_chaos,STRADDLE,quality-first,0.7,0.6845155418724893,0.8417742595806882,24.249999999999996,-0.3697587177081989,3.45
47,icmp_chaos,STRADDLE,icmp-only,0.7,0.6825015975804293,0.8308890363201396,24.5,-0.36226243873971026,2.75
47,icmp_chaos,Sentinel,none,,0.6746940344141068,0.8480517746368091,34.5,-0.39910774022270235,0.0
47,icmp_chaos,Sentinel,quality-first,1.0,0.6768718673295372,0.8525651985800826,34.0,-0.39944333125054543,2.6
47,icmp_chaos,Sentinel,icmp-only,1.0,0.6746662244306737,0.8480687745714676,34.5,-0.39927755014079386,2.25
47,icmp_chaos,Sentinel,quality-first,0.9,0.6765888682984139,0.8522187911640126,34.0,-0.39937992286559865,3.2
47,icmp_chaos,Sentinel,icmp-only,0.9,0.6746592128150408,0.8480536361975817,34.5,-0.39926942338254084,2.75
47,icmp_chaos,Sentinel,quality-first,0.7,0.6771557388086282,0.8587278584642043,34.0,-0.4053221196555761,3.45
47,icmp_chaos,Sentinel,icmp-only,0.7,0.6746506261912859,0.8480459842196734,34.5,-0.39927035802838745,2.75
47,strong,STRADDLE,none,,0.5193602981194103,0.8244231573052747,38.0,-0.5930628591858644,0.0
47,strong,STRADDLE,quality-first,1.0,0.5193602981194103,0.8244231573052747,38.0,-0.5930628591858644,0.0
47,strong,STRADDLE,icmp-only,1.0,0.5193602981194103,0.8244231573052747,38.0,-0.5930628591858644,0.0
47,strong,STRADDLE,quality-first,0.9,0.5190536722917153,0.8254621547497105,41.25,-0.5976584824579952,0.3
47,strong,STRADDLE,icmp-only,0.9,0.5190536722917153,0.8254621547497105,41.25,-0.5976584824579952,0.3
47,strong,STRADDLE,quality-first,0.7,0.5183046860986958,0.8279849274373514,49.0,-0.6086802413386556,1.0
47,strong,STRADDLE,icmp-only,0.7,0.5183046860986958,0.8279849274373514,49.0,-0.6086802413386556,1.0
47,strong,Sentinel,none,,0.5062003273719263,0.8686628970615946,219.25,-0.8317125696896683,0.0
47,strong,Sentinel,quality-first,1.0,0.5062003273719263,0.8686628970615946,219.25,-0.8317125696896683,0.0
47,strong,Sentinel,icmp-only,1.0,0.5062003273719263,0.8686628970615946,219.25,-0.8317125696896683,0.0
47,strong,Sentinel,quality-first,0.9,0.5061917875006374,0.8686498078503376,219.25,-0.8317080203497003,0.3
47,strong,Sentinel,icmp-only,0.9,0.5061917875006374,0.8686498078503376,219.25,-0.8317080203497003,0.3
47,strong,Sentinel,quality-first,0.7,0.5061731373542194,0.8686068147815899,219.5,-0.8319336774273705,1.0
47,strong,Sentinel,icmp-only,0.7,0.5061731373542194,0.8686068147815899,219.5,-0.8319336774273705,1.0
47,chaos,STRADDLE,none,,0.8498583222765685,0.8805452265038662,10.5,-0.1193119042272977,0.0
47,chaos,STRADDLE,quality-first,1.0,0.8610865746951188,0.9328418210238428,10.0,-0.15625524632872398,2.85
47,chaos,STRADDLE,icmp-only,1.0,0.8498583222765685,0.8805452265038662,10.5,-0.1193119042272977,0.0
47,chaos,STRADDLE,quality-first,0.9,0.8610912321512457,0.9313714715919115,10.0,-0.15478023944066574,3.25
47,chaos,STRADDLE,icmp-only,0.9,0.849991631698045,0.8810176253125948,10.5,-0.11965099361454973,0.2
47,chaos,STRADDLE,quality-first,0.7,0.8602100647751567,0.9261031256753502,10.0,-0.1507680609001935,4.0
47,chaos,STRADDLE,icmp-only,0.7,0.8501537644676259,0.8818545519225491,10.5,-0.12032578745492323,0.8
47,chaos,Sentinel,none,,0.8485461279957405,0.9081588231421389,11.5,-0.15123769514639843,0.0
47,chaos,Sentinel,quality-first,1.0,0.8577551060329612,0.9418186853681314,11.000000000000002,-0.17168857933517018,2.85
47,chaos,Sentinel,icmp-only,1.0,0.8485461279957405,0.9081588231421389,11.5,-0.15123769514639843,0.0
47,chaos,Sentinel,quality-first,0.9,0.8576628387891654,0.9406561950656661,11.000000000000002,-0.17061835627650074,3.25
47,chaos,Sentinel,icmp-only,0.9,0.8485242563936456,0.908060182360451,11.5,-0.15116092596680544,0.2
47,chaos,Sentinel,quality-first,0.7,0.8567034067858897,0.9359804751381585,11.000000000000002,-0.16715206835226876,4.0
47,chaos,Sentinel,icmp-only,0.7,0.8484551687660151,0.9079770573701677,11.5,-0.1511468886041525,0.8
47,pulse,STRADDLE,none,,0.7606659575709507,0.8491505409057524,16.25,-0.22973458333480168,0.0
47,pulse,STRADDLE,quality-first,1.0,0.7606659575709507,0.8491505409057524,16.25,-0.22973458333480168,0.0
47,pulse,STRADDLE,icmp-only,1.0,0.7606659575709507,0.8491505409057524,16.25,-0.22973458333480168,0.0
47,pulse,STRADDLE,quality-first,0.9,0.7608652534893235,0.8512133960583542,19.25,-0.23459814256903067,1.1
47,pulse,STRADDLE,icmp-only,0.9,0.7604658313473854,0.8489050749956805,19.5,-0.23293924364829505,0.75
47,pulse,STRADDLE,quality-first,0.7,0.7616724035471143,0.8588967810367537,20.25,-0.2424743774896394,2.7
47,pulse,STRADDLE,icmp-only,0.7,0.7602313413001197,0.8489674981593351,22.5,-0.23623615685921542,1.45
47,pulse,Sentinel,none,,0.7582109749416119,0.8800803001175647,71.75,-0.3186193251759527,0.0
47,pulse,Sentinel,quality-first,1.0,0.7582109749416119,0.8800803001175647,71.75,-0.3186193251759527,0.0
47,pulse,Sentinel,icmp-only,1.0,0.7582109749416119,0.8800803001175647,71.75,-0.3186193251759527,0.0
47,pulse,Sentinel,quality-first,0.9,0.7585009129307798,0.8807423649154021,71.0,-0.31824145198462234,1.1
47,pulse,Sentinel,icmp-only,0.9,0.758059362081989,0.8790015323962885,73.0,-0.31894217031429956,0.75
47,pulse,Sentinel,quality-first,0.7,0.7597358365026922,0.8843166028154243,61.75,-0.31133076631273215,2.7
47,pulse,Sentinel,icmp-only,0.7,0.757898315413374,0.8780146359153418,73.5,-0.31861632050196775,1.45
47,polymorph,STRADDLE,none,,0.6713560778056498,0.8963880747436394,9.250000000000002,-0.4154069969379896,0.0
47,polymorph,STRADDLE,quality-first,1.0,0.6822117175456631,0.917031408313064,5.75,-0.4175696907674008,3.2
47,polymorph,STRADDLE,icmp-only,1.0,0.6713560778056498,0.8963880747436394,9.250000000000002,-0.4154069969379896,0.0
47,polymorph,STRADDLE,quality-first,0.9,0.6815599409949128,0.9164005085952256,6.25,-0.4190905676003128,3.45
47,polymorph,STRADDLE,icmp-only,0.9,0.671178600991034,0.8964206636441654,9.250000000000002,-0.4162420626531314,0.3
47,polymorph,STRADDLE,quality-first,0.7,0.680220544760421,0.9143762628303879,7.249999999999999,-0.41940571806996685,3.85
47,polymorph,STRADDLE,icmp-only,0.7,0.6709731047780315,0.8964757338303112,9.75,-0.4170026290522797,0.85
47,polymorph,Sentinel,none,,0.6614177751337597,0.9052688459082449,20.0,-0.4508510707744852,0.0
47,polymorph,Sentinel,quality-first,1.0,0.6742180265412384,0.9234663877002044,12.75,-0.44462336115896595,3.2
47,polymorph,Sentinel,icmp-only,1.0,0.6614177751337597,0.9052688459082449,20.0,-0.4508510707744852,0.0
47,polymorph,Sentinel,quality-first,0.9,0.6736788928276112,0.9228048387937662,13.75,-0.446000945966155,3.45
47,polymorph,Sentinel,icmp-only,0.9,0.6614061364298176,0.9052524896456273,20.0,-0.45084635321580974,0.3
47,polymorph,Sentinel,quality-first,0.7,0.672185639838849,0.9211278660748377,15.25,-0.4473172262359886,3.85
47,polymorph,Sentinel,icmp-only,0.7,0.6613856230581915,0.9052196895812245,20.0,-0.450834066523033,0.85
48,icmp,STRADDLE,none,,0.5215667268677813,0.7068234784114269,22.75,-0.4580067515436456,0.0
48,icmp,STRADDLE,quality-first,1.0,0.5279076966988786,0.7644136013515128,0.5,-0.4870059046526342,1.0
48,icmp,STRADDLE,icmp-only,1.0,0.5279076966988786,0.7644136013515128,0.5,-0.4870059046526342,1.0
48,icmp,STRADDLE,quality-first,0.9,0.5272312082046786,0.7584006904818763,3.0,-0.4841694822771977,3.1
48,icmp,STRADDLE,icmp-only,0.9,0.5272312082046786,0.7584006904818763,3.0,-0.4841694822771977,3.1
48,icmp,STRADDLE,quality-first,0.7,0.526272850308732,0.7493455874766866,5.500000000000001,-0.4785727371679545,4.5
48,icmp,STRADDLE,icmp-only,0.7,0.526272850308732,0.7493455874766866,5.500000000000001,-0.4785727371679545,4.5
48,icmp,Sentinel,none,,0.5278055322978287,0.7635527274293205,0.25,-0.48599719513149175,0.0
48,icmp,Sentinel,quality-first,1.0,0.5280074936453062,0.7652829642493675,0.25,-0.48752547060406126,1.0
48,icmp,Sentinel,icmp-only,1.0,0.5280074936453062,0.7652829642493675,0.25,-0.48752547060406126,1.0
48,icmp,Sentinel,quality-first,0.9,0.5279848891769041,0.7650932784237174,0.25,-0.4873583892468133,3.1
48,icmp,Sentinel,icmp-only,0.9,0.5279848891769041,0.7650932784237174,0.25,-0.4873583892468133,3.1
48,icmp,Sentinel,quality-first,0.7,0.5279552959958405,0.7648262192229521,0.25,-0.48712092322711165,4.5
48,icmp,Sentinel,icmp-only,0.7,0.5279552959958405,0.7648262192229521,0.25,-0.48712092322711165,4.5
48,mild,STRADDLE,none,,0.9798760866676705,0.9406327116951907,0.0,0.03924337497247976,0.0
48,mild,STRADDLE,quality-first,1.0,0.996094806029154,0.9886141582546172,0.0,0.0074806477745368305,1.0
48,mild,STRADDLE,icmp-only,1.0,0.9798760866676705,0.9406327116951907,0.0,0.03924337497247976,0.0
48,mild,STRADDLE,quality-first,0.9,0.9959048741015702,0.9880880275113239,0.0,0.007816846590246396,1.55
48,mild,STRADDLE,icmp-only,0.9,0.9800643878061299,0.9412008916322389,0.0,0.038863496173891066,0.3
48,mild,STRADDLE,quality-first,0.7,0.9958186314471894,0.9878913801956237,0.0,0.007927251251565681,1.75
48,mild,STRADDLE,icmp-only,0.7,0.9800996305300974,0.9413963701151562,0.0,0.03870326041494121,0.55
48,mild,Sentinel,none,,0.9863694120953335,0.9771684376613108,0.0,0.00920097443402268,0.0
48,mild,Sentinel,quality-first,1.0,0.9965323960792878,0.9943058486113546,0.0,0.00222654746793316,1.0
48,mild,Sentinel,icmp-only,1.0,0.9863694120953335,0.9771684376613108,0.0,0.00920097443402268,0.0
48,mild,Sentinel,quality-first,0.9,0.9963314165142504,0.9937476836759493,0.0,0.002583732838301045,1.55
48,mild,Sentinel,icmp-only,0.9,0.98637881596426,0.97719358276584,0.0,0.009185233198420018,0.3
48,mild,Sentinel,quality-first,0.7,0.9962190735397255,0.9934782877260021,0.0,0.00274078581372339,1.75
48,mild,Sentinel,icmp-only,0.7,0.9863052186915229,0.9770515649478912,0.0,0.009253653743631629,0.55
48,boundary,STRADDLE,none,,0.894209823353323,0.8473251642225309,0.0,0.04563465913079209,0.0
48,boundary,STRADDLE,quality-first,1.0,0.9406133527142267,0.9750028487099411,0.0,-0.03438949599571439,1.0
48,boundary,STRADDLE,icmp-only,1.0,0.894209823353323,0.8473251642225309,0.0,0.04563465913079209,0.0
48,boundary,STRADDLE,quality-first,0.9,0.9395282808863032,0.9727181787626213,0.0,-0.0334398978763181,1.35
48,boundary,STRADDLE,icmp-only,0.9,0.8940750351403847,0.8477646788206126,0.0,0.04493535631977209,0.2
48,boundary,STRADDLE,quality-first,0.7,0.9364719097673787,0.9672770259605586,0.0,-0.031055116193179938,2.2
48,boundary,STRADDLE,icmp-only,0.7,0.8944092914747247,0.8510990990468352,0.0,0.04193519242788947,0.65
48,boundary,Sentinel,none,,0.8911978147801802,0.9053454654993445,0.0,-0.016397650719164242,0.0
48,boundary,Sentinel,quality-first,1.0,0.9373482032960063,0.9792417114755414,0.0,-0.04214350817953508,1.0
48,boundary,Sentinel,icmp-only,1.0,0.8911978147801802,0.9053454654993445,0.0,-0.016397650719164242,0.0
48,boundary,Sentinel,quality-first,0.9,0.9364596945914994,0.9776434843757805,0.0,-0.04155878978428117,1.35
48,boundary,Sentinel,icmp-only,0.9,0.8912017347153584,0.9053637580962481,0.0,-0.01641202338088979,0.2
48,boundary,Sentinel,quality-first,0.7,0.9339505355435667,0.9734693784557219,0.0,-0.03989384291215524,2.2
48,boundary,Sentinel,icmp-only,0.7,0.8912221053848804,0.9053994207290451,0.0,-0.016427315344164667,0.65
48,icmp_chaos,STRADDLE,none,,0.6942062610692733,0.7916855141483473,26.000000000000004,-0.294479253079074,0.0
48,icmp_chaos,STRADDLE,quality-first,1.0,0.6980361149397473,0.8215986005726617,25.0,-0.31931248563291437,3.2
48,icmp_chaos,STRADDLE,icmp-only,1.0,0.6954621987914885,0.8113456854049502,25.249999999999996,-0.3126334866134617,2.45
48,icmp_chaos,STRADDLE,quality-first,0.9,0.6973351359838713,0.8203134718340312,25.0,-0.3193533358501599,3.45
48,icmp_chaos,STRADDLE,icmp-only,0.9,0.6949383310566871,0.8108382144876985,25.249999999999996,-0.3131498834310114,2.65
48,icmp_chaos,STRADDLE,quality-first,0.7,0.6962569452759233,0.8173656761278583,27.25,-0.3211087308519349,4.0
48,icmp_chaos,STRADDLE,icmp-only,0.7,0.6940309563605885,0.8074841529541052,27.5,-0.3143281965935167,3.25
48,icmp_chaos,Sentinel,none,,0.6897916475098974,0.8386123665525149,33.25,-0.3565707190426175,0.0
48,icmp_chaos,Sentinel,quality-first,1.0,0.693590214422089,0.847855886832102,32.75,-0.36026567241001295,3.2
48,icmp_chaos,Sentinel,icmp-only,1.0,0.689895590680957,0.8392874700586445,33.25,-0.3571418793776875,2.45
48,icmp_chaos,Sentinel,quality-first,0.9,0.6931904392727064,0.8476771344247341,32.75,-0.36111169515202773,3.45
48,icmp_chaos,Sentinel,icmp-only,0.9,0.6898818183176004,0.8391087176512766,33.25,-0.35697689933367616,2.65
48,icmp_chaos,Sentinel,quality-first,0.7,0.6926757590280155,0.8470252350050955,32.75,-0.3612244759770801,4.0
48,icmp_chaos,Sentinel,icmp-only,0.7,0.6898563365258945,0.8388904122228379,33.25,-0.35690907569694336,3.25
48,strong,STRADDLE,none,,0.5224535835548403,0.7851543310618673,67.0,-0.579700747507027,0.0
48,strong,STRADDLE,quality-first,1.0,0.5224535835548403,0.7851543310618673,67.0,-0.579700747507027,0.0
48,strong,STRADDLE,icmp-only,1.0,0.5224535835548403,0.7851543310618673,67.0,-0.579700747507027,0.0
48,strong,STRADDLE,quality-first,0.9,0.522302597588735,0.7848731645716651,68.49999999999999,-0.5810705669829301,0.1
48,strong,STRADDLE,icmp-only,0.9,0.522302597588735,0.7848731645716651,68.49999999999999,-0.5810705669829301,0.1
48,strong,STRADDLE,quality-first,0.7,0.5220932330733903,0.7878886606645232,70.5,-0.586295427591133,0.6
48,strong,STRADDLE,icmp-only,0.7,0.5220932330733903,0.7878886606645232,70.5,-0.586295427591133,0.6
48,strong,Sentinel,none,,0.5106883717610029,0.8428907448617693,168.24999999999997,-0.7504523731007664,0.0
48,strong,Sentinel,quality-first,1.0,0.5106883717610029,0.8428907448617693,168.24999999999997,-0.7504523731007664,0.0
48,strong,Sentinel,icmp-only,1.0,0.5106883717610029,0.8428907448617693,168.24999999999997,-0.7504523731007664,0.0
48,strong,Sentinel,quality-first,0.9,0.5106881204811695,0.8428902755648207,168.24999999999997,-0.7504521550836512,0.1
48,strong,Sentinel,icmp-only,0.9,0.5106881204811695,0.8428902755648207,168.24999999999997,-0.7504521550836512,0.1
48,strong,Sentinel,quality-first,0.7,0.5106919728700203,0.8429015792687421,168.24999999999997,-0.7504596063987218,0.6
48,strong,Sentinel,icmp-only,0.7,0.5106919728700203,0.8429015792687421,168.24999999999997,-0.7504596063987218,0.6
48,chaos,STRADDLE,none,,0.8472720038967371,0.8634648908342685,18.75,-0.0971928869375314,0.0
48,chaos,STRADDLE,quality-first,1.0,0.8664101131824835,0.9177339759423779,15.5,-0.12844886275989442,2.5
48,chaos,STRADDLE,icmp-only,1.0,0.8472720038967371,0.8634648908342685,18.75,-0.0971928869375314,0.0
48,chaos,STRADDLE,quality-first,0.9,0.8659217778917704,0.9167238830633657,15.5,-0.12792710517159533,3.1
48,chaos,STRADDLE,icmp-only,0.9,0.8470917358633159,0.8632491211659058,18.75,-0.09715738530258992,0.3
48,chaos,STRADDLE,quality-first,0.7,0.8655577603932713,0.9152248038747677,15.5,-0.1274170434814964,3.7
48,chaos,STRADDLE,icmp-only,0.7,0.8470369599149354,0.8631510950892585,18.75,-0.09761413517432303,0.8
48,chaos,Sentinel,none,,0.8470148909338612,0.9150337788911493,11.25,-0.15064388795728817,0.0
48,chaos,Sentinel,quality-first,1.0,0.8631956768812133,0.9390391199168319,8.5,-0.15196844303561852,2.5
48,chaos,Sentinel,icmp-only,1.0,0.8470148909338612,0.9150337788911493,11.25,-0.15064388795728817,0.0
48,chaos,Sentinel,quality-first,0.9,0.8626591422815748,0.9387066498420953,8.5,-0.15217250756052048,3.1
48,chaos,Sentinel,icmp-only,0.9,0.8470074466166079,0.9150340209856797,11.25,-0.15065157436907178,0.3
48,chaos,Sentinel,quality-first,0.7,0.8624530684129499,0.9378033685559997,8.5,-0.15147530014304977,3.7
48,chaos,Sentinel,icmp-only,0.7,0.84701573604863,0.9150546140105362,11.25,-0.15066387796190622,0.8
48,pulse,STRADDLE,none,,0.7625887382408476,0.8363306563012897,32.75,-0.23149191806044206,0.0
48,pulse,STRADDLE,quality-first,1.0,0.7625887382408476,0.8363306563012897,32.75,-0.23149191806044206,0.0
48,pulse,STRADDLE,icmp-only,1.0,0.7625887382408476,0.8363306563012897,32.75,-0.23149191806044206,0.0
48,pulse,STRADDLE,quality-first,0.9,0.7627288079681999,0.8391658464696932,32.25,-0.2336870385014933,0.3
48,pulse,STRADDLE,icmp-only,0.9,0.7625887382408476,0.8363306563012897,32.75,-0.23149191806044206,0.0
48,pulse,STRADDLE,quality-first,0.7,0.7631412630542864,0.8495001163999965,33.0,-0.24435885334571003,1.85
48,pulse,STRADDLE,icmp-only,0.7,0.762030408956698,0.837065691574459,36.5,-0.23653528261776094,0.6
48,pulse,Sentinel,none,,0.7572445620640796,0.882912752269197,74.00000000000001,-0.32466819020511734,0.0
48,pulse,Sentinel,quality-first,1.0,0.7572445620640796,0.882912752269197,74.00000000000001,-0.32466819020511734,0.0
48,pulse,Sentinel,icmp-only,1.0,0.7572445620640796,0.882912752269197,74.00000000000001,-0.32466819020511734,0.0
48,pulse,Sentinel,quality-first,0.9,0.7573712959285716,0.8852394604472277,74.00000000000001,-0.32686816451865613,0.3
48,pulse,Sentinel,icmp-only,0.9,0.7572445620640796,0.882912752269197,74.00000000000001,-0.32466819020511734,0.0
48,pulse,Sentinel,quality-first,0.7,0.7584943888757985,0.8896173236481533,68.0,-0.3241229347723548,1.85
48,pulse,Sentinel,icmp-only,0.7,0.75709686680297,0.8825205486582968,74.75,-0.3251736818553268,0.6
48,polymorph,STRADDLE,none,,0.6567823909696461,0.8701305046481635,24.5,-0.42309811367851746,0.0
48,polymorph,STRADDLE,quality-first,1.0,0.6672728277898231,0.8928995640280275,21.0,-0.4268767362382044,3.1
48,polymorph,STRADDLE,icmp-only,1.0,0.6567823909696461,0.8701305046481635,24.5,-0.42309811367851746,0.0
48,polymorph,STRADDLE,quality-first,0.9,0.6667737444600803,0.8917755026430051,21.5,-0.42675175818292477,3.0
48,polymorph,STRADDLE,icmp-only,0.9,0.6567823909696461,0.8701305046481635,24.5,-0.42309811367851746,0.0
48,polymorph,STRADDLE,quality-first,0.7,0.6662858879476041,0.8918955371654296,21.5,-0.42773464921782545,3.35
48,polymorph,STRADDLE,icmp-only,0.7,0.6567726295945961,0.8710326811147127,24.5,-0.42413505152011655,0.5
48,polymorph,Sentinel,none,,0.6557788415697303,0.9029036307052302,21.25,-0.45574978913549985,0.0
48,polymorph,Sentinel,quality-first,1.0,0.6659016449816256,0.91999999558795,19.5,-0.4554733506063244,3.1
48,polymorph,Sentinel,icmp-only,1.0,0.6557788415697303,0.9029036307052302,21.25,-0.45574978913549985,0.0
48,polymorph,Sentinel,quality-first,0.9,0.6654039512881407,0.9192146585732335,20.0,-0.45568570728509283,3.0
48,polymorph,Sentinel,icmp-only,0.9,0.6557788415697303,0.9029036307052302,21.25,-0.45574978913549985,0.0
48,polymorph,Sentinel,quality-first,0.7,0.6649277982989112,0.9187057784060869,20.0,-0.45590298010717567,3.35
48,polymorph,Sentinel,icmp-only,0.7,0.6557882896939116,0.9029226301324884,21.25,-0.45575934043857685,0.5
49,icmp,STRADDLE,none,,0.5192242273971217,0.6947622321959683,36.75,-0.46228800479884663,0.0
49,icmp,STRADDLE,quality-first,1.0,0.5276135680856879,0.7662424922896376,0.75,-0.4893789242039497,1.0
49,icmp,STRADDLE,icmp-only,1.0,0.5276135680856879,0.7662424922896376,0.75,-0.4893789242039497,1.0
49,icmp,STRADDLE,quality-first,0.9,0.5270267561550671,0.7605994406157627,1.5,-0.48507268446069557,1.9
49,icmp,STRADDLE,icmp-only,0.9,0.5270267561550671,0.7605994406157627,1.5,-0.48507268446069557,1.9
49,icmp,STRADDLE,quality-first,0.7,0.5257884178407071,0.7491588033105774,4.500000000000001,-0.4778703854698703,4.1
49,icmp,STRADDLE,icmp-only,0.7,0.5257884178407071,0.7491588033105774,4.500000000000001,-0.4778703854698703,4.1
49,icmp,Sentinel,none,,0.5277492185510397,0.7674085721723353,0.0,-0.48965935362129553,0.0
49,icmp,Sentinel,quality-first,1.0,0.5277492185510397,0.7674085721723353,0.0,-0.48965935362129553,1.0
49,icmp,Sentinel,icmp-only,1.0,0.5277492185510397,0.7674085721723353,0.0,-0.48965935362129553,1.0
49,icmp,Sentinel,quality-first,0.9,0.5277492185510397,0.7674085721723353,0.0,-0.48965935362129553,1.9
49,icmp,Sentinel,icmp-only,0.9,0.5277492185510397,0.7674085721723353,0.0,-0.48965935362129553,1.9
49,icmp,Sentinel,quality-first,0.7,0.5277492185510397,0.7674085721723353,0.0,-0.48965935362129553,4.1
49,icmp,Sentinel,icmp-only,0.7,0.5277492185510397,0.7674085721723353,0.0,-0.48965935362129553,4.1
49,mild,STRADDLE,none,,0.9790052902445455,0.9443067246196069,0.0,0.03469856562493867,0.0
49,mild,STRADDLE,quality-first,1.0,0.9966482555420246,0.9909153876804488,0.0,0.0057328678615757855,1.0
49,mild,STRADDLE,icmp-only,1.0,0.9790052902445455,0.9443067246196069,0.0,0.03469856562493867,0.0
49,mild,STRADDLE,quality-first,0.9,0.9956301742774375,0.9896206414303566,0.0,0.006009532847080945,2.1
49,mild,STRADDLE,icmp-only,0.9,0.9790129015332435,0.9456778775559422,0.0,0.03333502397730126,0.7
49,mild,STRADDLE,quality-first,0.7,0.9951656072612027,0.9893228892055529,0.0,0.005842718055649843,2.75
49,mild,STRADDLE,icmp-only,0.7,0.9790692672759136,0.9465568180705473,0.0,0.032512449205366334,1.0
49,mild,Sentinel,none,,0.9904233999981588,0.9856125785558308,0.0,0.004810821442327917,0.0
49,mild,Sentinel,quality-first,1.0,0.9977251581226337,0.9965026523536581,0.0,0.0012225057689756458,1.0
49,mild,Sentinel,icmp-only,1.0,0.9904233999981588,0.9856125785558308,0.0,0.004810821442327917,0.0
49,mild,Sentinel,quality-first,0.9,0.9970420363020074,0.9961860282347628,0.0,0.000856008067244618,2.1
49,mild,Sentinel,icmp-only,0.9,0.9902971977268692,0.9855894791514613,0.0,0.00470771857540786,0.7
49,mild,Sentinel,quality-first,0.7,0.996656812793774,0.9959138081554769,0.0,0.0007430046382971289,2.75
49,mild,Sentinel,icmp-only,0.7,0.9902436928499222,0.9855592554811862,0.0,0.0046844373687360275,1.0
49,boundary,STRADDLE,none,,0.8976405370284372,0.8391299250073073,0.0,0.05813561202112984,0.0
49,boundary,STRADDLE,quality-first,1.0,0.9521135841930995,0.976185556615804,0.0,-0.024071972422704424,1.0
49,boundary,STRADDLE,icmp-only,1.0,0.8976405370284372,0.8391299250073073,0.0,0.05813561202112984,0.0
49,boundary,STRADDLE,quality-first,0.9,0.9491617445811156,0.9728657249406389,0.0,-0.02382898035952337,1.95
49,boundary,STRADDLE,icmp-only,0.9,0.8981100948296618,0.8414938223967194,0.0,0.056116272432942316,0.65
49,boundary,STRADDLE,quality-first,0.7,0.9469196510517484,0.9684558016057103,0.0,-0.021661150553961964,2.75
49,boundary,STRADDLE,icmp-only,0.7,0.898792061677148,0.8448733794470431,0.0,0.053418682230104875,1.1
49,boundary,Sentinel,none,,0.9087364958181513,0.9195385066732141,0.0,-0.012177010855062826,0.0
49,boundary,Sentinel,quality-first,1.0,0.949813298468454,0.9820665828922319,0.0,-0.03237828442377795,1.0
49,boundary,Sentinel,icmp-only,1.0,0.9087364958181513,0.9195385066732141,0.0,-0.012177010855062826,0.0
49,boundary,Sentinel,quality-first,0.9,0.9473266423410454,0.979768527011697,0.0,-0.03269188467065168,1.95
49,boundary,Sentinel,icmp-only,0.9,0.908581686573939,0.9193299212487613,0.0,-0.012123234674822332,0.65
49,boundary,Sentinel,quality-first,0.7,0.9454729063076687,0.9766323006904052,0.0,-0.031409394382736516,2.75
49,boundary,Sentinel,icmp-only,0.7,0.9084616293955389,0.9190961260544974,0.0,-0.012009496658958547,1.1
49,icmp_chaos,STRADDLE,none,,0.7005777252032515,0.7904191463784452,24.75,-0.28921642117519375,0.0
49,icmp_chaos,STRADDLE,quality-first,1.0,0.7046751566371198,0.8163228249190453,24.5,-0.30864766828192547,2.3
49,icmp_chaos,STRADDLE,icmp-only,1.0,0.7021041072393552,0.8062091886004643,25.0,-0.3016050813611091,1.9
49,icmp_chaos,STRADDLE,quality-first,0.9,0.7045129141643826,0.8162327922861821,24.75,-0.3089698781217995,2.5
49,icmp_chaos,STRADDLE,icmp-only,0.9,0.7019450474947839,0.8056694881411517,25.0,-0.3012244406463678,2.0
49,icmp_chaos,STRADDLE,quality-first,0.7,0.7042914597171612,0.8152201390892433,24.5,-0.30867867937208204,3.3
49,icmp_chaos,STRADDLE,icmp-only,0.7,0.7017145598574337,0.803700608850189,25.0,-0.3003610489927553,2.55
49,icmp_chaos,Sentinel,none,,0.6985673214296644,0.8527628488633556,28.25,-0.35682052743369125,0.0
49,icmp_chaos,Sentinel,quality-first,1.0,0.701374141754387,0.8577294803396688,26.25,-0.3571053385852818,2.3
49,icmp_chaos,Sentinel,icmp-only,1.0,0.6983272973872182,0.8518807246807738,28.25,-0.3563034272935556,1.9
49,icmp_chaos,Sentinel,quality-first,0.9,0.7011869255727962,0.8584187245895798,27.75,-0.3594817990167836,2.5
49,icmp_chaos,Sentinel,icmp-only,0.9,0.6983014262906329,0.8518090974364968,28.25,-0.35625767114586393,2.0
49,icmp_chaos,Sentinel,quality-first,0.7,0.7011887069005877,0.8590432283130853,27.5,-0.3597295214124977,3.3
49,icmp_chaos,Sentinel,icmp-only,0.7,0.6983007168342005,0.8518092349643833,28.25,-0.35625851813018283,2.55
49,strong,STRADDLE,none,,0.5159887840050571,0.8129985303179147,48.0,-0.5950097463128576,0.0
49,strong,STRADDLE,quality-first,1.0,0.5159887840050571,0.8129985303179147,48.0,-0.5950097463128576,0.0
49,strong,STRADDLE,icmp-only,1.0,0.5159887840050571,0.8129985303179147,48.0,-0.5950097463128576,0.0
49,strong,STRADDLE,quality-first,0.9,0.515637339666621,0.8148885749018289,53.0,-0.6022512352352078,0.6
49,strong,STRADDLE,icmp-only,0.9,0.515637339666621,0.8148885749018289,53.0,-0.6022512352352078,0.6
49,strong,STRADDLE,quality-first,0.7,0.5149226951071393,0.8192021838592322,63.5,-0.6177794887520929,1.2
49,strong,STRADDLE,icmp-only,0.7,0.5149226951071393,0.8192021838592322,63.5,-0.6177794887520929,1.2
49,strong,Sentinel,none,,0.5086567840706538,0.8679922780791044,185.25,-0.7945854940084506,0.0
49,strong,Sentinel,quality-first,1.0,0.5086567840706538,0.8679922780791044,185.25,-0.7945854940084506,0.0
49,strong,Sentinel,icmp-only,1.0,0.5086567840706538,0.8679922780791044,185.25,-0.7945854940084506,0.0
49,strong,Sentinel,quality-first,0.9,0.5085912708385795,0.8677828157961462,185.75,-0.7949415449575667,0.6
49,strong,Sentinel,icmp-only,0.9,0.5085912708385795,0.8677828157961462,185.75,-0.7949415449575667,0.6
49,strong,Sentinel,quality-first,0.7,0.5085078750698916,0.8676150352042642,186.00000000000003,-0.7951071601343727,1.2
49,strong,Sentinel,icmp-only,0.7,0.5085078750698916,0.8676150352042642,186.00000000000003,-0.7951071601343727,1.2
49,chaos,STRADDLE,none,,0.8409740777347449,0.848339665102035,14.499999999999998,-0.10724058736729009,0.0
49,chaos,STRADDLE,quality-first,1.0,0.8592924097982624,0.9099922146956085,12.25,-0.14657480489734614,1.95
49,chaos,STRADDLE,icmp-only,1.0,0.8409740777347449,0.848339665102035,14.499999999999998,-0.10724058736729009,0.0
49,chaos,STRADDLE,quality-first,0.9,0.8582971603203834,0.9103642766511134,12.25,-0.14794211633073,2.55
49,chaos,STRADDLE,icmp-only,0.9,0.8410577421919413,0.8488577386685208,14.499999999999998,-0.10767499647657947,0.3
49,chaos,STRADDLE,quality-first,0.7,0.8578550950651995,0.9091877719285145,12.25,-0.14720767686331498,3.25
49,chaos,STRADDLE,icmp-only,0.7,0.8410978577547463,0.8501801712860114,14.499999999999998,-0.10895731353126509,0.9
49,chaos,Sentinel,none,,0.8475587310468508,0.9129040799373558,16.5,-0.16684534889050504,0.0
49,chaos,Sentinel,quality-first,1.0,0.857404026853134,0.9384386725584303,13.500000000000002,-0.1781596457052963,1.95
49,chaos,Sentinel,icmp-only,1.0,0.8475587310468508,0.9129040799373558,16.5,-0.16684534889050504,0.0
49,chaos,Sentinel,quality-first,0.9,0.8570513330546546,0.9384310710690684,12.5,-0.1775047380144138,2.55
49,chaos,Sentinel,icmp-only,0.9,0.8475085020213329,0.9127777356327176,16.5,-0.1667692336113847,0.3
49,chaos,Sentinel,quality-first,0.7,0.8566449575007531,0.9370107046331138,12.5,-0.17649074713236068,3.25
49,chaos,Sentinel,icmp-only,0.7,0.8473436547880376,0.9125051823882389,16.5,-0.16666152760020123,0.9
49,pulse,STRADDLE,none,,0.7622578904380976,0.8340743550401715,14.750000000000002,-0.2115664646020739,0.0
49,pulse,STRADDLE,quality-first,1.0,0.7622578904380976,0.8340743550401715,14.750000000000002,-0.2115664646020739,0.0
49,pulse,STRADDLE,icmp-only,1.0,0.7622578904380976,0.8340743550401715,14.750000000000002,-0.2115664646020739,0.0
49,pulse,STRADDLE,quality-first,0.9,0.7623486398981857,0.8377178552662456,18.000000000000004,-0.21836921536805998,1.2
49,pulse,STRADDLE,icmp-only,0.9,0.7618267182580538,0.8344304767166248,18.75,-0.21635375845857102,0.6
49,pulse,STRADDLE,quality-first,0.7,0.7628616507262668,0.8515269563863747,18.75,-0.23241530566010787,2.85
49,pulse,STRADDLE,icmp-only,0.7,0.7615658212459998,0.8355587722142307,20.0,-0.2189929509682309,1.3
49,pulse,Sentinel,none,,0.7585420992871521,0.884595409463337,61.50000000000001,-0.31255331017618493,0.0
49,pulse,Sentinel,quality-first,1.0,0.7585420992871521,0.884595409463337,61.50000000000001,-0.31255331017618493,0.0
49,pulse,Sentinel,icmp-only,1.0,0.7585420992871521,0.884595409463337,61.50000000000001,-0.31255331017618493,0.0
49,pulse,Sentinel,quality-first,0.9,0.7590289752879918,0.8854580824233146,59.25,-0.31067910713532276,1.2
49,pulse,Sentinel,icmp-only,0.9,0.7583558890833464,0.8838115054923396,63.0,-0.31345561640899317,0.6
49,pulse,Sentinel,quality-first,0.7,0.7597489154836876,0.8926087154569778,56.5,-0.3143597999732902,2.85
49,pulse,Sentinel,icmp-only,0.7,0.7581736709157778,0.8826209811953648,63.5,-0.312947310279587,1.3
49,polymorph,STRADDLE,none,,0.662130223384812,0.8848936394598391,13.000000000000002,-0.42488841607502714,0.0
49,polymorph,STRADDLE,quality-first,1.0,0.6718493407919537,0.904147926068952,10.75,-0.4270485852769983,3.0
49,polymorph,STRADDLE,icmp-only,1.0,0.662130223384812,0.8848936394598391,13.000000000000002,-0.42488841607502714,0.0
49,polymorph,STRADDLE,quality-first,0.9,0.6713949386909407,0.903556234103025,10.5,-0.42678629541208435,3.45
49,polymorph,STRADDLE,icmp-only,0.9,0.6620935339958888,0.8850658365659294,12.75,-0.42497230257004065,0.45
49,polymorph,STRADDLE,quality-first,0.7,0.6706298389316895,0.9029502537077796,10.5,-0.42719541477609013,3.85
49,polymorph,STRADDLE,icmp-only,0.7,0.6617966679627972,0.8855330185930017,12.75,-0.42586135063020447,1.1
49,polymorph,Sentinel,none,,0.6619057002603406,0.9062220618319523,15.0,-0.44969136157161177,0.0
49,polymorph,Sentinel,quality-first,1.0,0.6710656671028963,0.9207490846964674,12.75,-0.44780841759357115,3.0
49,polymorph,Sentinel,icmp-only,1.0,0.6619057002603406,0.9062220618319523,15.0,-0.44969136157161177,0.0
49,polymorph,Sentinel,quality-first,0.9,0.6705793412755443,0.9200629555766756,13.500000000000002,-0.44835861430113133,3.45
49,polymorph,Sentinel,icmp-only,0.9,0.661831299164986,0.906100482310442,15.0,-0.4496441831454561,0.45
49,polymorph,Sentinel,quality-first,0.7,0.6700159000464804,0.9190369577794885,13.500000000000002,-0.4482710577330081,3.85
49,polymorph,Sentinel,icmp-only,0.7,0.6617099402441532,0.9059306751740189,15.0,-0.44972073492986575,1.1
50,icmp,STRADDLE,none,,0.5288332668299991,0.7618661242167263,0.5,-0.4835328573867272,0.0
50,icmp,STRADDLE,quality-first,1.0,0.5288332668299991,0.7618661242167263,0.5,-0.4835328573867272,1.0
50,icmp,STRADDLE,icmp-only,1.0,0.5288332668299991,0.7618661242167263,0.5,-0.4835328573867272,1.0
50,icmp,STRADDLE,quality-first,0.9,0.5288332668299991,0.7618661242167263,0.5,-0.4835328573867272,2.15
50,icmp,STRADDLE,icmp-only,0.9,0.5288332668299991,0.7618661242167263,0.5,-0.4835328573867272,2.15
50,icmp,STRADDLE,quality-first,0.7,0.5288332668299991,0.7618661242167263,0.5,-0.4835328573867272,4.3
50,icmp,STRADDLE,icmp-only,0.7,0.5288332668299991,0.7618661242167263,0.5,-0.4835328573867272,4.3
50,icmp,Sentinel,none,,0.5286080518768252,0.7598459500351411,0.5,-0.48173789815831586,0.0
50,icmp,Sentinel,quality-first,1.0,0.5288667287760577,0.7621434987305593,0.5,-0.48377676995450164,1.0
50,icmp,Sentinel,icmp-only,1.0,0.5288667287760577,0.7621434987305593,0.5,-0.48377676995450164,1.0
50,icmp,Sentinel,quality-first,0.9,0.528849889260405,0.7619499908809925,0.5,-0.4836001016205875,2.15
50,icmp,Sentinel,icmp-only,0.9,0.528849889260405,0.7619499908809925,0.5,-0.4836001016205875,2.15
50,icmp,Sentinel,quality-first,0.7,0.528795945957508,0.7615306379780415,0.5,-0.48323469202053354,4.3
50,icmp,Sentinel,icmp-only,0.7,0.528795945957508,0.7615306379780415,0.5,-0.48323469202053354,4.3
50,mild,STRADDLE,none,,0.9899373937920616,0.9555643677643204,0.0,0.03437302602774117,0.0
50,mild,STRADDLE,quality-first,1.0,0.9983099522617254,0.990683890229253,0.0,0.007626062032472403,1.0
50,mild,STRADDLE,icmp-only,1.0,0.9899373937920616,0.9555643677643204,0.0,0.03437302602774117,0.0
50,mild,STRADDLE,quality-first,0.9,0.9977998717924081,0.9889518968249679,0.0,0.008847974967440275,1.9
50,mild,STRADDLE,icmp-only,0.9,0.9899868284139107,0.9562065406963031,0.0,0.03378028771760766,0.7
50,mild,STRADDLE,quality-first,0.7,0.9975604624247769,0.9883744005657655,0.0,0.009186061859011385,2.95
50,mild,STRADDLE,icmp-only,0.7,0.9900657434016173,0.9570096956998346,0.0,0.03305604770178272,1.5
50,mild,Sentinel,none,,0.9904478125064421,0.9807722418157949,0.0,0.009675570690647173,0.0
50,mild,Sentinel,quality-first,1.0,0.997090886072801,0.9924676498072849,0.0,0.004623236265516195,1.0
50,mild,Sentinel,icmp-only,1.0,0.9904478125064421,0.9807722418157949,0.0,0.009675570690647173,0.0
50,mild,Sentinel,quality-first,0.9,0.9966825944110305,0.991506939023305,0.0,0.005175655387725464,1.9
50,mild,Sentinel,icmp-only,0.9,0.9903575918719916,0.9806589237584366,0.0,0.00969866811355502,0.7
50,mild,Sentinel,quality-first,0.7,0.9963867494349111,0.9909695021948313,0.0,0.005417247240079859,2.95
50,mild,Sentinel,icmp-only,0.7,0.9902635454799641,0.9805817767066427,0.0,0.009681768773321386,1.5
50,boundary,STRADDLE,none,,0.9152199686254343,0.8726652103830445,0.0,0.041804758242389856,0.0
50,boundary,STRADDLE,quality-first,1.0,0.9469952499276181,0.976625624464704,0.0,-0.029630374537085946,1.0
50,boundary,STRADDLE,icmp-only,1.0,0.9152199686254343,0.8726652103830445,0.0,0.041804758242389856,0.0
50,boundary,STRADDLE,quality-first,0.9,0.946282307119737,0.9749955227198395,0.0,-0.028713215600102426,1.4
50,boundary,STRADDLE,icmp-only,0.9,0.9151301823356683,0.8727523702605895,0.0,0.041752812075078846,0.2
50,boundary,STRADDLE,quality-first,0.7,0.9435236322332986,0.969854176579417,0.0,-0.026830544346118368,2.45
50,boundary,STRADDLE,icmp-only,0.7,0.9145859803171592,0.8741378899510843,0.0,0.039448090366074884,0.8
50,boundary,Sentinel,none,,0.8991345204127882,0.9086922332425427,0.0,-0.013057712829754483,0.0
50,boundary,Sentinel,quality-first,1.0,0.9422326498423085,0.9794736548692764,0.0,-0.03749100502696792,1.0
50,boundary,Sentinel,icmp-only,1.0,0.8991345204127882,0.9086922332425427,0.0,-0.013057712829754483,0.0
50,boundary,Sentinel,quality-first,0.9,0.9412256896747383,0.9783484074700782,0.0,-0.03737271779533993,1.4
50,boundary,Sentinel,icmp-only,0.9,0.8991334795698669,0.9086901317904653,0.0,-0.013056652220598427,0.2
50,boundary,Sentinel,quality-first,0.7,0.9381453174830819,0.9743634968393794,0.0,-0.037093179356297454,2.45
50,boundary,Sentinel,icmp-only,0.7,0.8991136733570826,0.9086775482119321,0.0,-0.013063874854849552,0.8
50,icmp_chaos,STRADDLE,none,,0.7034733665954198,0.8279522353759863,17.5,-0.3111038687805665,0.0
50,icmp_chaos,STRADDLE,quality-first,1.0,0.7026846169358468,0.8324084672066239,17.5,-0.31697385027077707,2.65
50,icmp_chaos,STRADDLE,icmp-only,1.0,0.7020706209975748,0.8288529159184128,17.5,-0.31415729492083805,2.35
50,icmp_chaos,STRADDLE,quality-first,0.9,0.7031855647212615,0.8334531646210177,17.75,-0.3178925998997562,2.55
50,icmp_chaos,STRADDLE,icmp-only,0.9,0.7022947253957484,0.8284888378295543,17.75,-0.3139441124338058,2.15
50,icmp_chaos,STRADDLE,quality-first,0.7,0.7035053705175239,0.8385665347514596,19.75,-0.3244361642339356,3.75
50,icmp_chaos,STRADDLE,icmp-only,0.7,0.7020060663437229,0.831878215683005,20.0,-0.3196221493392821,3.05
50,icmp_chaos,Sentinel,none,,0.6922168894384665,0.8443087055368099,21.75,-0.3463418160983434,0.0
50,icmp_chaos,Sentinel,quality-first,1.0,0.6940253053748731,0.849467951361002,21.75,-0.3495676459861289,2.65
50,icmp_chaos,Sentinel,icmp-only,1.0,0.6922261197346864,0.8445925027553853,21.75,-0.3466163830206989,2.35
50,icmp_chaos,Sentinel,quality-first,0.9,0.6945375631561075,0.8503686393362642,21.75,-0.34995607618015667,2.55
50,icmp_chaos,Sentinel,icmp-only,0.9,0.692255040377418,0.8445477830984769,21.75,-0.34654274272105884,2.15
50,icmp_chaos,Sentinel,quality-first,0.7,0.6951938298659774,0.85156243766772,21.5,-0.3502436078017426,3.75
50,icmp_chaos,Sentinel,icmp-only,0.7,0.6922058219954833,0.844301335589391,21.75,-0.3463455135939077,3.05
50,strong,STRADDLE,none,,0.5265415251184373,0.8371318847085529,22.000000000000004,-0.5825903595901156,0.0
50,strong,STRADDLE,quality-first,1.0,0.5265415251184373,0.8371318847085529,22.000000000000004,-0.5825903595901156,0.0
50,strong,STRADDLE,icmp-only,1.0,0.5265415251184373,0.8371318847085529,22.000000000000004,-0.5825903595901156,0.0
50,strong,STRADDLE,quality-first,0.9,0.5266266020210647,0.8374522545824746,21.75,-0.5825756525614099,0.1
50,strong,STRADDLE,icmp-only,0.9,0.5266266020210647,0.8374522545824746,21.75,-0.5825756525614099,0.1
50,strong,STRADDLE,quality-first,0.7,0.5257154791932241,0.8401412489650857,30.25,-0.5946757697718615,0.4
50,strong,STRADDLE,icmp-only,0.7,0.5257154791932241,0.8401412489650857,30.25,-0.5946757697718615,0.4
50,strong,Sentinel,none,,0.5083746822884092,0.8615279739957536,189.75,-0.7929032917073444,0.0
50,strong,Sentinel,quality-first,1.0,0.5083746822884092,0.8615279739957536,189.75,-0.7929032917073444,0.0
50,strong,Sentinel,icmp-only,1.0,0.5083746822884092,0.8615279739957536,189.75,-0.7929032917073444,0.0
50,strong,Sentinel,quality-first,0.9,0.5083710877007718,0.8615035995281289,189.75,-0.7928825118273571,0.1
50,strong,Sentinel,icmp-only,0.9,0.5083710877007718,0.8615035995281289,189.75,-0.7928825118273571,0.1
50,strong,Sentinel,quality-first,0.7,0.508336372036855,0.861491822854701,189.75,-0.792905450817846,0.4
50,strong,Sentinel,icmp-only,0.7,0.508336372036855,0.861491822854701,189.75,-0.792905450817846,0.4
50,chaos,STRADDLE,none,,0.856080617247051,0.9031019268718092,9.000000000000002,-0.12727130962475824,0.0
50,chaos,STRADDLE,quality-first,1.0,0.8656676007506106,0.9390577611062536,8.0,-0.15164016035564307,1.95
50,chaos,STRADDLE,icmp-only,1.0,0.856080617247051,0.9031019268718092,9.000000000000002,-0.12727130962475824,0.0
50,chaos,STRADDLE,quality-first,0.9,0.8656078317291687,0.9388442788349434,8.0,-0.15148644710577472,2.15
50,chaos,STRADDLE,icmp-only,0.9,0.856080617247051,0.9031019268718092,9.000000000000002,-0.12727130962475824,0.0
50,chaos,STRADDLE,quality-first,0.7,0.8652663908065447,0.9397346965542301,10.249999999999998,-0.1549683057476855,3.1
50,chaos,STRADDLE,icmp-only,0.7,0.8557287617541002,0.9038550364724613,11.25,-0.13062627471836116,0.4
50,chaos,Sentinel,none,,0.8436095698290217,0.9250813106858932,27.25,-0.18647174085687146,0.0
50,chaos,Sentinel,quality-first,1.0,0.856708315526479,0.9474430777359707,25.750000000000004,-0.1922347622094917,1.95
50,chaos,Sentinel,icmp-only,1.0,0.8436095698290217,0.9250813106858932,27.25,-0.18647174085687146,0.0
50,chaos,Sentinel,quality-first,0.9,0.8566351820450584,0.9472261781615037,25.750000000000004,-0.19209099611644526,2.15
50,chaos,Sentinel,icmp-only,0.9,0.8436095698290217,0.9250813106858932,27.25,-0.18647174085687146,0.0
50,chaos,Sentinel,quality-first,0.7,0.8565649554938781,0.9471684499213543,25.750000000000004,-0.19197849442747617,3.1
50,chaos,Sentinel,icmp-only,0.7,0.8435354013264638,0.9249363244774337,27.25,-0.1864009231509699,0.4
50,pulse,STRADDLE,none,,0.7632522272322372,0.8352557228418549,20.75,-0.2177534956096177,0.0
50,pulse,STRADDLE,quality-first,1.0,0.7632522272322372,0.8352557228418549,20.75,-0.2177534956096177,0.0
50,pulse,STRADDLE,icmp-only,1.0,0.7632522272322372,0.8352557228418549,20.75,-0.2177534956096177,0.0
50,pulse,STRADDLE,quality-first,0.9,0.7633986393370995,0.838176991731796,21.0,-0.22077835239469656,1.0
50,pulse,STRADDLE,icmp-only,0.9,0.762965171414778,0.8339052217184084,22.250000000000004,-0.21819005030363037,0.4
50,pulse,STRADDLE,quality-first,0.7,0.7631072869847386,0.8456808007577801,25.750000000000004,-0.23332351377304145,2.5
50,pulse,STRADDLE,icmp-only,0.7,0.7623130680831994,0.8361461231091416,27.000000000000004,-0.22583305502594217,1.4
50,pulse,Sentinel,none,,0.7583130033141142,0.8819280510262354,67.0,-0.3156150477121212,0.0
50,pulse,Sentinel,quality-first,1.0,0.7583130033141142,0.8819280510262354,67.0,-0.3156150477121212,0.0
50,pulse,Sentinel,icmp-only,1.0,0.7583130033141142,0.8819280510262354,67.0,-0.3156150477121212,0.0
50,pulse,Sentinel,quality-first,0.9,0.7587134988823245,0.8837860818274649,64.75,-0.3148225829451403,1.0
50,pulse,Sentinel,icmp-only,0.9,0.758220042583794,0.8814983528116285,67.5,-0.3157783102278344,0.4
50,pulse,Sentinel,quality-first,0.7,0.7590336016949757,0.8871461632823469,64.0,-0.31711256158737117,2.5
50,pulse,Sentinel,icmp-only,0.7,0.7579359480479269,0.8801899131066578,68.75,-0.31600396505873096,1.4
50,polymorph,STRADDLE,none,,0.6717205781344316,0.8974920049933024,8.25,-0.41364642685887076,0.0
50,polymorph,STRADDLE,quality-first,1.0,0.6803862841534949,0.9150880554787122,5.25,-0.4138267713252173,3.5
50,polymorph,STRADDLE,icmp-only,1.0,0.6717205781344316,0.8974920049933024,8.25,-0.41364642685887076,0.0
50,polymorph,STRADDLE,quality-first,0.9,0.6799737280086636,0.9147634542063126,5.25,-0.4139147261976489,3.85
50,polymorph,STRADDLE,icmp-only,0.9,0.6714918457655784,0.8977764675101518,8.25,-0.41415962174457344,0.4
50,polymorph,STRADDLE,quality-first,0.7,0.679394648618689,0.9141487561140771,5.500000000000001,-0.41475410749538805,4.05
50,polymorph,STRADDLE,icmp-only,0.7,0.6710182842700496,0.8974025743396201,8.5,-0.4151342900695705,0.8
50,polymorph,Sentinel,none,,0.6587875653751886,0.9043674618930447,15.75,-0.44832989651785615,0.0
50,polymorph,Sentinel,quality-first,1.0,0.6693186114314232,0.9194404016685777,12.75,-0.4434967902371544,3.5
50,polymorph,Sentinel,icmp-only,1.0,0.6587875653751886,0.9043674618930447,15.75,-0.44832989651785615,0.0
50,polymorph,Sentinel,quality-first,0.9,0.6691133334291358,0.9188002907307116,12.75,-0.4430619573015757,3.85
50,polymorph,Sentinel,icmp-only,0.9,0.6587637267703192,0.9043316351255202,15.75,-0.4483179083552009,0.4
50,polymorph,Sentinel,quality-first,0.7,0.6688612413218492,0.9183009606624626,12.75,-0.44281471934061334,4.05
50,polymorph,Sentinel,icmp-only,0.7,0.6587402301932057,0.9042859653913187,15.75,-0.44829573519811294,0.8
51,icmp,STRADDLE,none,,0.5279302138943842,0.7660401610192775,0.0,-0.4881099471248933,0.0
51,icmp,STRADDLE,quality-first,1.0,0.5279302653140722,0.7660412595594475,0.0,-0.4881109942453753,1.0
51,icmp,STRADDLE,icmp-only,1.0,0.5279302653140722,0.7660412595594475,0.0,-0.4881109942453753,1.0
51,icmp,STRADDLE,quality-first,0.9,0.5279302653140722,0.7660412595594475,0.0,-0.4881109942453753,2.05
51,icmp,STRADDLE,icmp-only,0.9,0.5279302653140722,0.7660412595594475,0.0,-0.4881109942453753,2.05
51,icmp,STRADDLE,quality-first,0.7,0.5279302653140722,0.7660412595594475,0.0,-0.4881109942453753,4.1
51,icmp,STRADDLE,icmp-only,0.7,0.5279302653140722,0.7660412595594475,0.0,-0.4881109942453753,4.1
51,icmp,Sentinel,none,,0.5278311835222036,0.7664684691070957,0.0,-0.48863728558489206,0.0
51,icmp,Sentinel,quality-first,1.0,0.5278311835222036,0.7664684691070957,0.0,-0.48863728558489206,1.0
51,icmp,Sentinel,icmp-only,1.0,0.5278311835222036,0.7664684691070957,0.0,-0.48863728558489206,1.0
51,icmp,Sentinel,quality-first,0.9,0.5278311835222036,0.7664684691070957,0.0,-0.48863728558489206,2.05
51,icmp,Sentinel,icmp-only,0.9,0.5278311835222036,0.7664684691070957,0.0,-0.48863728558489206,2.05
51,icmp,Sentinel,quality-first,0.7,0.5278311835222036,0.7664684691070957,0.0,-0.48863728558489206,4.1
51,icmp,Sentinel,icmp-only,0.7,0.5278311835222036,0.7664684691070957,0.0,-0.48863728558489206,4.1
51,mild,STRADDLE,none,,0.9783325544076397,0.9444654970429731,0.0,0.03386705736466655,0.0
51,mild,STRADDLE,quality-first,1.0,0.9962546290877463,0.990623632291132,0.0,0.005630996796614274,1.0
51,mild,STRADDLE,icmp-only,1.0,0.9783325544076397,0.9444654970429731,0.0,0.03386705736466655,0.0
51,mild,STRADDLE,quality-first,0.9,0.9958900589114633,0.9891387276571416,0.0,0.006751331254321702,1.3
51,mild,STRADDLE,icmp-only,0.9,0.9783325544076397,0.9444654970429731,0.0,0.03386705736466655,0.0
51,mild,STRADDLE,quality-first,0.7,0.9950412612291472,0.9874149222652953,0.0,0.0076263389638518975,2.45
51,mild,STRADDLE,icmp-only,0.7,0.9785550100964119,0.9454742246053675,0.0,0.03308078549104443,0.3
51,mild,Sentinel,none,,0.9936415202309157,0.9881849492254393,0.0,0.005456571005476363,0.0
51,mild,Sentinel,quality-first,1.0,0.9981256388645257,0.9966572244142776,0.0,0.0014684144502480345,1.0
51,mild,Sentinel,icmp-only,1.0,0.9936415202309157,0.9881849492254393,0.0,0.005456571005476363,0.0
51,mild,Sentinel,quality-first,0.9,0.9980439637186612,0.9963863399466343,0.0,0.0016576237720269393,1.3
51,mild,Sentinel,icmp-only,0.9,0.9936415202309157,0.9881849492254393,0.0,0.005456571005476363,0.0
51,mild,Sentinel,quality-first,0.7,0.9976505182008115,0.9956524384647525,0.0,0.001998079736059033,2.45
51,mild,Sentinel,icmp-only,0.7,0.9935383553049371,0.988028954160658,0.0,0.0055094011442791135,0.3
51,boundary,STRADDLE,none,,0.9022689282377188,0.8286348552135481,0.0,0.07313407302417069,0.0
51,boundary,STRADDLE,quality-first,1.0,0.951511174430749,0.9735030113855704,0.0,-0.02211683695482143,1.0
51,boundary,STRADDLE,icmp-only,1.0,0.9022689282377188,0.8286348552135481,0.0,0.07313407302417069,0.0
51,boundary,STRADDLE,quality-first,0.9,0.9495746924484096,0.9682225197879312,0.0,-0.018772827339521528,1.6
51,boundary,STRADDLE,icmp-only,0.9,0.9023719998340592,0.8289800767086286,0.0,0.07289192312543064,0.25
51,boundary,STRADDLE,quality-first,0.7,0.9468991057945811,0.9603493501423166,0.0,-0.013575244347735452,2.6
51,boundary,STRADDLE,icmp-only,0.7,0.902688283944778,0.8314261445478343,0.0,0.0707621393969437,0.7
51,boundary,Sentinel,none,,0.9265069794808697,0.9158572144230103,0.0,0.010649765057859417,0.0
51,boundary,Sentinel,quality-first,1.0,0.9517537334367708,0.9778366692791725,0.0,-0.026082935842401622,1.0
51,boundary,Sentinel,icmp-only,1.0,0.9265069794808697,0.9158572144230103,0.0,0.010649765057859417,0.0
51,boundary,Sentinel,quality-first,0.9,0.9505360048097823,0.9743098008559944,0.0,-0.023773796046212103,1.6
51,boundary,Sentinel,icmp-only,0.9,0.9264132094408539,0.9151455827525297,0.0,0.011267626688324262,0.25
51,boundary,Sentinel,quality-first,0.7,0.9483995622800048,0.9692258027642149,0.0,-0.020826240484210112,2.6
51,boundary,Sentinel,icmp-only,0.7,0.9259885499714503,0.9147406345563514,0.0,0.011247915415098952,0.7
51,icmp_chaos,STRADDLE,none,,0.6671441385821649,0.8037220301403961,20.499999999999996,-0.3470778915582312,0.0
51,icmp_chaos,STRADDLE,quality-first,1.0,0.6678571628957269,0.8116983173315708,20.25,-0.3544661544358439,2.85
51,icmp_chaos,STRADDLE,icmp-only,1.0,0.6662520877884448,0.8028398926677504,20.499999999999996,-0.3474628048793056,2.55
51,icmp_chaos,STRADDLE,quality-first,0.9,0.667812627327302,0.8137551436847955,20.25,-0.3564425163574935,3.1
51,icmp_chaos,STRADDLE,icmp-only,0.9,0.6660539980905683,0.8041749871083402,20.499999999999996,-0.34899598901777196,2.8
51,icmp_chaos,STRADDLE,quality-first,0.7,0.6680618554438255,0.8138150534418805,20.25,-0.35625319799805505,3.85
51,icmp_chaos,STRADDLE,icmp-only,0.7,0.6663376767284825,0.8041023229221681,20.499999999999996,-0.3486396461936856,3.4
51,icmp_chaos,Sentinel,none,,0.6667870397291493,0.830332933313729,20.75,-0.3765458935845797,0.0
51,icmp_chaos,Sentinel,quality-first,1.0,0.6679260415472235,0.833512878304154,20.75,-0.3784618367569305,2.85
51,icmp_chaos,Sentinel,icmp-only,1.0,0.666096328336317,0.8267550064200797,20.75,-0.37353367808376264,2.55
51,icmp_chaos,Sentinel,quality-first,0.9,0.667682720688894,0.8353942925205718,20.75,-0.3807115718316778,3.1
51,icmp_chaos,Sentinel,icmp-only,0.9,0.66569904186554,0.8279127880150486,20.75,-0.3753387461495087,2.8
51,icmp_chaos,Sentinel,quality-first,0.7,0.6678811000614564,0.8349438240053264,20.75,-0.38006272394387,3.85
51,icmp_chaos,Sentinel,icmp-only,0.7,0.665953281213784,0.827502301426464,20.75,-0.3746740202126799,3.4
51,strong,STRADDLE,none,,0.5221272055559448,0.8064452656478853,14.499999999999998,-0.5488180600919406,0.0
51,strong,STRADDLE,quality-first,1.0,0.5221272055559448,0.8064452656478853,14.499999999999998,-0.5488180600919406,0.0
51,strong,STRADDLE,icmp-only,1.0,0.5221272055559448,0.8064452656478853,14.499999999999998,-0.5488180600919406,0.0
51,strong,STRADDLE,quality-first,0.9,0.5216318079959557,0.8082057007136101,21.0,-0.5575738927176545,0.25
51,strong,STRADDLE,icmp-only,0.9,0.5216318079959557,0.8082057007136101,21.0,-0.5575738927176545,0.25
51,strong,STRADDLE,quality-first,0.7,0.5215012204790013,0.8090207419118893,22.250000000000004,-0.559769521432888,0.65
51,strong,STRADDLE,icmp-only,0.7,0.5215012204790013,0.8090207419118893,22.250000000000004,-0.559769521432888,0.65
51,strong,Sentinel,none,,0.5255115366863979,0.8591162605991152,9.5,-0.5931047239127172,0.0
51,strong,Sentinel,quality-first,1.0,0.5255115366863979,0.8591162605991152,9.5,-0.5931047239127172,0.0
51,strong,Sentinel,icmp-only,1.0,0.5255115366863979,0.8591162605991152,9.5,-0.5931047239127172,0.0
51,strong,Sentinel,quality-first,0.9,0.5249559791874531,0.8605312072844565,15.75,-0.6013252280970034,0.25
51,strong,Sentinel,icmp-only,0.9,0.5249559791874531,0.8605312072844565,15.75,-0.6013252280970034,0.25
51,strong,Sentinel,quality-first,0.7,0.5247720927859273,0.8596871463812328,17.25,-0.6021650535953055,0.65
51,strong,Sentinel,icmp-only,0.7,0.5247720927859273,0.8596871463812328,17.25,-0.6021650535953055,0.65
51,chaos,STRADDLE,none,,0.8436418751534367,0.8451596879357155,9.000000000000002,-0.08764281278227881,0.0
51,chaos,STRADDLE,quality-first,1.0,0.8599636374071824,0.9176925964242629,8.5,-0.14285395901708053,2.25
51,chaos,STRADDLE,icmp-only,1.0,0.8436418751534367,0.8451596879357155,9.000000000000002,-0.08764281278227881,0.0
51,chaos,STRADDLE,quality-first,0.9,0.859725425594996,0.9179225920647024,8.25,-0.14419716646970643,2.55
51,chaos,STRADDLE,icmp-only,0.9,0.8434037804696679,0.8453898899826825,8.75,-0.08898610951301458,0.3
51,chaos,STRADDLE,quality-first,0.7,0.8588396065640953,0.9148286379576648,8.5,-0.14223903139356947,3.7
51,chaos,STRADDLE,icmp-only,0.7,0.8433565390680096,0.8463956436021156,9.000000000000002,-0.09028910453410605,1.15
51,chaos,Sentinel,none,,0.8534038248698538,0.9167377270617887,8.5,-0.15033390219193493,0.0
51,chaos,Sentinel,quality-first,1.0,0.8611492174907889,0.9433529244260722,8.25,-0.16870370693528336,2.25
51,chaos,Sentinel,icmp-only,1.0,0.8534038248698538,0.9167377270617887,8.5,-0.15033390219193493,0.0
51,chaos,Sentinel,quality-first,0.9,0.8608475048316783,0.9429570342102682,8.25,-0.16973452937858996,2.55
51,chaos,Sentinel,icmp-only,0.9,0.853102053348504,0.916341715481795,8.5,-0.15136466213329103,0.3
51,chaos,Sentinel,quality-first,0.7,0.8599698525262776,0.9400291515156536,9.000000000000002,-0.16843429898937604,3.7
51,chaos,Sentinel,icmp-only,0.7,0.8526359240505027,0.9149518676479245,9.000000000000002,-0.15094094359742177,1.15
51,pulse,STRADDLE,none,,0.76263664930438,0.8612083423671567,6.999999999999999,-0.2305716930627767,0.0
51,pulse,STRADDLE,quality-first,1.0,0.76263664930438,0.8612083423671567,6.999999999999999,-0.2305716930627767,0.0
51,pulse,STRADDLE,icmp-only,1.0,0.76263664930438,0.8612083423671567,6.999999999999999,-0.2305716930627767,0.0
51,pulse,STRADDLE,quality-first,0.9,0.7631160146072742,0.8656879983355301,6.750000000000001,-0.23432198372825594,0.85
51,pulse,STRADDLE,icmp-only,0.9,0.7626226922407491,0.8611521155666548,6.999999999999999,-0.23052942332590576,0.05
51,pulse,STRADDLE,quality-first,0.7,0.7633850156861998,0.8733633945602859,9.000000000000002,-0.24397837887408613,1.75
51,pulse,STRADDLE,icmp-only,0.7,0.762279868836757,0.8623888119439724,9.75,-0.2348589431072154,0.45
51,pulse,Sentinel,none,,0.7636444207703201,0.8931010226943943,4.0,-0.25845660192407416,0.0
51,pulse,Sentinel,quality-first,1.0,0.7636444207703201,0.8931010226943943,4.0,-0.25845660192407416,0.0
51,pulse,Sentinel,icmp-only,1.0,0.7636444207703201,0.8931010226943943,4.0,-0.25845660192407416,0.0
51,pulse,Sentinel,quality-first,0.9,0.7640342557563407,0.8961235850021838,4.0,-0.26108932924584316,0.85
51,pulse,Sentinel,icmp-only,0.9,0.7636207481184829,0.8931519606449537,4.25,-0.2587812125264708,0.05
51,pulse,Sentinel,quality-first,0.7,0.7641581633352902,0.9009722014793683,6.500000000000001,-0.2683140381440781,1.75
51,pulse,Sentinel,icmp-only,0.7,0.763228003389748,0.8935245815434844,6.999999999999999,-0.2622965781537363,0.45
51,polymorph,STRADDLE,none,,0.6667076482783013,0.8964272787439567,7.75,-0.42246963046565533,0.0
51,polymorph,STRADDLE,quality-first,1.0,0.6754563212779956,0.9147045681550623,6.500000000000001,-0.4253732468770667,3.25
51,polymorph,STRADDLE,icmp-only,1.0,0.6667076482783013,0.8964272787439567,7.75,-0.42246963046565533,0.0
51,polymorph,STRADDLE,quality-first,0.9,0.6751164110847414,0.9143536340446545,6.500000000000001,-0.42548722295991315,3.5
51,polymorph,STRADDLE,icmp-only,0.9,0.6665755100424477,0.8966504255756073,7.5,-0.4226999155331595,0.3
51,polymorph,STRADDLE,quality-first,0.7,0.6742931680565597,0.91282628359893,6.750000000000001,-0.4252831155423703,3.55
51,polymorph,STRADDLE,icmp-only,0.7,0.6663278058961256,0.896509119686485,7.5,-0.4228063137903593,0.8
51,polymorph,Sentinel,none,,0.6719975929232581,0.9236992189367882,0.75,-0.43507662601353003,0.0
51,polymorph,Sentinel,quality-first,1.0,0.67926379052078,0.9355782023906419,0.75,-0.43518941186986193,3.25
51,polymorph,Sentinel,icmp-only,1.0,0.6719975929232581,0.9236992189367882,0.75,-0.43507662601353003,0.0
51,polymorph,Sentinel,quality-first,0.9,0.6788409474895167,0.9349666893028905,0.75,-0.43525074181337375,3.5
51,polymorph,Sentinel,icmp-only,0.9,0.6717387631966127,0.9233936188680196,0.75,-0.43527985567140687,0.3
51,polymorph,Sentinel,quality-first,0.7,0.6781183899682641,0.9330876758446432,0.5,-0.4339692858763792,3.55
51,polymorph,Sentinel,icmp-only,0.7,0.6714964359096567,0.9222516441703574,0.5,-0.43413020826070076,0.8
